metric,point,ci_lo,ci_hi,n
off_rating,107.35537190082644,101.53696968750975,112.60595502639534,12
def_rating,113.14049586776859,107.48785386992505,118.48271466429006,12
net_rating,-5.785123966942152,-15.938658322176877,3.729972414969855,12
off_efg,0.4945155393053016,0.4723897941043403,0.5188940092165899,12
def_efg,0.531219512195122,0.48771828348400736,0.5723500166719391,12
off_tov_pct,0.13363817865653377,0.10695657633961664,0.16189702886539178,12
def_tov_pct,0.12845267705197017,0.1140072204670539,0.14084524444283572,12
off_oreb_pct,0.2570921985815603,0.21379279883026686,0.3059155883895786,12
def_oreb_pct,0.21832358674463936,0.17759575840023906,0.26046802350199005,12
off_ft_rate,0.26416819012797077,0.2379981646463247,0.29481789820734317,12
def_ft_rate,0.3375609756097561,0.30078142589118195,0.37590057328015947,12
def_3pa_rate,0.3873170731707317,0.35914376846129026,0.4155567944205376,12
def_3p_pct,0.3350125944584383,0.29442573635057473,0.3773159067085954,12
