year,season_label,metric,rs_value,po_value,dropoff,n_po_games
2023,2023-24,off_rating,114.63927731716372,114.81975967957277,0.1804823624090517,16
2023,2023-24,def_rating,108.09305778987749,110.34712950600802,2.2540717161305253,16
2023,2023-24,net_rating,6.546219527286227,4.472630173564753,-2.0735893537214736,16
2023,2023-24,pace,97.81121951219512,93.375,-4.436219512195123,16
2023,2023-24,off_efg,0.5594350444508174,0.5380844645550528,-0.02135057989576461,16
2023,2023-24,off_tov_pct,0.14181731196391348,0.12851606780375927,-0.013301244160154213,16
2023,2023-24,off_oreb_pct,0.23157894736842105,0.26275115919629055,0.0311722118278695,16
2023,2023-24,off_ft_rate,0.2697160883280757,0.2850678733031674,0.015351784975091709,16
2023,2023-24,def_efg,0.5153921844250773,0.5380989787902593,0.02270679436518197,16
2023,2023-24,def_tov_pct,0.14173948137450829,0.13982926111274654,-0.0019102202617617414,16
2023,2023-24,def_oreb_pct,0.23095890410958905,0.21571648690292758,-0.015242417206661474,16
2023,2023-24,def_ft_rate,0.2521788023615406,0.27258444619010214,0.020405643828561526,16
2023,2023-24,off_3pa_rate,0.3844278749641526,0.3929110105580694,0.00848313559391678,16
2023,2023-24,off_3p_pct,0.3867959716523685,0.35892514395393477,-0.027870827698433742,16
2023,2023-24,def_3pa_rate,0.37180208040483553,0.3684210526315789,-0.0033810277732566063,16
2023,2023-24,def_3p_pct,0.35425330812854444,0.36673773987206826,0.012484431743523816,16
2024,2024-25,off_rating,115.7465728047425,113.61111111111111,-2.1354616936313846,15
2024,2024-25,def_rating,110.68296900086452,110.83333333333333,0.1503643324688113,15
2024,2024-25,net_rating,5.06360380387798,2.7777777777777777,-2.285826026100202,15
2024,2024-25,pace,97.94695121951219,96.13333333333334,-1.8136178861788466,15
2024,2024-25,off_efg,0.5542328042328042,0.5393915756630265,-0.014841228569777654,15
2024,2024-25,off_tov_pct,0.14380708025550615,0.15821506476718822,0.01440798451168207,15
2024,2024-25,off_oreb_pct,0.2580278488206877,0.28852459016393445,0.030496741343246758,15
2024,2024-25,off_ft_rate,0.2490949596212754,0.25585023400936036,0.006755274388084959,15
2024,2024-25,def_efg,0.5322334673506169,0.5271132376395534,-0.0051202297110635175,15
2024,2024-25,def_tov_pct,0.14608610472615824,0.1552625099176493,0.009176405191491072,15
2024,2024-25,def_oreb_pct,0.24944933920704845,0.26996805111821087,0.02051871191116242,15
2024,2024-25,def_ft_rate,0.23208096492444197,0.2719298245614035,0.03984885963696155,15
2024,2024-25,off_3pa_rate,0.4551656920077973,0.43369734789391573,-0.021468344113881543,15
2024,2024-25,off_3p_pct,0.37717956561639643,0.3579136690647482,-0.01926589655164823,15
2024,2024-25,def_3pa_rate,0.4088451407181478,0.42025518341307816,0.011410042694930345,15
2024,2024-25,def_3p_pct,0.35266191929467616,0.3567362428842505,0.004074323589574325,15
2025,2025-26,off_rating,115.57572861920688,107.35537190082644,-8.220356718380444,12
2025,2025-26,def_rating,112.29096989966555,113.14049586776859,0.8495259681030376,12
2025,2025-26,net_rating,3.2847587195413284,-5.785123966942149,-9.069882686483478,12
2025,2025-26,pace,101.5040243902439,100.83333333333333,-0.6706910569105702,12
2025,2025-26,off_efg,0.5590909090909091,0.4945155393053016,-0.06457536978560746,12
2025,2025-26,off_tov_pct,0.14318266522619086,0.13363817865653377,-0.00954448656965709,12
2025,2025-26,off_oreb_pct,0.25694050991501416,0.2570921985815603,0.00015168866654613478,12
2025,2025-26,off_ft_rate,0.28539944903581266,0.26416819012797077,-0.021231258907841888,12
2025,2025-26,def_efg,0.529107725788901,0.531219512195122,0.0021117864062210057,12
2025,2025-26,def_tov_pct,0.1443731953350583,0.12845267705197017,-0.01592051828308813,12
2025,2025-26,def_oreb_pct,0.2625272331154684,0.21832358674463936,-0.04420364637082902,12
2025,2025-26,def_ft_rate,0.2823721436343852,0.3375609756097561,0.055188831975370944,12
2025,2025-26,off_3pa_rate,0.4199724517906336,0.34186471663619744,-0.07810773515443614,12
2025,2025-26,off_3p_pct,0.369957363069859,0.33689839572192515,-0.03305896734793384,12
2025,2025-26,def_3pa_rate,0.3789445048966268,0.3873170731707317,0.00837256827410493,12
2025,2025-26,def_3p_pct,0.35534816941852115,0.3350125944584383,-0.02033557496008287,12
