team_id,team_abbreviation,season_start_year,season_label,season_type,top_handler_name,iso_herf_top5,top_iso_player_name,top_iso_share,n_players_with_iso,synergy_iso_freq_raw,synergy_iso_freq_z,pull_up_fga_share_raw,pull_up_fga_share_z,unassisted_fg_rate_raw,unassisted_fg_rate_z,raw_score,z_score,percentile_rank
1610612746,LAC,2025,2025-26,Regular Season,Kawhi Leonard,0.35547951244241666,James Harden,0.49178403755868544,10,0.116,2.3380320129906216,0.2779641242525886,0.6115497650925245,0.4139072847682119,1.3979981883339914,1.449193322139046,1.449193322139046,96.38888888888889
1610612760,OKC,2025,2025-26,Regular Season,Shai Gilgeous-Alexander,0.44470612244897967,Shai Gilgeous-Alexander,0.6414285714285715,11,0.097,1.3352643324754563,0.26262488025181335,0.26510682987516554,0.40209394453876623,1.0749292243653665,0.891766795571996,0.891766795571996,84.44444444444444
1610612750,MIN,2025,2025-26,Regular Season,Anthony Edwards,0.3614022419857589,Anthony Edwards,0.4772727272727273,8,0.096,1.2824870861325528,0.2980716253443526,1.0656856858566055,0.3882689556509299,0.6968460785216433,1.0150062835036004,1.0150062835036004,89.72222222222223
1610612755,PHI,2025,2025-26,Regular Season,Tyrese Maxey,0.24040908880559025,Tyrese Maxey,0.3768707482993197,9,0.099,1.4408188251612633,0.27984873041599134,0.6541143459118253,0.4105786090005844,1.306966201550576,1.1339664575412216,1.1339664575412216,93.05555555555556
1610612738,BOS,2025,2025-26,Regular Season,Payton Pritchard,0.3067963104593141,Jaylen Brown,0.4810744810744811,5,0.096,1.2824870861325528,0.33738848337388483,1.953672583945385,0.41521990740740744,1.4338955406399578,1.5566850702392987,1.5566850702392987,96.94444444444444
1610612740,NOP,2025,2025-26,Regular Season,Jeremiah Fears,0.2396778299688049,Zion Williamson,0.36227544910179643,11,0.093,1.1241553471038424,0.222911051212938,-0.6318458165690142,0.4043415340086831,1.1363958703240522,0.5429018002862934,0.5429018002862934,73.61111111111111
1610612745,HOU,2025,2025-26,Regular Season,Amen Thompson,0.2911952997608005,Kevin Durant,0.42317380352644834,7,0.095,1.2297098397896493,0.2630077435131096,0.27375394912195944,0.4087425489639511,1.2567539836428265,0.9200725908514785,0.9200725908514785,85.83333333333333
1610612748,MIA,2025,2025-26,Regular Season,Jaime Jaquez Jr.,0.21410271663692249,Jaime Jaquez Jr.,0.2682926829268293,10,0.089,0.9130463617322284,0.192076359832636,-1.328259602527001,0.3372417643774428,-0.6986357664745253,-0.3712830024230993,-0.3712830024230993,35.0
1610612747,LAL,2025,2025-26,Regular Season,Luka Dončić,0.3333008827373376,Luka Dončić,0.48985959438377535,8,0.085,0.7019373763606153,0.32259944630628007,1.6196562914553267,0.3845707656612529,0.5957086876297752,0.9724341184819059,0.9724341184819059,88.05555555555556
1610612739,CLE,2025,2025-26,Regular Season,James Harden,0.3005582909004194,Donovan Mitchell,0.4044943820224719,10,0.073,0.06861042024577349,0.2335726866278282,-0.39104853430626174,0.34693303320202584,-0.43360080448339094,-0.2520129728479597,-0.2520129728479597,41.66666666666667
1610612758,SAC,2025,2025-26,Regular Season,Russell Westbrook,0.2707766466504034,DeMar DeRozan,0.4143835616438356,10,0.08,0.43805114464609785,0.28702561994793807,0.8162072544705978,0.38526995305164324,0.6148299303474183,0.6230294431547047,0.6230294431547047,76.94444444444444
1610612757,POR,2025,2025-26,Regular Season,Deni Avdija,0.2308709875014662,Deni Avdija,0.3267148014440433,8,0.075,0.17416491293158046,0.21599675192854242,-0.7880080197999051,0.3844776119402985,0.5931611375267525,-0.006893989780524061,-0.006893989780524061,51.66666666666667
1610612742,DAL,2025,2025-26,Regular Season,Cooper Flagg,0.2825003847337642,Cooper Flagg,0.44956140350877194,13,0.075,0.17416491293158046,0.270838989953842,0.4506257690891425,0.3962703962703963,0.9156679427005923,0.5134862082404384,0.5134862082404384,72.77777777777777
1610612756,PHX,2025,2025-26,Regular Season,Devin Booker,0.2831286337598851,Devin Booker,0.41965973534971646,8,0.069,-0.1424985651258397,0.3396941399377453,2.0057467557589774,0.39886972040452107,0.9867537608282345,0.950000650487124,0.950000650487124,86.94444444444444
1610612743,DEN,2025,2025-26,Regular Season,Jamal Murray,0.30620983104559457,Jamal Murray,0.4704641350210971,9,0.063,-0.45916204318326054,0.2423568649249583,-0.1926543688195813,0.334733893557423,-0.7672205368996939,-0.4730123163008453,-0.4730123163008453,30.555555555555557
1610612752,NYK,2025,2025-26,Regular Season,Jalen Brunson,0.3808806881178297,Jalen Brunson,0.5522682445759369,9,0.068,-0.19527581146874318,0.28125,0.6857625775776252,0.3571428571428571,-0.15438449658050848,0.11203408984279117,0.11203408984279117,58.333333333333336
1610612764,WAS,2025,2025-26,Regular Season,Bub Carrington,0.204095172962876,Bub Carrington,0.25559105431309903,14,0.069,-0.1424985651258397,0.2945066810635713,0.9851699993952786,0.4008168028004667,1.0400021969353885,0.6275578770682758,0.6275578770682758,77.5
1610612762,UTA,2025,2025-26,Regular Season,Isaiah Collier,0.24857760951865873,Keyonte George,0.3581395348837209,11,0.062,-0.5119392895261641,0.23068683893426162,-0.45622655386830313,0.3038119805101749,-1.6128670871617197,-0.8603443101853956,-0.8603443101853956,13.333333333333334
1610612765,DET,2025,2025-26,Regular Season,Cade Cunningham,0.26359467575683787,Cade Cunningham,0.4144144144144144,10,0.06,-0.617493782211971,0.20994550408719345,-0.9246778624452592,0.3592696629213483,-0.09622101986060659,-0.5461308881726122,-0.5461308881726122,28.333333333333332
1610612753,ORL,2025,2025-26,Regular Season,Paolo Banchero,0.3489622700932225,Paolo Banchero,0.5317460317460317,11,0.067,-0.24805305781164663,0.2528989508558807,0.0454428407324538,0.35266131430270586,-0.27694487105781274,-0.1598516960456685,-0.1598516960456685,46.111111111111114
1610612759,SAS,2025,2025-26,Regular Season,De'Aaron Fox,0.24509942603380358,Victor Wembanyama,0.33747412008281574,7,0.064,-0.40638479684035705,0.20458553791887124,-1.0457348331750709,0.3537338573834924,-0.24761316849178253,-0.5665775995024035,-0.5665775995024035,27.77777777777778
1610612749,MIL,2025,2025-26,Regular Season,Ryan Rollins,0.22029511853355827,Ryan Rollins,0.28342245989304815,10,0.059,-0.6702710285548744,0.2731032515687393,0.5017650194932294,0.36741405082212253,0.12651013916444667,-0.01399862329906612,-0.01399862329906612,50.83333333333333
1610612744,GSW,2025,2025-26,Regular Season,Brandin Podziemski,0.2253429774796594,Jimmy Butler III,0.3008595988538682,10,0.055,-0.881380013926488,0.20508241758241758,-1.0345126080719231,0.2943103961870718,-1.872714593769043,-1.2628690719224849,-1.2628690719224849,4.722222222222222
1610612751,BKN,2025,2025-26,Regular Season,Nolan Traore,0.21572978303747534,Nic Claxton,0.2532051282051282,13,0.059,-0.6702710285548744,0.1918361459685562,-1.3336849283219034,0.3324649951155976,-0.8292699365371886,-0.9444086311379888,-0.9444086311379888,11.38888888888889
1610612761,TOR,2025,2025-26,Regular Season,Immanuel Quickley,0.3124847735237345,Brandon Ingram,0.47619047619047616,6,0.056,-0.8286027675835845,0.22151724137931034,-0.663325566801319,0.3084406294706724,-1.4862836827055395,-0.9927373390301476,-0.9927373390301476,10.0
1610612766,CHA,2025,2025-26,Regular Season,LaMelo Ball,0.2734721708579882,LaMelo Ball,0.37740384615384615,8,0.054,-0.9341572602693915,0.2586396050466264,0.1750978020727429,0.35656836461126007,-0.17009560820397118,-0.30971835546687326,-0.30971835546687326,38.333333333333336
1610612763,MEM,2025,2025-26,Regular Season,Cam Spencer,0.2421081318415116,Jaren Jackson Jr.,0.36186770428015563,12,0.047,-1.3035979846697154,0.25568564123267395,0.10838135280185086,0.32654867256637166,-0.9910683914499121,-0.728761674439259,-0.728761674439259,20.27777777777778
1610612754,IND,2025,2025-26,Regular Season,Andrew Nembhard,0.2983795013850416,Pascal Siakam,0.46842105263157896,7,0.05,-1.145266245641005,0.2417853231106243,-0.2055628683354191,0.32187686790197245,-1.1188320098234144,-0.8232203745999461,-0.8232203745999461,16.11111111111111
1610612741,CHI,2025,2025-26,Regular Season,Josh Giddey,0.20501461023659154,Josh Giddey,0.25728155339805825,11,0.038,-1.7785932017558463,0.14534178239180262,-2.3837786479197853,0.3282508630609896,-0.9445172121143055,-1.7022963539299791,-1.7022963539299791,0.8333333333333334
1610612737,ATL,2025,2025-26,Regular Season,Jalen Johnson,0.26834349370641636,Jalen Johnson,0.4205298013245033,8,0.042,-1.5674842163842324,0.21376475268532025,-0.8384186116899444,0.30881118881118885,-1.4761496968976016,-1.294017508323926,-1.294017508323926,4.444444444444445
1610612742,DAL,2022,2022-23,Regular Season,Luka Dončić,0.32302734375,Luka Dončić,0.490625,7,0.122,2.5514926554214843,0.27471414097553915,0.7168146753938793,0.4273530307645447,0.9302109846858369,1.3995061051670667,1.3995061051670667,95.83333333333334
1610612755,PHI,2022,2022-23,Regular Season,James Harden,0.3457760850577802,Joel Embiid,0.444672131147541,6,0.118,2.362376461072764,0.2704512372634643,0.5579182226354185,0.38362712877203464,-0.41526816791902593,0.8350088385963854,0.8350088385963854,82.77777777777777
1610612751,BKN,2022,2022-23,Regular Season,Spencer Dinwiddie,0.23919358431721985,Kevin Durant,0.3164179104477612,12,0.094,1.2276792949804425,0.30796789911149325,1.9563228992658066,0.38423065607531626,-0.3966971752672942,0.929101672992985,0.929101672992985,86.38888888888889
1610612752,NYK,2022,2022-23,Regular Season,Jalen Brunson,0.3203103554696042,Julius Randle,0.47447073474470736,5,0.092,1.1331211978060822,0.26883187772925765,0.49755784316046303,0.45412311265969807,1.7539466988084071,1.1282085799249841,1.1282085799249841,91.94444444444444
1610612760,OKC,2022,2022-23,Regular Season,Shai Gilgeous-Alexander,0.457138311504029,Shai Gilgeous-Alexander,0.6510263929618768,8,0.079,0.5184935661727414,0.2147562582345191,-1.5180692267383669,0.43334276818567785,1.1145197459114458,0.038314695115273446,0.038314695115273446,53.888888888888886
1610612757,POR,2022,2022-23,Regular Season,Damian Lillard,0.3008074407435115,Damian Lillard,0.43644716692189894,9,0.083,0.7076097605214619,0.2651049850021425,0.3586407870532606,0.40277359059391016,0.1738829771366244,0.41337784157044893,0.41337784157044893,69.72222222222221
1610612747,LAL,2022,2022-23,Regular Season,D'Angelo Russell,0.2527437347257167,LeBron James,0.3303303303303303,11,0.087,0.8967259548701817,0.23540696081118115,-0.7483301924957823,0.4106939704209329,0.4175990687977332,0.1886649437240442,0.1886649437240442,61.66666666666667
1610612746,LAC,2022,2022-23,Regular Season,Russell Westbrook,0.2471752317484728,Kawhi Leonard,0.32679738562091504,11,0.086,0.8494469062830016,0.29536761580960474,1.4866570433961055,0.4186943620178042,0.6637771832734343,0.9999603776508471,0.9999603776508471,89.16666666666667
1610612737,ATL,2022,2022-23,Regular Season,Trae Young,0.34526976000000004,Dejounte Murray,0.4096,8,0.074,0.28209832323684086,0.30367045154475836,1.7961388509291158,0.4398578458173865,1.3149936236731399,1.1310769326130323,1.1310769326130323,92.22222222222223
1610612738,BOS,2022,2022-23,Regular Season,Jayson Tatum,0.34307132644070926,Jayson Tatum,0.5080527086383602,7,0.08,0.5657726147599216,0.23344325364111018,-0.8215258648955146,0.3682080924855491,-0.8897236035159376,-0.38182561788384356,-0.38182561788384356,34.44444444444444
1610612741,CHI,2022,2022-23,Regular Season,DeMar DeRozan,0.4104046639231824,DeMar DeRozan,0.4888888888888889,5,0.064,-0.1906921626349596,0.2769814502529511,0.8013268825231753,0.4248853211009175,0.854277687582882,0.48830413582369925,0.48830413582369925,71.66666666666667
1610612745,HOU,2022,2022-23,Regular Season,Kevin Porter Jr.,0.27987896048415806,Jalen Green,0.3754716981132076,9,0.067,-0.048855016873419276,0.23452724029092906,-0.781121097364438,0.4487834184439772,1.5896402598064654,0.2532213818562027,0.2532213818562027,64.44444444444444
1610612761,TOR,2022,2022-23,Regular Season,Fred VanVleet,0.27263469153544734,Pascal Siakam,0.4228295819935691,7,0.077,0.4239354689983812,0.26585658966484177,0.38665627200107855,0.42894583576004663,0.9792228018915715,0.5966048476303437,0.5966048476303437,75.55555555555556
1610612748,MIA,2022,2022-23,Regular Season,Jimmy Butler III,0.28500200872359965,Jimmy Butler III,0.3731060606060606,8,0.068,-0.0015759682862391622,0.2702045487054785,0.5487230966256479,0.3919129082426127,-0.16030845221884915,0.12894622537351985,0.12894622537351985,58.88888888888889
1610612750,MIN,2022,2022-23,Regular Season,Mike Conley,0.45071469651699425,Anthony Edwards,0.6460674157303371,9,0.07,0.09298212888812107,0.24152365006278778,-0.52033531145892,0.3897581792318634,-0.22661109736434448,-0.21798809331171445,-0.21798809331171445,43.611111111111114
1610612764,WAS,2022,2022-23,Regular Season,Monte Morris,0.26085710038437854,Bradley Beal,0.38018433179723504,10,0.064,-0.1906921626349596,0.25171881577101163,-0.1403183615726648,0.39728009259259256,0.004843879054315945,-0.10872221505110284,-0.10872221505110284,48.61111111111111
1610612762,UTA,2022,2022-23,Regular Season,Talen Horton-Tucker,0.2299722377222532,Jordan Clarkson,0.33858267716535434,10,0.055,-0.6162035999195803,0.22145281737949762,-1.2684601420174684,0.38909612625538015,-0.24698296934838718,-0.7105489037618119,-0.7105489037618119,20.833333333333336
1610612739,CLE,2022,2022-23,Regular Season,Darius Garland,0.26166742772710233,Donovan Mitchell,0.3198458574181118,6,0.065,-0.1434131140477795,0.2603092783505155,0.17988451506540368,0.3999413145539906,0.08673169625997713,0.041067699092533765,0.041067699092533765,54.166666666666664
1610612765,DET,2022,2022-23,Regular Season,Killian Hayes,0.21637187871581454,Jaden Ivey,0.2629310344827586,10,0.066,-0.0961340654605994,0.288375350140056,1.2260257257125786,0.41923551171393336,0.680428769665065,0.6034401433056814,0.6034401433056814,75.83333333333333
1610612749,MIL,2022,2022-23,Regular Season,Jrue Holiday,0.35447897264974026,Giannis Antetokounmpo,0.5148514851485149,7,0.063,-0.23797121122213974,0.2636621238699231,0.3048592495807346,0.39640410958904104,-0.02211078204144938,0.014925752105715168,0.014925752105715168,52.77777777777778
1610612753,ORL,2022,2022-23,Regular Season,Markelle Fultz,0.31752447024699837,Paolo Banchero,0.4968017057569296,8,0.062,-0.28525025980931984,0.24370935821317502,-0.4388647234937155,0.42642190791453505,0.9015596287134301,0.05914821513679824,0.05914821513679824,56.111111111111114
1610612758,SAC,2022,2022-23,Regular Season,De'Aaron Fox,0.30759111111111115,De'Aaron Fox,0.49066666666666664,8,0.048,-0.9471569400298409,0.22428097345132744,-1.1630428025668575,0.37391547719003637,-0.7141030494311094,-0.9414342640092693,-0.9414342640092693,11.944444444444445
1610612743,DEN,2022,2022-23,Regular Season,Jamal Murray,0.22709639706663828,Jamal Murray,0.3170103092783505,11,0.055,-0.6162035999195803,0.24238148984198646,-0.48835999436140387,0.3374370453273643,-1.8365720518852957,-0.9803785487220932,-0.9803785487220932,10.277777777777777
1610612740,NOP,2022,2022-23,Regular Season,CJ McCollum,0.2656236848750105,Brandon Ingram,0.31880733944954126,8,0.055,-0.6162035999195803,0.2146239554317549,-1.5230007118173494,0.3843922251232956,-0.39172557317662277,-0.8436432949711842,-0.8436432949711842,14.722222222222223
1610612756,PHX,2022,2022-23,Regular Season,Chris Paul,0.38758356077686795,Devin Booker,0.5754716981132075,9,0.045,-1.0889940857913811,0.3036004331348132,1.7935289686236449,0.35273675065160726,-1.3657885204605424,-0.22041787920942624,-0.22041787920942624,43.333333333333336
1610612754,IND,2022,2022-23,Regular Season,Tyrese Haliburton,0.26656383202051825,Bennedict Mathurin,0.3504531722054381,8,0.044,-1.1362731343785613,0.23880190605854323,-0.6217862230443882,0.35743321718931476,-1.221274684737401,-0.9931113473867835,-0.9931113473867835,9.722222222222223
1610612763,MEM,2022,2022-23,Regular Season,Ja Morant,0.3081529039455411,Ja Morant,0.4793388429752066,6,0.045,-1.0889940857913811,0.23122765196662692,-0.9041107109486634,0.404463040446304,0.2258686298547006,-0.5890787222951146,-0.5890787222951146,25.555555555555554
1610612744,GSW,2022,2022-23,Regular Season,Jordan Poole,0.25085399449035817,Jordan Poole,0.35454545454545455,7,0.041,-1.2781102801401012,0.24469092384688218,-0.4022776204578446,0.3086489542114189,-2.722403439570074,-1.46759711338934,-1.46759711338934,1.9444444444444444
1610612766,CHA,2022,2022-23,Regular Season,Terry Rozier,0.2562609531347165,Terry Rozier,0.39097744360902253,11,0.04,-1.3253893287272813,0.2598138405503845,0.16141745263087454,0.39084194977843423,-0.19326265604761633,-0.4524115107146744,-0.4524115107146744,31.666666666666664
1610612759,SAS,2022,2022-23,Regular Season,Tre Jones,0.22204986149584488,Keldon Johnson,0.30526315789473685,11,0.032,-1.703621717424722,0.2170420123798235,-1.432869501363842,0.36824228700820827,-0.8886714121310901,-1.341720876973218,-1.341720876973218,3.3333333333333335
1610612746,LAC,2023,2023-24,Regular Season,James Harden,0.2444379340277778,James Harden,0.2916666666666667,7,0.12,2.8969807106220364,0.31133933595948227,2.132528146870166,0.39619925136769363,0.9440339775856186,1.9911809450259403,1.9911809450259403,98.61111111111111
1610612742,DAL,2023,2023-24,Regular Season,Luka Dončić,0.4128494943486021,Luka Dončić,0.5665188470066519,6,0.105,2.076047889601938,0.3106637649619151,2.1102116999314533,0.4042432814710042,1.2113294014321607,1.7991963303218503,1.7991963303218503,98.33333333333333
1610612738,BOS,2023,2023-24,Regular Season,Jayson Tatum,0.4221037619265361,Jayson Tatum,0.6049543676662321,6,0.09,1.2551150685818393,0.26744186046511625,0.6824426841411468,0.38711469036378787,0.6421627074868912,0.8599068200699591,0.8599068200699591,83.61111111111111
1610612755,PHI,2023,2023-24,Regular Season,Tyrese Maxey,0.2622291584093011,Joel Embiid,0.33477011494252873,12,0.092,1.364572778051186,0.26967671531851045,0.7562676706060804,0.4004112808460635,1.0839956871037923,1.068278711920353,1.068278711920353,90.83333333333333
1610612760,OKC,2023,2023-24,Regular Season,Shai Gilgeous-Alexander,0.478523452632619,Shai Gilgeous-Alexander,0.6614060258249641,6,0.082,0.8172842307044539,0.2546422719825232,0.2596280010985172,0.39145907473309605,0.7865224433944693,0.6211448917324801,0.6211448917324801,76.66666666666667
1610612756,PHX,2023,2023-24,Regular Season,Devin Booker,0.34603307685576545,Kevin Durant,0.46219686162624823,5,0.083,0.8720130854391273,0.2848647883335693,1.2579822598386758,0.36300976450315914,-0.15882091539320292,0.6570581432948667,0.6570581432948667,78.61111111111111
1610612740,NOP,2023,2023-24,Regular Season,CJ McCollum,0.3887035774071549,Zion Williamson,0.5511811023622047,8,0.077,0.5436399570310876,0.2124214933705513,-1.1350703636896464,0.3656716417910447,-0.07036927998720954,-0.22059989554858947,-0.22059989554858947,43.05555555555556
1610612749,MIL,2023,2023-24,Regular Season,Damian Lillard,0.31410301290578546,Giannis Antetokounmpo,0.391304347826087,7,0.076,0.48891110229641427,0.27225130890052357,0.8413154024783109,0.38496325607687965,0.5706726046141477,0.6336330364629577,0.6336330364629577,78.33333333333333
1610612751,BKN,2023,2023-24,Regular Season,Dennis Schröder,0.25563874464973363,Cam Thomas,0.38644688644688646,10,0.077,0.5436399570310876,0.2501710688381005,0.11192869475759062,0.3695260947810438,0.057710504949741705,0.23775971891280664,0.23775971891280664,63.33333333333333
1610612750,MIN,2023,2023-24,Regular Season,Anthony Edwards,0.4199240865889076,Anthony Edwards,0.5856905158069884,7,0.074,0.3794533928270677,0.2408947519357614,-0.1945001405287527,0.35441915459651196,-0.444278663139887,-0.08644180361385734,-0.08644180361385734,49.166666666666664
1610612737,ATL,2023,2023-24,Regular Season,Dejounte Murray,0.3328937016983664,Dejounte Murray,0.4710884353741497,6,0.066,-0.05837744505031776,0.270042194092827,0.7683406987609782,0.38226126381411163,0.4808879869746119,0.3969504135617575,0.3969504135617575,68.88888888888889
1610612748,MIA,2023,2023-24,Regular Season,Terry Rozier,0.2564681920885975,Jimmy Butler III,0.35394456289978676,7,0.064,-0.16783515451966433,0.22614639703788095,-0.6816893193080562,0.352112676056338,-0.5209207382031099,-0.45681507067694344,-0.45681507067694344,31.11111111111111
1610612752,NYK,2023,2023-24,Regular Season,Jalen Brunson,0.40595586547291085,Jalen Brunson,0.5700757575757576,11,0.072,0.2699956833577212,0.28355335533553355,1.2146610914940663,0.40974889217134414,1.394275577264567,0.9596441173721182,0.9596441173721182,87.5
1610612753,ORL,2023,2023-24,Regular Season,Paolo Banchero,0.35082585423875434,Paolo Banchero,0.5220588235294118,7,0.066,-0.05837744505031776,0.2182653647329121,-0.9420270778700452,0.39029535864978904,0.747853271383717,-0.08418375051221534,-0.08418375051221534,49.44444444444444
1610612747,LAL,2023,2023-24,Regular Season,LeBron James,0.2663942414791713,LeBron James,0.4253731343283582,9,0.068,0.0510802644190288,0.232409084575728,-0.47481108647182474,0.34636871508379885,-0.7117870655283861,-0.37850596252706065,-0.37850596252706065,34.72222222222222
1610612762,UTA,2023,2023-24,Regular Season,Keyonte George,0.2554653174152658,Jordan Clarkson,0.3382663847780127,9,0.062,-0.2772928639890109,0.19441052774386108,-1.7300348606418132,0.3517281440604124,-0.5336983685094889,-0.8470086977134376,-0.8470086977134376,14.166666666666666
1610612745,HOU,2023,2023-24,Regular Season,Fred VanVleet,0.2635348882951695,Jalen Green,0.37449392712550605,10,0.068,0.0510802644190288,0.26384233811502883,0.5635380096958048,0.40583941605839413,1.2643674265977969,0.6263285669042101,0.6263285669042101,77.22222222222223
1610612757,POR,2023,2023-24,Regular Season,Scoot Henderson,0.24695081545857245,Anfernee Simons,0.3346693386773547,10,0.068,0.0510802644190288,0.22838499184339314,-0.6077407892876783,0.4130771614502634,1.5048707809321937,0.31607008535451475,0.31607008535451475,66.11111111111111
1610612741,CHI,2023,2023-24,Regular Season,DeMar DeRozan,0.4168424069941237,DeMar DeRozan,0.6018099547511312,7,0.054,-0.7151237018663967,0.23995094699550348,-0.2256772824510824,0.4060324825986079,1.270782843004032,0.10999395289551761,0.10999395289551761,57.77777777777777
1610612744,GSW,2023,2023-24,Regular Season,Stephen Curry,0.23012118067214066,Stephen Curry,0.3425414364640884,9,0.049,-0.9887679755397627,0.24697272122421823,0.006276209565362912,0.32942490228922394,-1.2748137529395172,-0.7524351729713056,-0.7524351729713056,19.166666666666668
1610612764,WAS,2023,2023-24,Regular Season,Tyus Jones,0.2812615569526627,Kyle Kuzma,0.39903846153846156,10,0.057,-0.5509371376623768,0.22487655144801816,-0.7236367117043894,0.3505535055350554,-0.5727304828190276,-0.6157681107285979,-0.6157681107285979,24.166666666666668
1610612763,MEM,2023,2023-24,Regular Season,Desmond Bane,0.4194488992564514,Jaren Jackson Jr.,0.6121883656509696,10,0.055,-0.6603948471317235,0.2049792531120332,-1.3809133031178795,0.356120826709062,-0.3877337269909409,-0.809680625746848,-0.809680625746848,16.666666666666664
1610612743,DEN,2023,2023-24,Regular Season,Nikola Jokić,0.22204782666138198,Nikola Jokić,0.2620689655172414,6,0.055,-0.6603948471317235,0.23918120620964417,-0.25110448324278756,0.3310249307479224,-1.2216463381559355,-0.7110485561768155,-0.7110485561768155,20.555555555555554
1610612758,SAC,2023,2023-24,Regular Season,De'Aaron Fox,0.3553273922425855,De'Aaron Fox,0.5336658354114713,7,0.05,-0.9340391208050894,0.24842387659289067,0.05421289113018647,0.3459048691246833,-0.7272002229443765,-0.5356754842064265,-0.5356754842064265,28.61111111111111
1610612739,CLE,2023,2023-24,Regular Season,Darius Garland,0.2611318586613043,Donovan Mitchell,0.3268765133171913,8,0.053,-0.76985255660107,0.22817571348628987,-0.6146539773442037,0.3287591240875912,-1.2969369255666268,-0.8938144865039668,-0.8938144865039668,12.777777777777777
1610612766,CHA,2023,2023-24,Regular Season,Brandon Miller,0.28707877809762494,Miles Bridges,0.45125348189415043,11,0.053,-0.76985255660107,0.2698724239450442,0.7627326035224082,0.3803718378543127,0.4181041701234966,0.13699473901494494,0.13699473901494494,59.166666666666664
1610612754,IND,2023,2023-24,Regular Season,Tyrese Haliburton,0.2742957923910305,Tyrese Haliburton,0.4126984126984127,8,0.044,-1.2624122492131291,0.23213580734307146,-0.4838383787684156,0.3457846952010376,-0.7311934874453341,-0.8258147051422929,-0.8258147051422929,15.833333333333332
1610612765,DET,2023,2023-24,Regular Season,Cade Cunningham,0.27323623676416897,Cade Cunningham,0.3980891719745223,10,0.048,-1.043496830274436,0.27377003869541183,0.8914843010898847,0.3772740829108261,0.31516873726737066,0.05438540269427311,0.05438540269427311,55.833333333333336
1610612761,TOR,2023,2023-24,Regular Season,Immanuel Quickley,0.22788412885815482,Scottie Barnes,0.33116883116883117,8,0.046,-1.1529545397437826,0.20092441544317563,-1.5148586175378629,0.32631275245239466,-1.3782275143284597,-1.348680223870035,-1.348680223870035,2.7777777777777777
1610612759,SAS,2023,2023-24,Regular Season,Tre Jones,0.23568922785886184,Victor Wembanyama,0.3494809688581315,8,0.038,-1.5907853776211685,0.20279720279720279,-1.4529939730161965,0.2876672484002327,-2.662380638163068,-1.9020533296001443,-1.9020533296001443,0.2777777777777778
1610612746,LAC,2024,2024-25,Regular Season,James Harden,0.4877199561297398,James Harden,0.6757028112449799,10,0.12,2.631581792000603,0.2986572438162544,1.3240393596826732,0.39454385450278673,0.8619178262908039,1.60584632599136,1.60584632599136,97.22222222222221
1610612742,DAL,2024,2024-25,Regular Season,Spencer Dinwiddie,0.2796634217382842,Kyrie Irving,0.3905053598774885,13,0.1,1.5768395907979567,0.28593272171253825,0.9523637433715276,0.3987801336044148,0.9789678560085125,1.1693903967259989,1.1693903967259989,94.16666666666667
1610612760,OKC,2024,2024-25,Regular Season,Shai Gilgeous-Alexander,0.5387029455621533,Shai Gilgeous-Alexander,0.7097203728362184,8,0.09,1.049468490196633,0.2781578947368421,0.7252657365190383,0.39836065573770496,0.9673775203421408,0.9140372490192706,0.9140372490192706,85.27777777777777
1610612738,BOS,2024,2024-25,Regular Season,Derrick White,0.38665814500872075,Jayson Tatum,0.5561993047508691,6,0.1,1.5768395907979567,0.2943646708209157,1.1986558914000298,0.37181365367711694,0.2338735878666528,1.0031230233548798,1.0031230233548798,89.44444444444444
1610612747,LAL,2024,2024-25,Regular Season,Austin Reaves,0.27074049723622373,LeBron James,0.396011396011396,9,0.09,1.049468490196633,0.2683031254459826,0.4374138690831173,0.3650178784266984,0.046103689818467394,0.5109953496994059,0.5109953496994059,72.22222222222221
1610612755,PHI,2024,2024-25,Regular Season,Tyrese Maxey,0.26244280970937667,Tyrese Maxey,0.39042357274401474,14,0.094,1.2604169304371624,0.28041294642857145,0.7911344363810329,0.4157959434542102,1.4491212620539273,1.1668908762907075,1.1668908762907075,93.88888888888889
1610612749,MIL,2024,2024-25,Regular Season,Damian Lillard,0.3795038046964104,Giannis Antetokounmpo,0.5181674565560821,10,0.084,0.7330458298358393,0.27915842982208416,0.7544907629221644,0.39332365747460085,0.8282033105603064,0.7719133011061033,0.7719133011061033,79.44444444444444
1610612763,MEM,2024,2024-25,Regular Season,Ja Morant,0.2713318461886185,Ja Morant,0.33699059561128525,9,0.076,0.3111489493547802,0.19140318787562058,-1.8087869279122901,0.36512261580381467,0.048997624049406115,-0.4828801181693679,-0.4828801181693679,30.277777777777775
1610612757,POR,2024,2024-25,Regular Season,Anfernee Simons,0.24227986874496132,Anfernee Simons,0.33825944170771755,8,0.076,0.3111489493547802,0.22052460789616007,-0.9581678126506875,0.4129323308270677,1.3699985378268522,0.2409932248436483,0.2409932248436483,63.888888888888886
1610612750,MIN,2024,2024-25,Regular Season,Anthony Edwards,0.45476557852468774,Anthony Edwards,0.6173780487804879,7,0.078,0.41662316947504496,0.285296574770259,0.9337822748567264,0.3632580261593341,-0.002521708851465426,0.44929457849343524,0.44929457849343524,70.83333333333334
1610612752,NYK,2024,2024-25,Regular Season,Jalen Brunson,0.3228925540123457,Jalen Brunson,0.4652777777777778,8,0.073,0.15293761917438303,0.2698564593301435,0.48278581500192547,0.36560652969321705,0.062368351939736395,0.23269726203868166,0.23269726203868166,63.05555555555556
1610612745,HOU,2024,2024-25,Regular Season,Jalen Green,0.2754388888888889,Alperen Sengun,0.36,11,0.076,0.3111489493547802,0.2646559603081342,0.33088237506320106,0.4506314580941446,2.411640002207042,1.017890442208341,1.017890442208341,90.0
1610612756,PHX,2024,2024-25,Regular Season,Devin Booker,0.3781789616911445,Kevin Durant,0.5187265917602997,6,0.065,-0.2689592613066753,0.3060070671378092,1.5387232661233792,0.326530612244898,-1.0173143575433807,0.08414988242444103,0.08414988242444103,56.94444444444444
1610612758,SAC,2024,2024-25,Regular Season,Zach LaVine,0.2842941676556989,DeMar DeRozan,0.4321608040201005,8,0.072,0.10020050911425066,0.2938388625592417,1.1832973491988956,0.3853782941343157,0.6086698490513701,0.6307225691215055,0.6307225691215055,77.77777777777779
1610612762,UTA,2024,2024-25,Regular Season,Keyonte George,0.22485577763533593,Keyonte George,0.2748091603053435,11,0.076,0.3111489493547802,0.22978547854785478,-0.6876633662761403,0.3667170953101362,0.093053709383228,-0.0944869025127107,-0.0944869025127107,48.888888888888886
1610612759,SAS,2024,2024-25,Regular Season,Chris Paul,0.21149338374291116,Stephon Castle,0.28043478260869564,10,0.069,-0.058010821066145773,0.2375713121434393,-0.46024386269495915,0.3146526561587858,-1.3455068773258374,-0.6212538536956475,-0.6212538536956475,23.61111111111111
1610612753,ORL,2024,2024-25,Regular Season,Anthony Black,0.3056360131519139,Paolo Banchero,0.41712204007285975,11,0.072,0.10020050911425066,0.25163491612169464,-0.04945447244765287,0.3971246006389776,0.933224839990376,0.3279902922189913,0.3279902922189913,66.66666666666666
1610612740,NOP,2024,2024-25,Regular Season,Jose Alvarado,0.23240767088524927,Zion Williamson,0.35853131749460043,12,0.069,-0.058010821066145773,0.2748371335504886,0.6282683050634705,0.364045618247299,0.019239765095397633,0.19649908303090746,0.19649908303090746,62.22222222222222
1610612748,MIA,2024,2024-25,Regular Season,Tyler Herro,0.26058868997579565,Bam Adebayo,0.3990498812351544,11,0.066,-0.21622215124654293,0.2447464275707481,-0.25066306847638703,0.3471971066907775,-0.4462911244137678,-0.3043921147122326,-0.3043921147122326,38.611111111111114
1610612766,CHA,2024,2024-25,Regular Season,LaMelo Ball,0.2948980933596318,Miles Bridges,0.38974358974358975,11,0.06,-0.5326448116073372,0.2740831964969896,0.6062462584408143,0.3653723742838956,0.05589854743391235,0.043166664755796454,0.043166664755796454,55.27777777777778
1610612765,DET,2024,2024-25,Regular Season,Cade Cunningham,0.3191312421323642,Cade Cunningham,0.5059665871121718,10,0.059,-0.5853819216674696,0.2566888496536738,0.09816787792300048,0.38195832143876673,0.5141746809936486,0.008986879083059821,0.008986879083059821,52.22222222222223
1610612754,IND,2024,2024-25,Regular Season,Tyrese Haliburton,0.24022202270822068,Pascal Siakam,0.29398663697104677,7,0.056,-0.7435932518478664,0.27545727545727544,0.6463822761444001,0.32904308897593737,-0.9478936539074493,-0.3483682098703052,-0.3483682098703052,36.666666666666664
1610612751,BKN,2024,2024-25,Regular Season,D'Angelo Russell,0.21154256909735572,Dennis Schröder,0.24509803921568626,11,0.057,-0.690856141787734,0.19291784702549575,-1.7645446476566915,0.33149708360337005,-0.8800888334087945,-1.1118298742844066,-1.1118298742844066,6.666666666666667
1610612739,CLE,2024,2024-25,Regular Season,Darius Garland,0.2705668934240362,Donovan Mitchell,0.3976190476190476,7,0.055,-0.7963303619079988,0.2598065556152606,0.18923418872859865,0.3691128148959474,0.1592483679473271,-0.14928260174402433,-0.14928260174402433,46.38888888888889
1610612743,DEN,2024,2024-25,Regular Season,Jamal Murray,0.25042416815911017,Jamal Murray,0.32281553398058255,8,0.05,-1.0600159122086603,0.21222826086956523,-1.2004991056538437,0.3174006444683136,-1.2695788977055773,-1.1766979718560273,-1.1766979718560273,6.388888888888888
1610612741,CHI,2024,2024-25,Regular Season,Josh Giddey,0.3024221453287197,Zach LaVine,0.4411764705882353,9,0.045,-1.3237014625093224,0.1945659377070908,-1.7164049128339904,0.3274061529777025,-0.9931228285304682,-1.3444097346245936,-1.3444097346245936,3.0555555555555554
1610612744,GSW,2024,2024-25,Regular Season,Stephen Curry,0.24806840687128662,Stephen Curry,0.3819241982507289,9,0.05,-1.0600159122086603,0.23475445223961144,-0.5425226415979097,0.2860562537402753,-2.135636534179617,-1.2460583626620623,-1.2460583626620623,5.277777777777778
1610612764,WAS,2024,2024-25,Regular Season,Bub Carrington,0.21912501506516757,Jordan Poole,0.31950207468879666,13,0.043,-1.4291756826295872,0.24230090896757564,-0.32209519194835956,0.36343952984843797,0.002493308264690945,-0.582925855437752,-0.582925855437752,26.38888888888889
1610612761,TOR,2024,2024-25,Regular Season,Scottie Barnes,0.2987526165150156,Scottie Barnes,0.4738562091503268,7,0.041,-1.5346499027498515,0.18855534709193245,-1.8919706396309548,0.3145869947275922,-1.3473211280605357,-1.591313890147114,-1.591313890147114,1.6666666666666667
1610612737,ATL,2024,2024-25,Regular Season,Trae Young,0.4188246097337006,Trae Young,0.6151515151515151,7,0.041,-1.5346499027498515,0.21333687566418705,-1.168117136124129,0.3177727784026997,-1.2592966931968808,-1.320687910690287,-1.320687910690287,3.6111111111111107
1610612751,BKN,2021,2021-22,Regular Season,Kevin Durant,0.29412985611324144,James Harden,0.3826879271070615,8,0.108,2.2763656507995447,0.31968004413184387,1.6041267366145606,0.3983149331783846,0.16056411876442236,1.3470188353928425,1.3470188353928425,95.55555555555556
1610612761,TOR,2021,2021-22,Regular Season,Fred VanVleet,0.2779727429358554,Pascal Siakam,0.4471445929526124,8,0.103,1.9908682865688323,0.2900253705434637,0.7495674320988315,0.45708283313325326,2.0926585376533704,1.6110314187736783,1.6110314187736783,97.77777777777777
1610612749,MIL,2021,2021-22,Regular Season,Jrue Holiday,0.3256053293218504,Giannis Antetokounmpo,0.44798890429958393,6,0.088,1.1343761938766959,0.28427226844905196,0.5837801773527558,0.42840478273549143,1.1498189745469256,0.9559917819254591,0.9559917819254591,87.22222222222223
1610612742,DAL,2021,2021-22,Regular Season,Luka Dončić,0.41612232937290206,Luka Dončić,0.5956204379562043,7,0.086,1.020177248184411,0.29747923231165857,0.964365511383066,0.40471756672873993,0.37106155968595705,0.7852014397511446,0.7852014397511446,80.55555555555556
1610612747,LAL,2021,2021-22,Regular Season,Russell Westbrook,0.3026592987432148,Russell Westbrook,0.4111888111888112,7,0.089,1.1914756667228383,0.2645967852727023,0.016791396677705066,0.42371888726207907,0.9957622105885435,0.734676424663029,0.734676424663029,79.16666666666666
1610612750,MIN,2021,2021-22,Regular Season,D'Angelo Russell,0.3017917071079711,Anthony Edwards,0.4172876304023845,7,0.078,0.5633814654152718,0.22888173773129525,-1.0124098216992252,0.3825857519788918,-0.3565593999008964,-0.26852925206161665,-0.26852925206161665,40.833333333333336
1610612738,BOS,2021,2021-22,Regular Season,Jayson Tatum,0.33878696775158,Jayson Tatum,0.5129682997118156,8,0.085,0.9630777753382692,0.23831449700013954,-0.740585814720223,0.3906016162825501,-0.093024260895367,0.04315589990755974,0.04315589990755974,55.00000000000001
1610612741,CHI,2021,2021-22,Regular Season,DeMar DeRozan,0.4231739069243761,DeMar DeRozan,0.553082191780822,6,0.071,0.1636851554922744,0.3058790514943174,1.2064232638448387,0.42781998831092927,1.1305928656547986,0.8335670949973039,0.8335670949973039,82.5
1610612760,OKC,2021,2021-22,Regular Season,Shai Gilgeous-Alexander,0.4743260570951697,Shai Gilgeous-Alexander,0.6684118673647469,10,0.077,0.5062819925691293,0.21833105335157318,-1.316449098301924,0.4199299586119071,0.8711947527724968,0.020342549013234068,0.020342549013234068,53.05555555555556
1610612755,PHI,2021,2021-22,Regular Season,James Harden,0.32209381509373497,Joel Embiid,0.4762658227848101,6,0.078,0.5633814654152718,0.29284477784189267,0.8308143469539688,0.39783281733746134,0.14471374251784608,0.512969851629029,0.512969851629029,72.5
1610612737,ATL,2021,2021-22,Regular Season,Trae Young,0.37015499452154854,Trae Young,0.5675675675675675,9,0.078,0.5633814654152718,0.3186024029830134,1.573072330707259,0.40693913554836814,0.4440994038300844,0.8601843999842052,0.8601843999842052,83.88888888888889
1610612752,NYK,2021,2021-22,Regular Season,Immanuel Quickley,0.36105661966932884,Julius Randle,0.5477308294209703,8,0.081,0.7346798839536992,0.31517895034658366,1.4744186296199446,0.4193652849740933,0.852630148882422,1.0205762208186886,1.0205762208186886,90.27777777777779
1610612746,LAC,2021,2021-22,Regular Season,Reggie Jackson,0.25152218192116244,Reggie Jackson,0.3448844884488449,8,0.082,0.7917793567998417,0.3189679218967922,1.5836054963418502,0.4006088280060883,0.23597980313511047,0.8704548854256008,0.8704548854256008,84.16666666666667
1610612745,HOU,2021,2021-22,Regular Season,Kevin Porter Jr.,0.2255374757295971,Christian Wood,0.27552986512524086,10,0.072,0.22078462833841686,0.21050402371876323,-1.5420007631854975,0.40167234437906474,0.27094470829937123,-0.3500904755159031,-0.3500904755159031,36.388888888888886
1610612757,POR,2021,2021-22,Regular Season,Anfernee Simons,0.2427010996702831,Anfernee Simons,0.315450643776824,11,0.07,0.10658568264613269,0.26539753639417696,0.03986665729111813,0.40525150268902244,0.3886156102764695,0.17835598340457345,0.17835598340457345,61.111111111111114
1610612739,CLE,2021,2021-22,Regular Season,Darius Garland,0.3161025727163293,Darius Garland,0.4576719576719577,12,0.061,-0.40730957296914966,0.22262247838616714,-1.1927830197657912,0.36589861751152075,-0.9051772575479593,-0.8350899500943001,-0.8350899500943001,15.0
1610612764,WAS,2021,2021-22,Regular Season,Raul Neto,0.22803965110688856,Bradley Beal,0.3038277511961722,11,0.065,-0.17891168158457973,0.26091269841269843,-0.08937300589032943,0.38322813345356177,-0.335440019032077,-0.20124156883566205,-0.20124156883566205,45.0
1610612766,CHA,2021,2021-22,Regular Season,LaMelo Ball,0.24225623582766437,Miles Bridges,0.3619047619047619,10,0.057,-0.6357074643537192,0.23649459783913565,-0.793029884174612,0.3437856328392246,-1.6321791463874595,-1.0203054983052635,-1.0203054983052635,8.88888888888889
1610612748,MIA,2021,2021-22,Regular Season,Kyle Lowry,0.25297501920878546,Jimmy Butler III,0.35714285714285715,6,0.06,-0.46440904581529213,0.2690537819959735,0.14522875778087885,0.35613062230437464,-1.2263166727381303,-0.5151656535908479,-0.5151656535908479,28.888888888888886
1610612762,UTA,2021,2021-22,Regular Season,Donovan Mitchell,0.2749517194992077,Donovan Mitchell,0.345372460496614,7,0.057,-0.6357074643537192,0.2822980048110938,0.526887783769125,0.4481514878268711,1.7990254074431185,0.5634019089528414,0.5634019089528414,74.16666666666667
1610612758,SAC,2021,2021-22,Regular Season,De'Aaron Fox,0.26043580560415514,De'Aaron Fox,0.3629976580796253,9,0.057,-0.6357074643537192,0.2785546171950713,0.41901451016363,0.41493526046371576,0.7069855769542971,0.16343087425473599,0.16343087425473599,60.27777777777777
1610612744,GSW,2021,2021-22,Regular Season,Stephen Curry,0.24981558596073764,Stephen Curry,0.28536585365853656,7,0.054,-0.8070058828921467,0.2514463101453365,-0.36216610037249103,0.331026181161601,-2.0516677684643394,-1.0736132505763256,-1.0736132505763256,7.777777777777778
1610612765,DET,2021,2021-22,Regular Season,Cade Cunningham,0.242811295578891,Cade Cunningham,0.30734966592427615,9,0.061,-0.40730957296914966,0.22361359570661896,-1.164221972700661,0.385107062959412,-0.27366702366339973,-0.6150661897777369,-0.6150661897777369,24.444444444444443
1610612743,DEN,2021,2021-22,Regular Season,Nikola Jokić,0.2052137423016544,Nikola Jokić,0.23076923076923078,9,0.055,-0.7499064100460042,0.21570843339454726,-1.3920251885193973,0.3328454332552693,-1.9918567692721294,-1.3779294559458435,-1.3779294559458435,2.5
1610612763,MEM,2021,2021-22,Regular Season,Ja Morant,0.30940045566617774,Ja Morant,0.4888268156424581,9,0.049,-1.0925032471228586,0.24331308954645303,-0.5965412762698338,0.4032483898067768,0.32275987571451453,-0.4554282158927259,-0.4554282158927259,31.38888888888889
1610612756,PHX,2021,2021-22,Regular Season,Chris Paul,0.39731172533541864,Devin Booker,0.5583126550868487,6,0.049,-1.0925032471228586,0.30572472594397077,1.2019760614644057,0.37335939681653174,-0.6598914796514549,-0.18347288843663592,-0.18347288843663592,45.55555555555556
1610612740,NOP,2021,2021-22,Regular Season,Devonte' Graham,0.3162268552267094,Brandon Ingram,0.4903047091412742,9,0.049,-1.0925032471228586,0.2358569051580699,-0.8114062865451258,0.37856709168184577,-0.4886796753794478,-0.7975297363491441,-0.7975297363491441,17.22222222222222
1610612754,IND,2021,2021-22,Regular Season,Tyrese Haliburton,0.20812625100420748,Caris LeVert,0.2693726937269373,10,0.045,-1.3209011385074287,0.26573998364677026,0.04973496641741125,0.38758092995879934,-0.1923344488009241,-0.4878335402969805,-0.4878335402969805,30.0
1610612753,ORL,2021,2021-22,Regular Season,Cole Anthony,0.22820916884731596,Cole Anthony,0.34220532319391633,11,0.042,-1.4921995570458557,0.21726519337016575,-1.347164006078875,0.3797387703090156,-0.45015875259635046,-1.0965074385736937,-1.0965074385736937,7.222222222222221
1610612759,SAS,2021,2021-22,Regular Season,Dejounte Murray,0.39371833364608755,Dejounte Murray,0.589041095890411,7,0.037,-1.777696921276568,0.24286278121299829,-0.609517820257339,0.35448392554991537,-1.2804546223898385,-1.2225564546412486,-1.2225564546412486,5.555555555555555
1610612745,HOU,2019,2019-20,Regular Season,James Harden,0.44880456208611397,James Harden,0.6065989847715736,5,0.196,4.6523500904423765,0.26550982800982803,0.17482170095934826,0.46968664850136244,1.6976865969356316,2.174952796112452,2.174952796112452,99.16666666666667
1610612757,POR,2019,2019-20,Regular Season,Damian Lillard,0.2917246854441416,Damian Lillard,0.4203480589022758,8,0.099,1.2413299938973232,0.34968143428656095,2.644971669959166,0.5115310698270339,2.7621285502143498,2.2161434046902797,2.2161434046902797,99.44444444444444
1610612760,OKC,2019,2019-20,Regular Season,Chris Paul,0.25636059272118544,Chris Paul,0.3291338582677165,7,0.088,0.854513281917987,0.2974333983105913,1.1116697626386889,0.4574505036470997,1.386422502066141,1.1175351822076056,1.1175351822076056,91.38888888888889
1610612749,MIL,2019,2019-20,Regular Season,Giannis Antetokounmpo,0.32816085013887214,Giannis Antetokounmpo,0.4725274725274725,8,0.072,0.29187079176622577,0.25851159987948175,-0.03055245980449333,0.40221518987341776,-0.01865811371358881,0.08088673941604788,0.08088673941604788,56.666666666666664
1610612751,BKN,2019,2019-20,Regular Season,Spencer Dinwiddie,0.2978239138792772,Spencer Dinwiddie,0.4019607843137255,9,0.076,0.4325314143041662,0.25577100646352724,-0.11097954253360635,0.39442916093535074,-0.2167197809216891,0.034944030282956916,0.034944030282956916,53.61111111111111
1610612746,LAC,2019,2019-20,Regular Season,Lou Williams,0.26455340206471567,Kawhi Leonard,0.39664804469273746,7,0.073,0.32703594740071085,0.2877821011673152,0.828437062280189,0.429144385026738,0.6663690459675121,0.6072806852161373,0.6072806852161373,76.11111111111111
1610612747,LAL,2019,2019-20,Regular Season,LeBron James,0.3604731167654993,LeBron James,0.5366726296958855,7,0.076,0.4325314143041662,0.24820545541553676,-0.3330026987178794,0.4001996007984032,-0.06993084025741295,0.009865958442957947,0.009865958442957947,52.5
1610612738,BOS,2019,2019-20,Regular Season,Kemba Walker,0.29797335600907027,Jayson Tatum,0.47619047619047616,6,0.069,0.1863753248627709,0.31296526054590573,1.5674770201708135,0.44294850218781556,1.0175193539109777,0.923790566314854,0.923790566314854,86.11111111111111
1610612742,DAL,2019,2019-20,Regular Season,Luka Dončić,0.39954545454545454,Luka Dončić,0.5954545454545455,8,0.063,-0.024615608944139774,0.26018901358535146,0.0186739194561255,0.40813060179257366,0.13181863846010078,0.041958982990695504,0.041958982990695504,54.72222222222223
1610612761,TOR,2019,2019-20,Regular Season,Kyle Lowry,0.39126951439001134,Pascal Siakam,0.5748218527315915,7,0.061,-0.09494592021310999,0.20217975043437056,-1.6837003836193642,0.3731446323783224,-0.7581574310095971,-0.8456012449473572,-0.8456012449473572,14.444444444444443
1610612762,UTA,2019,2019-20,Regular Season,Donovan Mitchell,0.24715803676842638,Donovan Mitchell,0.33246753246753247,6,0.057,-0.2356065427510502,0.2957585644371941,1.0625190926746364,0.44040194040194036,0.9527396983290531,0.5932174160842131,0.5932174160842131,75.0
1610612739,CLE,2019,2019-20,Regular Season,Collin Sexton,0.2249028723349564,Collin Sexton,0.3333333333333333,8,0.068,0.15121016922828578,0.247419072615923,-0.3560803555906922,0.42726231386025204,0.6184927593516225,0.13787419099640538,0.13787419099640538,59.44444444444444
1610612740,NOP,2019,2019-20,Regular Season,Lonzo Ball,0.34642525236340327,Brandon Ingram,0.4835443037974684,9,0.055,-0.3059368540200204,0.23946650500151562,-0.5894611298818848,0.3696574225122349,-0.8468653725643716,-0.5807544521554256,-0.5807544521554256,26.666666666666668
1610612759,SAS,2019,2019-20,Regular Season,DeMar DeRozan,0.33212723865056226,DeMar DeRozan,0.49744897959183676,7,0.056,-0.27077169838553533,0.314488188976378,1.612169782751012,0.41535893155258763,0.315693506481555,0.5523638636156772,0.5523638636156772,73.88888888888889
1610612758,SAC,2019,2019-20,Regular Season,De'Aaron Fox,0.23552795382526032,De'Aaron Fox,0.3324468085106383,10,0.06,-0.1301110758475951,0.26241357636706475,0.08395726058925278,0.41794087665647295,0.38137324592037036,0.11173981022067601,0.11173981022067601,58.05555555555556
1610612750,MIN,2019,2019-20,Regular Season,D'Angelo Russell,0.2204267419282963,Andrew Wiggins,0.2931596091205212,12,0.059,-0.16527623148208023,0.20801364023870417,-1.5124955871712007,0.4102861562258314,0.18665181570678552,-0.4970400009821651,-0.4970400009821651,29.72222222222222
1610612752,NYK,2019,2019-20,Regular Season,Elfrid Payton,0.32181132256824296,Julius Randle,0.5,10,0.067,0.11604501359380068,0.253561736770692,-0.175814083594013,0.44806671721000757,1.1477169435280237,0.36264929117593714,0.36264929117593714,67.5
1610612764,WAS,2019,2019-20,Regular Season,Ish Smith,0.2990164569556833,Bradley Beal,0.4629080118694362,9,0.054,-0.34110200965450554,0.28652200488997553,0.7914575282295515,0.3976588628762542,-0.13456234789789379,0.10526439022571739,0.10526439022571739,57.49999999999999
1610612744,GSW,2019,2019-20,Regular Season,Andrew Wiggins,0.24220477393107379,Eric Paschall,0.3542319749216301,11,0.063,-0.024615608944139774,0.2849912739965096,0.7465357899344469,0.3374501992031872,-1.6661554619635575,-0.3147450936577501,-0.3147450936577501,38.05555555555556
1610612755,PHI,2019,2019-20,Regular Season,Ben Simmons,0.2856434240362812,Tobias Harris,0.41369047619047616,9,0.052,-0.41143232092347576,0.22128720585943587,-1.1229616438748047,0.372,-0.7872746869296852,-0.7738895505759885,-0.7738895505759885,17.77777777777778
1610612743,DEN,2019,2019-20,Regular Season,Jamal Murray,0.23203524470416365,Nikola Jokić,0.30405405405405406,10,0.049,-0.5169277878269308,0.2649506781750925,0.15841255768605375,0.36396220267188006,-0.991740859885302,-0.4500853633420597,-0.4500853633420597,31.944444444444443
1610612754,IND,2019,2019-20,Regular Season,Malcolm Brogdon,0.28134765625,Malcolm Brogdon,0.45,8,0.049,-0.5169277878269308,0.2727272727272727,0.38662912193738896,0.3860162601626016,-0.43072786724671697,-0.18700884437875295,-0.18700884437875295,45.27777777777778
1610612748,MIA,2019,2019-20,Regular Season,Goran Dragic,0.2423007984357178,Jimmy Butler III,0.33436532507739936,5,0.046,-0.6224232547303862,0.24772727272727274,-0.34703573200357224,0.34305555555555556,-1.5235659297030704,-0.8310083054790095,-0.8310083054790095,15.555555555555555
1610612765,DET,2019,2019-20,Regular Season,Derrick Rose,0.236660225921522,Derrick Rose,0.33620689655172414,10,0.048,-0.5520929434614159,0.19883351007423117,-1.781901141422285,0.3876685934489402,-0.3886956723911819,-0.9075632524249609,-0.9075632524249609,12.222222222222221
1610612737,ATL,2019,2019-20,Regular Season,Trae Young,0.402336,Trae Young,0.6,9,0.041,-0.7982490329028115,0.2627328168781935,0.09332588230802524,0.41057656995960334,0.19403938499897933,-0.1702945885319356,-0.1702945885319356,45.83333333333333
1610612756,PHX,2019,2019-20,Regular Season,Ricky Rubio,0.5211080332409971,Devin Booker,0.7052631578947368,6,0.04,-0.8334141885372967,0.23036242028309223,-0.8566350092902144,0.33898868928809045,-1.6270192201613636,-1.1056894726629583,-1.1056894726629583,6.944444444444445
1610612763,MEM,2019,2019-20,Regular Season,Ja Morant,0.2806223027332303,Ja Morant,0.42700729927007297,11,0.047,-0.5872580990959011,0.23545372324389507,-0.7072226075659501,0.3673535093367676,-0.9054725121300573,-0.733317739597303,-0.733317739597303,19.72222222222222
1610612741,CHI,2019,2019-20,Regular Season,Tomas Satoransky,0.40679809338701467,Zach LaVine,0.5952380952380952,7,0.05,-0.48176263219244575,0.2148559527941687,-1.311697017506269,0.413136416634279,0.2591569827135915,-0.5114342223283744,-0.5114342223283744,29.444444444444446
1610612766,CHA,2019,2019-20,Regular Season,Devonte' Graham,0.2575765306122449,Devonte' Graham,0.35,7,0.047,-0.5872580990959011,0.24364482635159326,-0.46684162896096,0.3612371134020619,-1.0610619128077037,-0.7050538802881882,-0.7050538802881882,21.38888888888889
1610612753,ORL,2019,2019-20,Regular Season,Markelle Fultz,0.22191358024691357,Aaron Gordon,0.29444444444444445,7,0.03,-1.1850657448821476,0.2631416202844774,0.1053228699624993,0.39150121908742597,-0.29120101500149953,-0.4569812966403826,-0.4569812966403826,30.833333333333336
1610612745,HOU,2018,2018-19,Regular Season,James Harden,0.5555477889260975,James Harden,0.72480181200453,7,0.204,4.734278025052597,0.3099260086555912,1.6896966260555908,0.45898073337476697,1.5524762770025797,2.6588169760369227,2.6588169760369227,100.0
1610612749,MIL,2018,2018-19,Regular Season,Giannis Antetokounmpo,0.29170047490029527,Giannis Antetokounmpo,0.39829302987197723,9,0.084,0.5743070974984481,0.22098781956900013,-1.190289583204244,0.39915611814345997,-0.0783497585485382,-0.23144408141811135,-0.23144408141811135,42.5
1610612751,BKN,2018,2018-19,Regular Season,D'Angelo Russell,0.2703014646683933,Spencer Dinwiddie,0.37370753323485967,8,0.081,0.4703078243095942,0.254416961130742,-0.10779096619871106,0.40805816419266894,0.16432106199236277,0.17561264003441532,0.17561264003441532,60.83333333333333
1610612760,OKC,2018,2018-19,Regular Season,Russell Westbrook,0.33772290809327843,Russell Westbrook,0.43580246913580245,6,0.089,0.7476392194798707,0.2512328056060213,-0.21089992415608422,0.4518158421504146,1.3571605009564207,0.6312999320934024,0.6312999320934024,78.05555555555556
1610612747,LAL,2018,2018-19,Regular Season,LeBron James,0.2700437425164939,LeBron James,0.41898527004909986,10,0.081,0.4703078243095942,0.23232323232323232,-0.823227551205004,0.39959896877685475,-0.06627759828460457,-0.13973244172667146,-0.13973244172667146,47.22222222222222
1610612761,TOR,2018,2018-19,Regular Season,Kyle Lowry,0.29808559274792457,Kawhi Leonard,0.45454545454545453,10,0.069,0.05431073155417944,0.2216290212183436,-1.1695262651467337,0.39739884393063585,-0.12625325992160613,-0.4138229311713868,-0.4138229311713868,33.33333333333333
1610612759,SAS,2018,2018-19,Regular Season,DeMar DeRozan,0.38904908099499513,DeMar DeRozan,0.5573192239858906,6,0.068,0.019644307157894836,0.3370584988962472,2.568297804227628,0.41955017301038067,0.4775945717047939,1.0218455610301056,1.0218455610301056,90.55555555555556
1610612739,CLE,2018,2018-19,Regular Season,Collin Sexton,0.2930810704832859,Jordan Clarkson,0.3702970297029703,12,0.081,0.4703078243095942,0.29356904231625836,1.1600272234467595,0.4675446848541862,1.7859305998734212,1.1387552158765917,1.1387552158765917,93.33333333333333
1610612744,GSW,2018,2018-19,Regular Season,Stephen Curry,0.3870502088675989,Kevin Durant,0.572289156626506,10,0.064,-0.11902139042724359,0.2990082869175384,1.3361602164991135,0.33194905869324476,-1.9104220903215319,-0.231094421416554,-0.231094421416554,42.77777777777778
1610612757,POR,2018,2018-19,Regular Season,Damian Lillard,0.36382403628117915,Damian Lillard,0.5066666666666667,9,0.068,0.019644307157894836,0.30281405681971185,1.4593982197285746,0.45619596541786744,1.4765631755221773,0.9852019008028824,0.9852019008028824,88.88888888888889
1610612740,NOP,2018,2018-19,Regular Season,Jrue Holiday,0.2727305584871836,Julius Randle,0.34790874524714827,12,0.069,0.05431073155417944,0.22028295649874388,-1.2131143780713636,0.3811784417760402,-0.5684233271848386,-0.5757423245673409,-0.5757423245673409,27.22222222222222
1610612746,LAC,2018,2018-19,Regular Season,Lou Williams,0.25031280517578125,Danilo Gallinari,0.32421875,8,0.064,-0.11902139042724359,0.2667874059626637,0.2927873554900464,0.4178486997635934,0.431212211217797,0.2016593920935333,0.2016593920935333,62.5
1610612758,SAC,2018,2018-19,Regular Season,De'Aaron Fox,0.21790201538468418,De'Aaron Fox,0.3107822410147992,11,0.069,0.05431073155417944,0.2804766269477543,0.7360701348840251,0.41174809375882515,0.2649089752212353,0.3517632805531466,0.3517632805531466,67.22222222222223
1610612741,CHI,2018,2018-19,Regular Season,Zach LaVine,0.2633466503171024,Zach LaVine,0.4129979035639413,11,0.073,0.1929764291393174,0.2498265093684941,-0.2564384471663636,0.4500918554807104,1.3101644219172806,0.41556746796341143,0.41556746796341143,70.27777777777777
1610612764,WAS,2018,2018-19,Regular Season,Bradley Beal,0.3149053739142716,Bradley Beal,0.3949579831932773,13,0.068,0.019644307157894836,0.23730878570461622,-0.6617859350513968,0.37673611111111116,-0.6895217827099177,-0.44388780353447316,-0.44388780353447316,32.22222222222222
1610612750,MIN,2018,2018-19,Regular Season,Tyus Jones,0.23121274592356927,Karl-Anthony Towns,0.2973523421588595,11,0.067,-0.015022117238389771,0.24121341707871174,-0.5353466110092818,0.4087313214181072,0.18267140699699844,-0.12256577375022437,-0.12256577375022437,48.05555555555556
1610612766,CHA,2018,2018-19,Regular Season,Kemba Walker,0.27582874981418165,Kemba Walker,0.39400921658986177,10,0.062,-0.1883542392198128,0.28633523499049174,0.9257829066621311,0.42220200181983625,0.5498837364167389,0.4291041346196858,0.4291041346196858,70.55555555555556
1610612738,BOS,2018,2018-19,Regular Season,Kyrie Irving,0.26614931403080555,Kyrie Irving,0.3651376146788991,8,0.07,0.08897715595046404,0.2811531725717365,0.757977957462993,0.3755433207765865,-0.7220373872813052,0.04163924204405064,0.04163924204405064,54.44444444444444
1610612742,DAL,2018,2018-19,Regular Season,Luka Dončić,0.28917264657274666,Luka Dončić,0.42691415313225056,11,0.061,-0.2230206636160974,0.2666385846672283,0.28796824141880195,0.39723444374607164,-0.13073482825597985,-0.0219290834844251,-0.0219290834844251,50.55555555555556
1610612756,PHX,2018,2018-19,Regular Season,Devin Booker,0.32812499999999994,Devin Booker,0.5120192307692307,10,0.058,-0.327019936804951,0.2699609156895589,0.39555158244672056,0.40498631802979634,0.08058217490966219,0.04970460685047725,0.04970460685047725,55.55555555555556
1610612765,DET,2018,2018-19,Regular Season,Reggie Jackson,0.3429244001810774,Blake Griffin,0.5063829787234042,8,0.059,-0.29235351240866664,0.2441282122133186,-0.4409600502225274,0.4207221350078493,0.5095423933624601,-0.07459038975624462,-0.07459038975624462,49.72222222222222
1610612763,MEM,2018,2018-19,Regular Season,Mike Conley,0.2822629417818757,Mike Conley,0.4201954397394137,17,0.058,-0.327019936804951,0.24090121317157712,-0.5454563620201704,0.3694185672984259,-0.8889988862378322,-0.5871583950209845,-0.5871583950209845,25.833333333333336
1610612752,NYK,2018,2018-19,Regular Season,Emmanuel Mudiay,0.21075555555555558,Allonzo Trier,0.26,12,0.056,-0.3963527855975202,0.29332965060074573,1.1522752684500575,0.47479259731971923,1.983509544702157,0.9131440091848981,0.9131440091848981,85.0
1610612754,IND,2018,2018-19,Regular Season,Darren Collison,0.21392072306238183,Victor Oladipo,0.25815217391304346,7,0.052,-0.5350184831826587,0.24302733006306937,-0.476608689387546,0.3722713864306785,-0.8112307017270337,-0.6076192914324128,-0.6076192914324128,24.72222222222222
1610612755,PHI,2018,2018-19,Regular Season,Ben Simmons,0.25009137349233734,Joel Embiid,0.3236151603498542,6,0.043,-0.8470163027492198,0.24678556615512234,-0.35490992053002957,0.3522160258291752,-1.3579421865370813,-0.853289469938777,-0.853289469938777,13.88888888888889
1610612743,DEN,2018,2018-19,Regular Season,Jamal Murray,0.24209880938254025,Jamal Murray,0.34591194968553457,9,0.048,-0.6736841807677968,0.23740520043336943,-0.65866384439461,0.3471939517301541,-1.4948445161464585,-0.9423975137696218,-0.9423975137696218,11.666666666666666
1610612753,ORL,2018,2018-19,Regular Season,D.J. Augustin,0.22008062484252955,Aaron Gordon,0.3134920634920635,11,0.042,-0.8816827271455042,0.24182290953879843,-0.5156100962710687,0.36821471652593485,-0.9218159996468519,-0.773036274354475,-0.773036274354475,18.333333333333332
1610612748,MIA,2018,2018-19,Regular Season,Josh Richardson,0.2420817098105783,Dwyane Wade,0.33229813664596275,10,0.046,-0.7430170295603661,0.2226378498198947,-1.1368584934075845,0.3875730544447862,-0.39410543500726253,-0.7579936526584042,-0.7579936526584042,18.88888888888889
1610612737,ATL,2018,2018-19,Regular Season,Trae Young,0.38546101815592737,Trae Young,0.5811320754716981,9,0.037,-1.0550148491269273,0.21783625730994152,-1.2923431097818496,0.3755896226415094,-0.7207751930069427,-1.0227110506385733,-1.0227110506385733,8.61111111111111
1610612762,UTA,2018,2018-19,Regular Season,Donovan Mitchell,0.43252528185029276,Donovan Mitchell,0.6265060240963856,6,0.032,-1.2283469711083501,0.22154758542784525,-1.1721633095478412,0.35636692818346405,-1.244788100978297,-1.2150994605448295,-1.2150994605448295,5.833333333333333
1610612745,HOU,2017,2017-18,Regular Season,James Harden,0.44802078994863254,James Harden,0.6113945578231292,10,0.145,3.547932065784573,0.28033593976252535,0.9929747305959554,0.44328922495274103,0.790236379779719,1.7770477253867492,1.7770477253867492,98.05555555555556
1610612739,CLE,2017,2017-18,Regular Season,LeBron James,0.5123518461284133,LeBron James,0.6983914209115282,11,0.101,1.4553179787266484,0.2538129496402878,0.09246799869781343,0.42132286318332834,0.20381000932925705,0.5838653289179062,0.5838653289179062,74.72222222222223
1610612760,OKC,2017,2017-18,Regular Season,Russell Westbrook,0.30067255376598556,Russell Westbrook,0.4267515923566879,6,0.105,1.645555623004641,0.27932419332502423,0.9586239853087621,0.4649954142464078,1.369717039226948,1.3246322158467838,1.3246322158467838,95.0
1610612746,LAC,2017,2017-18,Regular Season,Lou Williams,0.24987533184788469,Austin Rivers,0.36502546689303905,12,0.079,0.40901093519768533,0.24828669331810393,-0.09515907492345395,0.44518473652331925,0.8408400246686448,0.38489729498095876,0.38489729498095876,68.33333333333333
1610612757,POR,2017,2017-18,Regular Season,Damian Lillard,0.30871385458269546,Damian Lillard,0.4196816208393632,8,0.086,0.7419268126841732,0.30047672462142455,1.6767932694395238,0.5037243947858473,2.4036477250365227,1.607455935720073,1.607455935720073,97.5
1610612742,DAL,2017,2017-18,Regular Season,Dennis Smith Jr.,0.3160257300198992,Harrison Barnes,0.4326530612244898,8,0.095,1.1699615123096583,0.2911104799772792,1.358791177074145,0.40601023017902815,-0.2049846690528337,0.7745893401103232,0.7745893401103232,79.72222222222223
1610612738,BOS,2017,2017-18,Regular Season,Kyrie Irving,0.24129908021736357,Kyrie Irving,0.37389770723104054,9,0.083,0.5992485794756788,0.24802867383512545,-0.10391933461936961,0.41356255969436484,-0.003363425051843002,0.1639886066014887,0.1639886066014887,60.55555555555555
1610612750,MIN,2017,2017-18,Regular Season,Jeff Teague,0.21485095495924317,Jamal Crawford,0.2536443148688047,8,0.087,0.7894862237536715,0.2749539855585445,0.8102469925424377,0.4469539375928677,0.8880716132541099,0.8292682765167396,0.8292682765167396,82.22222222222221
1610612751,BKN,2017,2017-18,Regular Season,Spencer Dinwiddie,0.23128673238002684,Spencer Dinwiddie,0.3435374149659864,8,0.076,0.26633270198919023,0.21408490300815294,-1.2563759013497044,0.3810586734693877,-0.8711054855959792,-0.6203828949854978,-0.6203828949854978,23.88888888888889
1610612749,MIL,2017,2017-18,Regular Season,Eric Bledsoe,0.30910820451843046,Giannis Antetokounmpo,0.45689655172413796,7,0.075,0.2187732909196919,0.26237696488908474,0.38323285394518997,0.4151059256984956,0.0378391433834679,0.21328176274944996,0.21328176274944996,62.77777777777778
1610612764,WAS,2017,2017-18,Regular Season,Bradley Beal,0.3238915843559357,Bradley Beal,0.4118673647469459,8,0.073,0.12365446878069519,0.26132801367911085,0.34761893478823097,0.3694656488549618,-1.1805994026381377,-0.2364419996897372,-0.2364419996897372,42.22222222222222
1610612740,NOP,2017,2017-18,Regular Season,Jrue Holiday,0.2655776924740484,Jrue Holiday,0.3180147058823529,9,0.07,-0.019023764427799208,0.2285595912166828,-0.7649322853081153,0.3728571428571429,-1.0900581678637482,-0.6246714058665542,-0.6246714058665542,23.333333333333332
1610612744,GSW,2017,2017-18,Regular Season,Kevin Durant,0.3449054552950658,Kevin Durant,0.5346320346320347,9,0.064,-0.3043802308447893,0.28542771170654824,1.1658502205671395,0.31547449415787976,-2.6219776890290647,-0.5868358997689048,-0.5868358997689048,26.111111111111114
1610612752,NYK,2017,2017-18,Regular Season,Jarrett Jack,0.2715315123817621,Michael Beasley,0.4329896907216495,11,0.073,0.12365446878069519,0.2620603364382038,0.3724827066120769,0.42651469706058787,0.3424141317862848,0.27951710239301897,0.27951710239301897,64.72222222222223
1610612761,TOR,2017,2017-18,Regular Season,DeMar DeRozan,0.35076998533599585,DeMar DeRozan,0.5413870246085011,7,0.059,-0.5421772861922811,0.21062909750313852,-1.3737071715818259,0.41028672775642916,-0.0908168801908861,-0.668900445988331,-0.668900445988331,21.944444444444443
1610612758,SAC,2017,2017-18,Regular Season,De'Aaron Fox,0.21148731733821385,Zach Randolph,0.2647058823529412,11,0.066,-0.20926140870579263,0.2742460710746142,0.7862119287939893,0.44385026737967914,0.8052142845211481,0.4607216015364482,0.4607216015364482,71.11111111111111
1610612747,LAL,2017,2017-18,Regular Season,Lonzo Ball,0.23799866496135014,Brandon Ingram,0.33182844243792325,10,0.062,-0.399499052983786,0.20985099337748345,-1.400125309206612,0.4161174355901738,0.06484298137349682,-0.5782604602723004,-0.5782604602723004,26.944444444444443
1610612763,MEM,2017,2017-18,Regular Season,Tyreke Evans,0.24608336223840904,Tyreke Evans,0.3844086021505376,11,0.065,-0.256820819775291,0.22495580436063642,-0.8872878081673161,0.4135413209425821,-0.003930426736126716,-0.38267968489291126,-0.38267968489291126,33.88888888888889
1610612743,DEN,2017,2017-18,Regular Season,Jamal Murray,0.23122838025501832,Jamal Murray,0.3056179775280899,9,0.066,-0.20926140870579263,0.21669952126161646,-1.1676045626832696,0.38316357100059917,-0.8149119551262551,-0.7305926421717724,-0.7305926421717724,20.0
1610612754,IND,2017,2017-18,Regular Season,Darren Collison,0.27217911181179744,Victor Oladipo,0.39819004524886875,7,0.062,-0.399499052983786,0.2647183396865735,0.46272704963421635,0.456203288490284,1.1349974962352123,0.3994084976285475,0.3994084976285475,69.16666666666667
1610612737,ATL,2017,2017-18,Regular Season,Dennis Schröder,0.3391957245592745,Dennis Schröder,0.5281173594132029,7,0.056,-0.6848555194007758,0.23107626514611546,-0.6794863455780185,0.3782747603833866,-0.9454263978986465,-0.7699227542924802,-0.7699227542924802,18.61111111111111
1610612756,PHX,2017,2017-18,Regular Season,Elfrid Payton,0.2463199102584648,Devin Booker,0.38516746411483255,13,0.062,-0.399499052983786,0.25304579190589555,0.06642151219444137,0.4471931493815414,0.8944577459452419,0.18712673505196573,0.18712673505196573,61.38888888888889
1610612765,DET,2017,2017-18,Regular Season,Ish Smith,0.20694884175396075,Andre Drummond,0.2619647355163728,8,0.059,-0.5421772861922811,0.2512273811193716,0.004682954547877378,0.4177057356608479,0.10724513496675159,-0.14341639889255073,-0.14341639889255073,46.666666666666664
1610612766,CHA,2017,2017-18,Regular Season,Kemba Walker,0.22334693877551015,Kemba Walker,0.3171428571428571,9,0.052,-0.8750931636787692,0.30270194202082745,1.752343697157669,0.44635595871129186,0.8721076321083173,0.5831193885290723,0.5831193885290723,74.44444444444444
1610612753,ORL,2017,2017-18,Regular Season,D.J. Augustin,0.23353333333333334,Aaron Gordon,0.32,10,0.051,-0.9226525747482676,0.21371769383697814,-1.268843361810748,0.39629164047768695,-0.4644376155298753,-0.8853111840296303,-0.8853111840296303,13.055555555555557
1610612762,UTA,2017,2017-18,Regular Season,Ricky Rubio,0.23707755102040817,Donovan Mitchell,0.36857142857142855,10,0.053,-0.8275337526092709,0.2640870972487862,0.44129514990995977,0.4141446320484231,0.012175906473018564,-0.12468756540876418,-0.12468756540876418,47.77777777777778
1610612741,CHI,2017,2017-18,Regular Season,Jerian Grant,0.21210395158419368,Jerian Grant,0.26037735849056604,15,0.052,-0.8750931636787692,0.26245710363761154,0.3859537192096902,0.3933753943217666,-0.5422913660284132,-0.34381027016583077,-0.34381027016583077,36.94444444444444
1610612748,MIA,2017,2017-18,Regular Season,Goran Dragic,0.2546591553287982,James Johnson,0.35119047619047616,10,0.05,-0.9702119858177656,0.20265828212090897,-1.6443317458600077,0.4152010050251256,0.04037743465836367,-0.8580554323398032,-0.8580554323398032,13.61111111111111
1610612759,SAS,2017,2017-18,Regular Season,Dejounte Murray,0.23326291434032492,Rudy Gay,0.3475177304964539,10,0.046,-1.160449630095759,0.2650378625517931,0.47357546792339034,0.4166146158650843,0.07811598612211784,-0.20291939201675024,-0.20291939201675024,44.72222222222222
1610612755,PHI,2017,2017-18,Regular Season,Ben Simmons,0.3078634775597958,Ben Simmons,0.42295081967213116,6,0.039,-1.4933655075822472,0.19540715694561847,-1.8905214478540726,0.33681696028665276,-2.052207188126816,-1.8120313811877118,-1.8120313811877118,0.5555555555555556
1610612739,CLE,2016,2016-17,Regular Season,Kyrie Irving,0.3478798369657047,LeBron James,0.41565600882028664,10,0.119,2.6616447096789275,0.26195605342524775,0.44152062759915095,0.4326717557251908,0.25290649767067813,1.1186906116495856,1.1186906116495856,91.66666666666666
1610612746,LAC,2016,2016-17,Regular Season,Chris Paul,0.23118584488219043,Jamal Crawford,0.3246445497630332,9,0.106,1.8869869210410306,0.312316715542522,1.9126325413434278,0.4299814929056138,0.19538309062146378,1.3316675176686408,1.3316675176686408,95.27777777777777
1610612745,HOU,2016,2016-17,Regular Season,James Harden,0.5375991898270812,James Harden,0.7159533073929961,8,0.094,1.1719181930675875,0.2156040268456376,-0.9124929151272129,0.37367624810892586,-1.0085399952110377,-0.24970490575688767,-0.24970490575688767,41.94444444444444
1610612752,NYK,2016,2016-17,Regular Season,Derrick Rose,0.3456981145204084,Carmelo Anthony,0.5290933694181326,12,0.097,1.3506853750609487,0.28004410143329656,0.9699001564276982,0.4494451294697904,0.6115560684404711,0.9773805333097059,0.9773805333097059,88.33333333333333
1610612742,DAL,2016,2016-17,Regular Season,Seth Curry,0.35080569959849006,Harrison Barnes,0.5402635431918009,11,0.105,1.827397860376577,0.29362962962962963,1.3667541997203305,0.42553908355795145,0.10039515140405994,1.0981824038336558,1.0981824038336558,91.11111111111111
1610612761,TOR,2016,2016-17,Regular Season,Kyle Lowry,0.3648029400390759,DeMar DeRozan,0.5453100158982512,9,0.085,0.6356166470875054,0.263370916449841,0.48285093908211807,0.5275615073185924,2.2818464830080214,1.133438023059215,1.133438023059215,92.77777777777779
1610612757,POR,2016,2016-17,Regular Season,Damian Lillard,0.3352193986339946,Damian Lillard,0.4862681744749596,9,0.08,0.33767134376523716,0.2821929451763706,1.0326711665436825,0.465618254702436,0.9573710792436477,0.7759045298508558,0.7759045298508558,80.0
1610612754,IND,2016,2016-17,Regular Season,Jeff Teague,0.3449762862351254,Paul George,0.4830917874396135,8,0.081,0.3972604044296908,0.2272399365170971,-0.5725902088229452,0.42750698540825827,0.1424729805084676,-0.010952274628262268,-0.010952274628262268,51.388888888888886
1610612747,LAL,2016,2016-17,Regular Season,D'Angelo Russell,0.21028008395281272,Julius Randle,0.2684887459807074,9,0.083,0.5164385257585982,0.2765214963707426,0.866999478456637,0.467741935483871,1.0027797854652534,0.7954059298934961,0.7954059298934961,81.38888888888889
1610612760,OKC,2016,2016-17,Regular Season,Russell Westbrook,0.6389847468881219,Russell Westbrook,0.7920489296636085,8,0.077,0.15890416177187616,0.23127353884781698,-0.45476251961960307,0.4683348779734322,1.0154581274977121,0.2398665898833284,0.2398665898833284,63.61111111111111
1610612764,WAS,2016,2016-17,Regular Season,John Wall,0.36252230814991077,John Wall,0.5317073170731708,10,0.079,0.2780822831007835,0.25598991172761665,0.26724050971600943,0.42266824085005905,0.039010571258715196,0.1947777880251694,0.1947777880251694,61.94444444444444
1610612758,SAC,2016,2016-17,Regular Season,Darren Collison,0.31575253990318647,DeMarcus Cousins,0.4989429175475687,13,0.078,0.21849322243632982,0.23715473715473714,-0.2829637280100856,0.40611916264090175,-0.3148430950772499,-0.12643786688366856,-0.12643786688366856,47.5
1610612756,PHX,2016,2016-17,Regular Season,Eric Bledsoe,0.2797938491552836,Devin Booker,0.4295900178253119,8,0.071,-0.1986302022148458,0.2820936639118457,1.0297710090613588,0.509480122324159,1.8952289148360362,0.9087899072275164,0.9087899072275164,84.72222222222221
1610612743,DEN,2016,2016-17,Regular Season,Jameer Nelson,0.23014568622676732,Wilson Chandler,0.29954954954954954,8,0.064,-0.6157536268660206,0.21100917431192662,-1.0467155805977228,0.3849570624814924,-0.7673327524548024,-0.8099339866395153,-0.8099339866395153,16.38888888888889
1610612740,NOP,2016,2016-17,Regular Season,Jrue Holiday,0.2666014424707843,Anthony Davis,0.42350332594235035,12,0.074,-0.01986302022148483,0.2453015427769986,-0.0449830838724318,0.4177570093457944,-0.066001759461138,-0.04361595451835154,-0.04361595451835154,50.27777777777778
1610612765,DET,2016,2016-17,Regular Season,Ish Smith,0.261729236637421,Marcus Morris Sr.,0.3405088062622309,8,0.068,-0.37739738420820595,0.31076627300192255,1.8673417449726348,0.47017436524931167,1.0547901862699118,0.8482448490114468,0.8482448490114468,83.05555555555556
1610612751,BKN,2016,2016-17,Regular Season,Spencer Dinwiddie,0.20554538568362582,Brook Lopez,0.25280898876404495,10,0.067,-0.43698644487265964,0.19335909546300273,-1.56230136087823,0.43391360412637003,0.2794597959412474,-0.5732760032698807,-0.5732760032698807,27.500000000000004
1610612748,MIA,2016,2016-17,Regular Season,Goran Dragic,0.24665069580078125,Dion Waiters,0.349609375,10,0.069,-0.3178083235437523,0.21116953247122353,-1.0420312736666815,0.4559650218613367,0.7509649102929437,-0.2029582289724967,-0.2029582289724967,44.44444444444444
1610612763,MEM,2016,2016-17,Regular Season,Mike Conley,0.23521052283693572,Zach Randolph,0.3089430894308943,13,0.074,-0.01986302022148483,0.2099503939305515,-1.0776441738209912,0.41554959785522794,-0.11320080216170768,-0.4035693320680613,-0.4035693320680613,33.611111111111114
1610612741,CHI,2016,2016-17,Regular Season,Jimmy Butler III,0.3432009224609819,Jimmy Butler III,0.4865424430641822,10,0.068,-0.37739738420820595,0.26284834056854783,0.46758569886316337,0.41590407068475865,-0.1056214367879601,-0.005144374044334228,-0.005144374044334228,51.94444444444445
1610612744,GSW,2016,2016-17,Regular Season,Stephen Curry,0.267842214532872,Kevin Durant,0.35764705882352943,8,0.057,-1.0328770515171959,0.24019607843137256,-0.19412150080898813,0.29473386183465455,-2.696492185623902,-1.307830245983362,-1.307830245983362,3.888888888888889
1610612755,PHI,2016,2016-17,Regular Season,T.J. McConnell,0.24745887130670552,Dario Saric,0.3260340632603406,13,0.064,-0.6157536268660206,0.20122997711670482,-1.3323808775956898,0.36884715025906734,-1.11179613779921,-1.0199768807536402,-1.0199768807536402,9.166666666666666
1610612737,ATL,2016,2016-17,Regular Season,Dennis Schröder,0.2774712909738564,Dennis Schröder,0.36231884057971014,8,0.06,-0.8541098695238353,0.22405319456490316,-0.6656798119934549,0.3794428434197886,-0.8852382096230366,-0.8016759637134423,-0.8016759637134423,16.944444444444446
1610612749,MIL,2016,2016-17,Regular Season,Giannis Antetokounmpo,0.2781930026912725,Giannis Antetokounmpo,0.4411764705882353,8,0.072,-0.13904114155039216,0.17661950856291883,-2.0512902796999333,0.376492771841609,-0.9483168675820491,-1.046216096277458,-1.046216096277458,8.333333333333332
1610612762,UTA,2016,2016-17,Regular Season,George Hill,0.2268631964555333,Joe Johnson,0.27611940298507465,11,0.066,-0.49657550553711327,0.2676899462778204,0.6090164017394875,0.4556544675239037,0.7443246135037006,0.2855885032353583,0.2855885032353583,65.27777777777779
1610612750,MIN,2016,2016-17,Regular Season,Ricky Rubio,0.29257158779852155,Andrew Wiggins,0.402834008097166,9,0.066,-0.49657550553711327,0.24530482519503033,-0.04488719942474247,0.4003091190108191,-0.4390738959770271,-0.3268455336462943,-0.3268455336462943,37.77777777777778
1610612738,BOS,2016,2016-17,Regular Season,Isaiah Thomas,0.30090666666666666,Isaiah Thomas,0.4746666666666667,10,0.055,-1.1520551728461033,0.21814533467106206,-0.8382574293075945,0.34690656565656564,-1.5809314095664098,-1.1904146705733691,-1.1904146705733691,6.111111111111111
1610612759,SAS,2016,2016-17,Regular Season,Tony Parker,0.34154999999999996,Kawhi Leonard,0.5325,9,0.059,-0.913698930188289,0.25524475524475526,0.24547334992393915,0.39354438237119804,-0.5837180164213068,-0.41731453222855225,-0.41731453222855225,33.05555555555556
1610612753,ORL,2016,2016-17,Regular Season,Elfrid Payton,0.2128670082423702,Elfrid Payton,0.2865671641791045,9,0.051,-1.3904114155039178,0.22725360998177485,-0.5721907860206245,0.4201975151322077,-0.013818676553315994,-0.6588069593592861,-0.6588069593592861,22.5
1610612766,CHA,2016,2016-17,Regular Season,Kemba Walker,0.2530809474459663,Kemba Walker,0.38869257950530034,8,0.041,-1.9863020221484535,0.2857142857142857,1.1355349058172906,0.38861946330423536,-0.6890230156621913,-0.513263377331118,-0.513263377331118,29.166666666666668
1610612746,LAC,2015,2015-16,Regular Season,Chris Paul,0.28183086846635186,Jamal Crawford,0.3821376281112738,10,0.095,1.580918193685358,0.3260837401982542,2.357598715552164,0.40369309137217446,-0.36334708701005464,1.1917232740758223,1.1917232740758223,94.44444444444444
1610612745,HOU,2015,2015-16,Regular Season,James Harden,0.5994886778670561,James Harden,0.7648648648648648,10,0.094,1.5129704203177925,0.22652256462684386,-0.49605122784459577,0.4114414996767938,-0.16694566803540348,0.2833245081459311,0.2833245081459311,65.0
1610612752,NYK,2015,2015-16,Regular Season,Jose Calderon,0.38399780521262,Carmelo Anthony,0.5822222222222222,11,0.093,1.4450226469502268,0.267208829509149,0.670109746170216,0.44341495698213107,0.6434959268596393,0.9195427733266941,0.9195427733266941,85.55555555555556
1610612747,LAL,2015,2015-16,Regular Season,D'Angelo Russell,0.2478902494387473,Kobe Bryant,0.3329177057356609,11,0.106,2.328343700728579,0.3237492811960897,2.2906878061423943,0.4868055555555556,1.743331505335746,2.1207876707355733,2.1207876707355733,98.88888888888889
1610612739,CLE,2015,2015-16,Regular Season,LeBron James,0.3393136731197849,LeBron James,0.5064377682403434,8,0.089,1.1732315534799644,0.26306620209059234,0.5513726136420954,0.41311888994008195,-0.12442831286612835,0.5333919514186439,0.5333919514186439,73.33333333333333
1610612760,OKC,2015,2015-16,Regular Season,Russell Westbrook,0.32375905902771374,Kevin Durant,0.3905579399141631,8,0.082,0.697597139907006,0.2623552668737645,0.5309955918801894,0.4415776986951364,0.5969263450303534,0.6085063589391829,0.6085063589391829,76.38888888888889
1610612757,POR,2015,2015-16,Regular Season,Damian Lillard,0.35050469247003924,Damian Lillard,0.4977168949771689,7,0.082,0.697597139907006,0.2940340909090909,1.43898280573591,0.4480580991474582,0.7611871576157199,0.9659223677528788,0.9659223677528788,87.77777777777777
1610612749,MIL,2015,2015-16,Regular Season,Michael Carter-Williams,0.2381404929892824,Giannis Antetokounmpo,0.3422712933753943,8,0.085,0.9014404600097028,0.20059347181008902,-1.239238055683833,0.39745627980922094,-0.521433572993419,-0.2864103895558497,-0.2864103895558497,39.44444444444444
1610612761,TOR,2015,2015-16,Regular Season,Kyle Lowry,0.30660436274401764,DeMar DeRozan,0.46322378716744916,6,0.081,0.6296493665394404,0.24876293297345928,0.14140835928051765,0.4890219560878244,1.7995113286543303,0.8568563514914294,0.8568563514914294,83.33333333333334
1610612763,MEM,2015,2015-16,Regular Season,Mike Conley,0.25107288365776365,Zach Randolph,0.3723404255319149,13,0.077,0.3578582730691779,0.19886280798950284,-1.2888428206467804,0.4378933421662802,0.5035377648435692,-0.14248226091134442,-0.14248226091134442,46.94444444444444
1610612755,PHI,2015,2015-16,Regular Season,Ish Smith,0.2233673469387755,Jahlil Okafor,0.3339285714285714,13,0.085,0.9014404600097028,0.2016843328009293,-1.2079714963357835,0.4057239057239057,-0.3118713768159596,-0.20613413771401343,-0.20613413771401343,44.166666666666664
1610612750,MIN,2015,2015-16,Regular Season,Ricky Rubio,0.24772380871500788,Andrew Wiggins,0.37420718816067655,9,0.071,-0.049828367136215856,0.2438512297540492,0.0006277634949837687,0.38093699515347335,-0.9401532402185975,-0.3297846146199432,-0.3297846146199432,37.5
1610612758,SAC,2015,2015-16,Regular Season,Rajon Rondo,0.25948183760683763,DeMarcus Cousins,0.3349358974358974,8,0.076,0.28991049970161226,0.18636171113934774,-1.647152715182482,0.3880597014925373,-0.7596116919501705,-0.7056179691436801,-0.7056179691436801,21.11111111111111
1610612744,GSW,2015,2015-16,Regular Season,Stephen Curry,0.2832954614007923,Stephen Curry,0.45067264573991034,8,0.063,-0.5934105540767399,0.23941891325604134,-0.12641251752886404,0.31986242476354254,-2.488230189222249,-1.0693510869426177,-1.0693510869426177,8.055555555555555
1610612740,NOP,2015,2015-16,Regular Season,Jrue Holiday,0.21780233810407926,Anthony Davis,0.2737306843267108,11,0.073,0.08606717959891538,0.27585227272727275,0.91785050564388,0.423406279733587,0.13632949358364513,0.38008239294214685,0.38008239294214685,68.05555555555556
1610612765,DET,2015,2015-16,Regular Season,Reggie Jackson,0.25880056863359274,Reggie Jackson,0.3395176252319109,8,0.07,-0.11777614050378053,0.2678143078876817,0.6874641348735567,0.4876245580199293,1.764091026494542,0.777926340288106,0.777926340288106,80.27777777777779
1610612751,BKN,2015,2015-16,Regular Season,Shane Larkin,0.21293624790128285,Joe Johnson,0.2564102564102564,13,0.068,-0.25367168723891176,0.22471098265895953,-0.5479752911196805,0.4167729591836735,-0.03180743432450963,-0.27781813756103396,-0.27781813756103396,40.0
1610612748,MIA,2015,2015-16,Regular Season,Goran Dragic,0.2720414089130161,Dwyane Wade,0.3865168539325843,11,0.067,-0.3216194606064774,0.23473196953859937,-0.26075099432184756,0.45746031746031746,0.9995082353852185,0.13904592681896452,0.13904592681896452,59.72222222222222
1610612762,UTA,2015,2015-16,Regular Season,Gordon Hayward,0.28053749508996356,Gordon Hayward,0.4261501210653753,11,0.063,-0.5934105540767399,0.25769755801607763,0.3974950527210938,0.4744673655732161,1.4305914011951761,0.4115586332798433,0.4115586332798433,69.44444444444444
1610612742,DAL,2015,2015-16,Regular Season,Deron Williams,0.21124477116903048,Deron Williams,0.27860696517412936,9,0.063,-0.5934105540767399,0.24144927536231883,-0.06821771743333899,0.408289817232376,-0.24683238539800365,-0.3028202189693609,-0.3028202189693609,38.88888888888889
1610612741,CHI,2015,2015-16,Regular Season,Derrick Rose,0.2592875256611521,Jimmy Butler III,0.37142857142857144,10,0.064,-0.5254627807091743,0.2400278940027894,-0.10895774297931216,0.4091627172195893,-0.22470670624278408,-0.28637574331042354,-0.28637574331042354,39.72222222222222
1610612756,PHX,2015,2015-16,Regular Season,Brandon Knight,0.21942096602586555,Brandon Knight,0.3059125964010283,11,0.064,-0.5254627807091743,0.24351667141635794,-0.008961440086996612,0.4424778761061947,0.6197434338968989,0.028439737700242662,0.028439737700242662,53.333333333333336
1610612754,IND,2015,2015-16,Regular Season,George Hill,0.3804904314667043,Paul George,0.5672268907563025,9,0.066,-0.389567233974043,0.27100930565497494,0.779040044312771,0.44589433481858687,0.7063415212204729,0.3652714438530669,0.3652714438530669,67.77777777777779
1610612753,ORL,2015,2015-16,Regular Season,Elfrid Payton,0.20907971031549874,Victor Oladipo,0.24929971988795518,10,0.053,-1.2728882877523957,0.19985955056179774,-1.2602739094352975,0.4037631091918569,-0.36157232261993616,-0.9649115066025432,-0.9649115066025432,11.11111111111111
1610612759,SAS,2015,2015-16,Regular Season,Tony Parker,0.3045270250841089,Kawhi Leonard,0.48297213622291024,10,0.051,-1.4087838344875268,0.25231719876416064,0.24328170814608202,0.3888719975676498,-0.7390221598156135,-0.6348414287190194,-0.6348414287190194,22.77777777777778
1610612743,DEN,2015,2015-16,Regular Season,Emmanuel Mudiay,0.2850751237016266,Danilo Gallinari,0.4346793349168646,11,0.062,-0.6613583274443054,0.22019134656575753,-0.6775183505252929,0.39928871645651476,-0.4749862068298284,-0.6046209615998088,-0.6046209615998088,25.0
1610612737,ATL,2015,2015-16,Regular Season,Jeff Teague,0.27151623576485073,Jeff Teague,0.4100877192982456,5,0.056,-1.0690449676496987,0.1811353459482883,-1.7969522394050572,0.33712121212121215,-2.0507661071078234,-1.6389211047208596,-1.6389211047208596,1.3888888888888888
1610612764,WAS,2015,2015-16,Regular Season,John Wall,0.38277039091762244,John Wall,0.5763688760806917,10,0.049,-1.5446793812226576,0.24968007962462677,0.16769587019197157,0.3807906114885732,-0.943863674461455,-0.7736157284973805,-0.7736157284973805,18.055555555555554
1610612738,BOS,2015,2015-16,Regular Season,Isaiah Thomas,0.25993986415742704,Isaiah Thomas,0.37823834196891193,9,0.052,-1.3408360611199612,0.2185023230390817,-0.7259296098704299,0.38401741293532343,-0.8620728913772197,-0.9762795207892035,-0.9762795207892035,10.555555555555555
1610612766,CHA,2015,2015-16,Regular Season,Kemba Walker,0.25391226449427506,Kemba Walker,0.3439153439153439,9,0.052,-1.3408360611199612,0.25382837330251373,0.28659541061176724,0.41436100131752307,-0.09294411282615887,-0.38239492111145096,-0.38239492111145096,34.166666666666664
1610612739,CLE,2014,2014-15,Regular Season,Kyrie Irving,0.35145345026684566,LeBron James,0.511731843575419,8,0.114,2.002906038007325,0.2495919275856952,0.40643709462589367,0.4127549368727743,-0.006892172349975073,0.8008169867610814,0.8008169867610814,81.66666666666667
1610612761,TOR,2014,2014-15,Regular Season,Kyle Lowry,0.24101293333584586,Lou Williams,0.33709273182957394,8,0.103,1.4101177038885648,0.3012154048909064,1.7505563834083613,0.45270270270270274,1.1127521711478314,1.4244754194815858,1.4244754194815858,96.11111111111111
1610612745,HOU,2014,2014-15,Regular Season,James Harden,0.5787344786010576,James Harden,0.7490247074122237,10,0.096,1.032888763994809,0.17374121779859486,-1.56848608790042,0.39973614775725597,-0.3717790011763431,-0.30245877502731805,-0.30245877502731805,39.166666666666664
1610612740,NOP,2014,2014-15,Regular Season,Tyreke Evans,0.27795771182644075,Tyreke Evans,0.4281842818428184,11,0.106,1.5717872495573177,0.20647534952170712,-0.7161882546791047,0.41891891891891897,0.16587012080979396,0.34048970522933564,0.34048970522933564,66.94444444444444
1610612747,LAL,2014,2014-15,Regular Season,Jeremy Lin,0.21642817794975103,Kobe Bryant,0.3132137030995106,13,0.103,1.4101177038885648,0.30470085470085473,1.8413069597776477,0.4384413883431565,0.7130402067418707,1.3214882901360279,1.3214882901360279,94.72222222222221
1610612760,OKC,2014,2014-15,Regular Season,Russell Westbrook,0.2570758445591209,Russell Westbrook,0.39631336405529954,10,0.089,0.6556598241010523,0.2586037364798427,0.6410773550994413,0.4720477386934674,1.654949204494663,0.9838954612317189,0.9838954612317189,88.61111111111111
1610612756,PHX,2014,2014-15,Regular Season,Eric Bledsoe,0.2102027034386607,Eric Bledsoe,0.28217821782178215,13,0.093,0.8712192183260561,0.264563796533106,0.7962593013393242,0.4779735682819384,1.8210366299469454,1.1628383832041085,1.1628383832041085,93.61111111111111
1610612757,POR,2020,2020-21,Regular Season,,0.31254006287964353,Damian Lillard,0.457182320441989,9,0.102,2.3249011752853916,,,0.4850319542549614,2.373446632252344,2.349173903768868,2.349173903768868,99.72222222222223
1610612751,BKN,2020,2020-21,Regular Season,,0.319955970726483,James Harden,0.41836734693877553,11,0.099,2.147427803126202,,,0.3789439793947199,-0.5251457881844209,0.8111410074708905,0.8111410074708905,81.94444444444444
1610612749,MIL,2020,2020-21,Regular Season,,0.30868537636960564,Giannis Antetokounmpo,0.43553459119496857,8,0.086,1.37837652376971,,,0.43061161130083825,0.886544899872234,1.132460711820972,1.132460711820972,92.5
1610612752,NYK,2020,2020-21,Regular Season,,0.4857583165054736,Julius Randle,0.6752577319587629,7,0.085,1.319218733049981,,,0.45720324057766815,1.6130956250644641,1.4661571790572225,1.4661571790572225,96.66666666666667
1610612746,LAC,2020,2020-21,Regular Season,,0.2659180964489577,Kawhi Leonard,0.3502722323049002,8,0.081,1.0825875701710603,,,0.4164174144233965,0.49872345698635434,0.7906555135787073,0.7906555135787073,81.11111111111111
1610612745,HOU,2020,2020-21,Regular Season,,0.302305497874983,John Wall,0.48237885462555063,11,0.078,0.9051141980118699,,,0.39879688605803254,0.017285951640248234,0.46120007482605907,0.46120007482605907,71.38888888888889
1610612764,WAS,2020,2020-21,Regular Season,,0.44485632794784585,Russell Westbrook,0.6175595238095238,5,0.084,1.2600609423302507,,,0.40958815958815964,0.3121309018100804,0.7860959220701655,0.7860959220701655,80.83333333333333
1610612738,BOS,2020,2020-21,Regular Season,,0.38309946051423327,Jayson Tatum,0.5738636363636364,7,0.078,0.9051141980118699,,,0.4341708542713568,0.9837924409854388,0.9444533194986544,0.9444533194986544,86.66666666666667
1610612747,LAL,2020,2020-21,Regular Season,,0.25332829988634586,LeBron James,0.39478957915831664,10,0.079,0.9642719887316,,,0.3931623931623932,-0.13666267846434751,0.41380465513362624,0.41380465513362624,70.0
1610612760,OKC,2020,2020-21,Regular Season,,0.30161529632429107,Shai Gilgeous-Alexander,0.46296296296296297,11,0.071,0.491009662973759,,,0.4318425760286225,0.9201779768961005,0.7055938199349298,0.7055938199349298,78.88888888888889
1610612742,DAL,2020,2020-21,Regular Season,,0.5120407220801053,Luka Dončić,0.6970387243735763,6,0.062,-0.04141045350381142,,,0.44320486815415816,1.230624602701273,0.5946070745987309,0.5946070745987309,75.27777777777777
1610612756,PHX,2020,2020-21,Regular Season,,0.41390396938412244,Devin Booker,0.49292452830188677,4,0.06,-0.1597260349432717,,,0.37812700449005776,-0.5474676137208252,-0.3535968243320484,-0.3535968243320484,36.11111111111111
1610612766,CHA,2020,2020-21,Regular Season,,0.21665471054726274,Terry Rozier,0.30094043887147337,8,0.053,-0.5738305699813823,,,0.32765217391304347,-1.9265679455548954,-1.250199257768139,-1.250199257768139,5.0
1610612743,DEN,2020,2020-21,Regular Season,,0.2648301193755739,Nikola Jokić,0.3606060606060606,9,0.057,-0.3371994071024617,,,0.37925497752087345,-0.5166485309559155,-0.4269239690291886,-0.4269239690291886,32.5
1610612761,TOR,2020,2020-21,Regular Season,,0.29716605481421055,Pascal Siakam,0.4681933842239186,9,0.061,-0.10056824422354156,,,0.39314445610353266,-0.1371527643852694,-0.11886050430440548,-0.11886050430440548,48.333333333333336
1610612759,SAS,2020,2020-21,Regular Season,,0.34518177100821096,DeMar DeRozan,0.511049723756906,7,0.052,-0.6329883607011124,,,0.41639017916390175,0.49797932065191886,-0.06750452002459678,-0.06750452002459678,50.0
1610612755,PHI,2020,2020-21,Regular Season,,0.2843825875823795,Joel Embiid,0.43010752688172044,7,0.053,-0.5738305699813823,,,0.4277088225427709,0.8072333520427311,0.1167013910306744,0.1167013910306744,58.611111111111114
1610612740,NOP,2020,2020-21,Regular Season,,0.35450537070489285,Brandon Ingram,0.43256997455470736,6,0.053,-0.5738305699813823,,,0.388235294117647,-0.2712835152241873,-0.4225570426027848,-0.4225570426027848,32.77777777777778
1610612750,MIN,2020,2020-21,Regular Season,,0.32866265732531463,Anthony Edwards,0.46194225721784776,7,0.053,-0.5738305699813823,,,0.37039563437926326,-0.7587082452086349,-0.6662694075950086,-0.6662694075950086,22.22222222222222
1610612744,GSW,2020,2020-21,Regular Season,,0.30094954648526084,Andrew Wiggins,0.4017857142857143,9,0.05,-0.7513039421405723,,,0.33030608812647155,-1.8540562812153114,-1.3026801116779418,-1.3026801116779418,4.166666666666666
1610612758,SAC,2020,2020-21,Regular Season,,0.34804804505965825,De'Aaron Fox,0.5362776025236593,10,0.052,-0.6329883607011124,,,0.4013694163677861,0.08757400141232566,-0.2727071796443934,-0.2727071796443934,40.27777777777778
1610612762,UTA,2020,2020-21,Regular Season,,0.29167172219660753,Donovan Mitchell,0.3842364532019704,5,0.053,-0.5738305699813823,,,0.4267923258162235,0.7821923380312468,0.10418088402493225,0.10418088402493225,57.22222222222222
1610612737,ATL,2020,2020-21,Regular Season,,0.28846280991735535,Trae Young,0.45454545454545453,10,0.049,-0.8104617328603023,,,0.40858018386108275,0.2845904495925851,-0.26293564163385863,-0.26293564163385863,41.11111111111111
1610612765,DET,2020,2020-21,Regular Season,,0.2871039944903581,Jerami Grant,0.4621212121212121,13,0.055,-0.45551498854192196,,,0.373697448796263,-0.6684943047934991,-0.5620046466677106,-0.5620046466677106,28.055555555555557
1610612739,CLE,2020,2020-21,Regular Season,,0.3020540789234058,Collin Sexton,0.4582043343653251,10,0.058,-0.27804161638273156,,,0.3822894168466523,-0.4337399558646764,-0.35589078612370395,-0.35589078612370395,35.833333333333336
1610612754,IND,2020,2020-21,Regular Season,,0.2517052925706772,Malcolm Brogdon,0.358974358974359,8,0.047,-0.9287773142997626,,,0.36661316211878014,-0.862054976439882,-0.8954161453698224,-0.8954161453698224,12.5
1610612748,MIA,2020,2020-21,Regular Season,,0.2641294703136453,Bam Adebayo,0.36645962732919257,6,0.047,-0.9287773142997626,,,0.3289660056657224,-1.8906707313318758,-1.4097240228158192,-1.4097240228158192,2.2222222222222223
1610612763,MEM,2020,2020-21,Regular Season,,0.3101385041551246,Ja Morant,0.4631578947368421,7,0.041,-1.283724058618143,,,0.37179902755267424,-0.7203639859209945,-1.0020440222695688,-1.0020440222695688,9.444444444444445
1610612741,CHI,2020,2020-21,Regular Season,,0.41848771266540646,Zach LaVine,0.6,6,0.041,-1.283724058618143,,,0.3650741350906096,-0.9041050964895797,-1.0939145775538615,-1.0939145775538615,7.5
1610612753,ORL,2020,2020-21,Regular Season,,0.21986323867538596,Cole Anthony,0.3005464480874317,12,0.041,-1.283724058618143,,,0.4295570079883806,0.8577304638149491,-0.212996797401597,-0.212996797401597,43.888888888888886
1610612743,DEN,2014,2014-15,Regular Season,Ty Lawson,0.22307659447221154,Ty Lawson,0.31209150326797386,12,0.093,0.8712192183260561,0.2259010896898575,-0.21040070564370628,0.4230396902226524,0.28136589848897103,0.3140614703904403,0.3140614703904403,65.83333333333333
1610612758,SAC,2014,2014-15,Regular Season,Darren Collison,0.3090660836115547,Rudy Gay,0.3855421686746988,11,0.09,0.7095496726573032,0.22940909777844945,-0.11906277989329642,0.4461794019933555,0.9299189991689375,0.5068019639776481,0.5068019639776481,71.94444444444444
1610612750,MIN,2014,2014-15,Regular Season,Zach LaVine,0.2527933098141724,Andrew Wiggins,0.3871473354231975,11,0.09,0.7095496726573032,0.2467741935483871,0.3330718184393859,0.4068988613529806,-0.17102455108542855,0.29053231333708684,0.29053231333708684,65.55555555555556
1610612752,NYK,2014,2014-15,Regular Season,Shane Larkin,0.33311721744436606,Carmelo Anthony,0.5262008733624454,17,0.091,0.7634395212135542,0.23267915551590843,-0.03392036195107718,0.39417071478140175,-0.5277653353573377,0.06725127463504643,0.06725127463504643,56.388888888888886
1610612746,LAC,2014,2014-15,Regular Season,Chris Paul,0.29371240138244725,Chris Paul,0.3870967741935484,8,0.076,-0.04490820713020938,0.298389458272328,1.676977276432601,0.370817843866171,-1.1822927984447371,0.14992542361921815,0.14992542361921815,60.0
1610612751,BKN,2014,2014-15,Regular Season,Deron Williams,0.24535662733498603,Joe Johnson,0.3653483992467043,11,0.079,0.11676133853854348,0.23677248677248677,0.07265760963371824,0.4408602150537635,0.7808343771583691,0.3234177751102103,0.3234177751102103,66.38888888888889
1610612749,MIL,2014,2014-15,Regular Season,Michael Carter-Williams,0.24232614776234568,Giannis Antetokounmpo,0.359375,11,0.087,0.5478801269885504,0.22463552514132698,-0.24335218062517627,0.3733376581252027,-1.1116681784396736,-0.26904674402543316,-0.26904674402543316,40.55555555555556
1610612748,MIA,2014,2014-15,Regular Season,Goran Dragic,0.2768289392231869,Dwyane Wade,0.38645418326693226,10,0.078,0.06287148998229253,0.2344391785150079,0.011905316311622054,0.43639514731369156,0.6556887592584898,0.24348852185080147,0.24348852185080147,64.16666666666667
1610612755,PHI,2014,2014-15,Regular Season,Ish Smith,0.23776469996479052,Michael Carter-Williams,0.37115839243498816,16,0.083,0.3323207327635473,0.15360779105799027,-2.0926996559121114,0.3913200723327306,-0.6076623114880584,-0.7893470782122075,-0.7893470782122075,17.5
1610612757,POR,2014,2014-15,Regular Season,Damian Lillard,0.3212524654832348,Damian Lillard,0.48504273504273504,9,0.069,-0.4221371470239653,0.27266278904809194,1.0071325827871527,0.4333858267716535,0.5713443997513962,0.3854466118381945,0.3854466118381945,68.61111111111111
1610612744,GSW,2014,2014-15,Regular Season,Stephen Curry,0.27253629592223205,Stephen Curry,0.3887640449438202,10,0.063,-0.745476238361471,0.2443603755079165,0.270223293753117,0.34076246334310856,-2.024676248312409,-0.8333097309735877,-0.8333097309735877,15.277777777777779
1610612741,CHI,2014,2014-15,Regular Season,Aaron Brooks,0.21188429075333837,Derrick Rose,0.25,8,0.068,-0.47602699558021627,0.21656613211711048,-0.45345478081404794,0.4065311562812396,-0.18133048172002297,-0.3702707527047624,-0.3702707527047624,35.27777777777778
1610612737,ATL,2014,2014-15,Regular Season,Jeff Teague,0.2638802777605555,Jeff Teague,0.3700787401574803,9,0.069,-0.4221371470239653,0.154799223764741,-2.0616783499864777,0.3236142262095483,-2.505302043238979,-1.6630391800831408,-1.6630391800831408,1.1111111111111112
1610612742,DAL,2014,2014-15,Regular Season,Rajon Rondo,0.25644794729050685,Monta Ellis,0.408675799086758,9,0.065,-0.6376965412489691,0.23564525298465036,0.04330784948020573,0.4328725038402458,0.556957134166001,-0.012477185867587467,-0.012477185867587467,51.11111111111111
1610612738,BOS,2014,2014-15,Regular Season,Evan Turner,0.21983163334911607,Evan Turner,0.28611898016997167,12,0.063,-0.745476238361471,0.23921786160033282,0.13632777766556395,0.37081114938928905,-1.1824804292926163,-0.5972096299961746,-0.5972096299961746,25.27777777777778
1610612753,ORL,2014,2014-15,Regular Season,Elfrid Payton,0.22418646412191512,Victor Oladipo,0.270935960591133,11,0.065,-0.6376965412489691,0.18845700824499412,-1.1853313912157528,0.44993498049414826,1.0351792593516067,-0.26261622437103843,-0.26261622437103843,41.388888888888886
1610612763,MEM,2014,2014-15,Regular Season,Mike Conley,0.2546822650628879,Zach Randolph,0.36694677871148457,11,0.06,-0.9071457840302238,0.2130711222830105,-0.544454271311833,0.4262189215369713,0.3704724676248445,-0.36037586257240406,-0.36037586257240406,35.55555555555556
1610612766,CHA,2014,2014-15,Regular Season,Kemba Walker,0.22686975807174756,Kemba Walker,0.29095354523227385,9,0.061,-0.8532559354739729,0.3055395268320831,1.8631434467287995,0.43220048060418814,0.5381218626728624,0.5160031246425629,0.5160031246425629,73.05555555555556
1610612764,WAS,2014,2014-15,Regular Season,John Wall,0.3842786641427799,John Wall,0.5813953488372093,8,0.051,-1.392154421036482,0.24580265095729012,0.3077757863870214,0.3727301688435808,-1.1286947110572736,-0.737691115235578,-0.737691115235578,19.444444444444446
1610612754,IND,2014,2014-15,Regular Season,George Hill,0.22046304220530605,Rodney Stuckey,0.31208053691275167,9,0.053,-1.2843747239239802,0.2022274325908558,-0.8267911699020689,0.4139426284189459,0.02639610031970521,-0.6949232645021147,-0.6949232645021147,21.666666666666668
1610612762,UTA,2014,2014-15,Regular Season,Trey Burke,0.31602536848072554,Gordon Hayward,0.49702380952380953,9,0.054,-1.230484875367729,0.2165742452248922,-0.4532435400137259,0.4372413793103448,0.6794067031448486,-0.3347739040788687,-0.3347739040788687,37.22222222222222
1610612759,SAS,2014,2014-15,Regular Season,Tony Parker,0.22624869469918635,Kawhi Leonard,0.3086816720257235,9,0.047,-1.6077138152614856,0.22322731251823752,-0.28001778023619717,0.3765586034912718,-1.0213924600130646,-0.9697080185035825,-0.9697080185035825,10.833333333333334
1610612765,DET,2014,2014-15,Regular Season,Reggie Jackson,0.2042688745027231,Greg Monroe,0.2413793103448276,11,0.046,-1.6616036638177365,0.21980676328502416,-0.3690785417848587,0.41762578099309433,0.1296264277287825,-0.6336852592912708,-0.6336852592912708,23.055555555555557
