team_id,lineup_id,n_stints,total_seconds,possessions_off,possessions_def,points_for,points_against,total_minutes,off_rating,def_rating,net_rating,avg_stint_length_sec,season_start_year,season_type,gt_filtered
1610612743,"1626145,1629618,1630192,1631124,1641747",1,250.0,8,7,10,10,4.166666666666667,125.0,142.85714285714286,-17.85714285714286,250.0,2025,Playoffs,True
1610612743,"1627750,1628971,1630192,1631124,1642461",1,246.0,10,8,12,10,4.1,120.0,125.0,-5.0,246.0,2025,Playoffs,True
1610612743,"1628971,1629618,1629661,1641747,1642461",1,1.3,0,0,0,0,0.021666666666666667,,,,1.3,2025,Playoffs,True
1610612743,"202685,1626145,1627750,1628971,1642461",3,852.0,28,28,27,35,14.2,96.42857142857143,125.0,-28.57142857142857,284.0,2025,Playoffs,True
1610612743,"202685,203501,1627750,1628971,1629661",2,417.0,13,12,19,16,6.95,146.15384615384616,133.33333333333334,12.820512820512818,208.5,2025,Playoffs,True
1610612743,"202685,203501,1627750,1628971,1642461",1,34.0,1,1,2,0,0.5666666666666667,200.0,0.0,200.0,34.0,2025,Playoffs,True
1610612743,"202685,203501,1627750,1629661,1631128",1,183.0,6,7,2,7,3.05,33.333333333333336,100.0,-66.66666666666666,183.0,2025,Playoffs,True
1610612743,"202685,203501,203932,1627750,1628971",1,14.0,1,2,0,4,0.23333333333333334,0.0,200.0,-200.0,14.0,2025,Playoffs,True
1610612743,"203501,1626145,1628971,1629661,1630192",1,18.1,1,1,1,0,0.3016666666666667,100.0,0.0,100.0,18.1,2025,Playoffs,True
1610612743,"203501,1627750,1628971,1630192,1642461",1,253.0,8,8,8,4,4.216666666666667,100.0,50.0,50.0,253.0,2025,Playoffs,True
1610612743,"203501,1628971,1629661,1630192,1631128",1,17.4,1,1,0,0,0.29,0.0,0.0,0.0,17.4,2025,Playoffs,True
1610612743,"203501,1628971,1629661,1631128,1642461",1,17.900000000000002,1,0,2,0,0.2983333333333334,200.0,,,17.900000000000002,2025,Playoffs,True
1610612743,"203501,1628971,1630192,1631124,1642461",1,19.4,1,2,2,2,0.3233333333333333,200.0,100.0,100.0,19.4,2025,Playoffs,True
1610612743,"203501,203932,1627750,1628971,1642461",3,481.0,15,15,15,17,8.016666666666667,100.0,113.33333333333333,-13.333333333333329,160.33333333333334,2025,Playoffs,True
1610612743,"203501,203932,1628971,1629661,1642461",1,10.3,1,0,2,0,0.1716666666666667,200.0,,,10.3,2025,Playoffs,True
1610612743,"203501,203932,1628971,1631128,1642461",1,0.0,0,0,0,0,0.0,,,,0.0,2025,Playoffs,True
1610612743,"203501,203932,203999,1627750,1628971",1,128.0,6,4,6,6,2.1333333333333333,100.0,150.0,-50.0,128.0,2025,Playoffs,True
1610612743,"203501,203932,203999,1627750,1629661",2,29.2,3,1,4,2,0.48666666666666664,133.33333333333334,200.0,-66.66666666666666,14.6,2025,Playoffs,True
1610612743,"203501,203932,203999,1627750,1631128",9,1346.7,46,50,51,41,22.445,110.8695652173913,82.0,28.869565217391298,149.63333333333333,2025,Playoffs,True
1610612743,"203501,203932,203999,1628971,1629661",3,77.0,3,4,1,3,1.2833333333333334,33.333333333333336,75.0,-41.666666666666664,25.666666666666668,2025,Playoffs,True
1610612743,"203501,203932,203999,1628971,1631128",3,65.9,2,1,2,2,1.0983333333333334,100.0,200.0,-100.0,21.96666666666667,2025,Playoffs,True
1610612743,"203501,203999,1626145,1628971,1629661",1,67.5,3,4,4,3,1.125,133.33333333333334,75.0,58.33333333333334,67.5,2025,Playoffs,True
1610612743,"203501,203999,1626145,1629661,1642461",1,256.0,6,6,13,9,4.266666666666667,216.66666666666666,150.0,66.66666666666666,256.0,2025,Playoffs,True
1610612743,"203501,203999,1627750,1628971,1629661",6,290.8,11,9,10,16,4.846666666666667,90.9090909090909,177.77777777777777,-86.86868686868686,48.46666666666667,2025,Playoffs,True
1610612743,"203501,203999,1627750,1628971,1631128",1,0.0,0,0,0,0,0.0,,,,0.0,2025,Playoffs,True
1610612743,"203501,203999,1627750,1628971,1642461",9,857.0,26,26,29,32,14.283333333333333,111.53846153846153,123.07692307692308,-11.538461538461547,95.22222222222223,2025,Playoffs,True
1610612743,"203501,203999,1627750,1629661,1631128",12,1358.3,46,52,40,55,22.638333333333332,86.95652173913044,105.76923076923077,-18.812709030100336,113.19166666666666,2025,Playoffs,True
1610612743,"203501,203999,1627750,1629661,1642461",2,48.099999999999994,2,1,0,3,0.8016666666666665,0.0,300.0,-300.0,24.049999999999997,2025,Playoffs,True
1610612743,"203501,203999,1627750,1630192,1631128",1,74.0,3,3,3,7,1.2333333333333334,100.0,233.33333333333334,-133.33333333333334,74.0,2025,Playoffs,True
1610612743,"203501,203999,1627750,1631128,1642461",7,576.0,16,19,16,26,9.6,100.0,136.8421052631579,-36.84210526315789,82.28571428571429,2025,Playoffs,True
1610612743,"203501,203999,1628971,1629661,1631124",2,419.0,17,16,16,23,6.983333333333333,94.11764705882354,143.75,-49.632352941176464,209.5,2025,Playoffs,True
1610612743,"203501,203999,1628971,1629661,1631128",3,410.29999999999995,17,16,20,28,6.838333333333333,117.6470588235294,175.0,-57.352941176470594,136.76666666666665,2025,Playoffs,True
1610612743,"203501,203999,1628971,1629661,1642461",7,613.2,22,19,26,19,10.22,118.18181818181819,100.0,18.181818181818187,87.60000000000001,2025,Playoffs,True
1610612743,"203501,203999,1628971,1630192,1631124",1,138.6,5,5,8,6,2.31,160.0,120.0,40.0,138.6,2025,Playoffs,True
1610612743,"203501,203999,1628971,1631128,1642461",1,170.0,5,4,6,4,2.8333333333333335,120.0,100.0,20.0,170.0,2025,Playoffs,True
1610612743,"203932,1627750,1628971,1629661,1631128",1,56.0,3,2,4,0,0.9333333333333333,133.33333333333334,0.0,133.33333333333334,56.0,2025,Playoffs,True
1610612743,"203932,1627750,1628971,1629661,1642461",1,188.0,4,5,8,10,3.1333333333333333,200.0,200.0,0.0,188.0,2025,Playoffs,True
1610612743,"203932,203999,1627750,1628971,1631128",2,270.3,9,9,11,6,4.505,122.22222222222223,66.66666666666667,55.55555555555556,135.15,2025,Playoffs,True
1610612743,"203932,203999,1627750,1629661,1631128",9,2622.8,88,88,102,112,43.71333333333334,115.9090909090909,127.27272727272727,-11.36363636363636,291.4222222222222,2025,Playoffs,True
1610612743,"203932,203999,1628971,1629661,1631128",2,70.80000000000001,4,4,5,7,1.1800000000000002,125.0,175.0,-50.0,35.400000000000006,2025,Playoffs,True
1610612743,"203999,1626145,1627750,1628971,1642461",1,87.0,3,3,2,2,1.45,66.66666666666667,66.66666666666667,0.0,87.0,2025,Playoffs,True
1610612743,"203999,1626145,1627750,1629661,1642461",1,94.0,3,1,1,2,1.5666666666666667,33.333333333333336,200.0,-166.66666666666666,94.0,2025,Playoffs,True
1610612743,"203999,1626145,1627750,1631128,1642461",1,79.0,3,4,2,8,1.3166666666666667,66.66666666666667,200.0,-133.33333333333331,79.0,2025,Playoffs,True
1610612743,"203999,1626145,1628971,1629661,1642461",1,111.0,4,4,5,0,1.85,125.0,0.0,125.0,111.0,2025,Playoffs,True
1610612743,"203999,1627750,1628971,1629661,1631128",1,109.0,3,4,0,4,1.8166666666666667,0.0,100.0,-100.0,109.0,2025,Playoffs,True
1610612743,"203999,1627750,1628971,1629661,1642461",1,67.0,2,3,0,2,1.1166666666666667,0.0,66.66666666666667,-66.66666666666667,67.0,2025,Playoffs,True
1610612743,"203999,1627750,1628971,1631128,1642461",3,156.4,6,3,6,7,2.606666666666667,100.0,233.33333333333334,-133.33333333333334,52.13333333333333,2025,Playoffs,True
1610612743,"203999,1627750,1629661,1630192,1631128",1,127.0,4,4,0,6,2.1166666666666667,0.0,150.0,-150.0,127.0,2025,Playoffs,True
1610612743,"203999,1627750,1629661,1631128,1642461",11,3245.4,107,107,130,111,54.09,121.49532710280374,103.73831775700934,17.7570093457944,295.03636363636366,2025,Playoffs,True
1610612743,"203999,1628971,1629661,1631128,1642461",3,236.0,8,6,11,6,3.933333333333333,137.5,100.0,37.5,78.66666666666667,2025,Playoffs,True
1610612743,"203999,1629661,1631124,1631128,1642461",1,20.3,0,1,0,0,0.3383333333333333,,0.0,,20.3,2025,Playoffs,True
1610612750,"1629675,1630162,1630183,1630245,1630545",2,63.8,4,4,7,9,1.0633333333333332,175.0,225.0,-50.0,31.9,2025,Playoffs,True
1610612750,"201144,1629675,1630162,1630183,1630545",2,271.0,11,12,7,16,4.516666666666667,63.63636363636363,133.33333333333334,-69.69696969696972,135.5,2025,Playoffs,True
1610612750,"201144,1629675,1630162,1630245,1630545",1,126.0,4,5,10,4,2.1,250.0,80.0,170.0,126.0,2025,Playoffs,True
1610612750,"201144,1629675,1630183,1630245,1630545",1,103.0,4,4,4,4,1.7166666666666666,100.0,100.0,0.0,103.0,2025,Playoffs,True
1610612750,"201144,203497,1629675,1630162,1630183",3,324.0,11,11,14,13,5.4,127.27272727272727,118.18181818181819,9.09090909090908,108.0,2025,Playoffs,True
1610612750,"201144,203497,1629675,1630162,1630538",1,116.2,3,3,4,4,1.9366666666666668,133.33333333333334,133.33333333333334,0.0,116.2,2025,Playoffs,True
1610612750,"201144,203497,1629675,1630162,1630545",4,435.0,17,16,23,14,7.25,135.2941176470588,87.5,47.79411764705881,108.75,2025,Playoffs,True
1610612750,"201144,203497,1629675,1630183,1630245",4,420.3,13,13,21,15,7.005,161.53846153846155,115.38461538461539,46.15384615384616,105.075,2025,Playoffs,True
1610612750,"201144,203497,1629675,1630183,1630538",1,84.7,2,2,2,4,1.4116666666666666,100.0,200.0,-100.0,84.7,2025,Playoffs,True
1610612750,"201144,203497,1629675,1630183,1630545",3,289.4,8,11,9,12,4.823333333333333,112.5,109.0909090909091,3.4090909090909065,96.46666666666665,2025,Playoffs,True
1610612750,"201144,203497,1629675,1630183,1641740",1,0.0,0,0,0,0,0.0,,,,0.0,2025,Playoffs,True
1610612750,"201144,203497,1629675,1630245,1630538",1,198.0,6,6,6,10,3.3,100.0,166.66666666666666,-66.66666666666666,198.0,2025,Playoffs,True
1610612750,"201144,203497,1629675,1630245,1630545",1,85.0,4,5,5,5,1.4166666666666667,125.0,100.0,25.0,85.0,2025,Playoffs,True
1610612750,"201144,203497,1629675,1630538,1630545",1,17.4,1,1,0,0,0.29,0.0,0.0,0.0,17.4,2025,Playoffs,True
1610612750,"201144,203497,1629675,1630545,1641740",1,82.8,1,2,2,2,1.38,200.0,100.0,100.0,82.8,2025,Playoffs,True
1610612750,"201144,203497,1630183,1630545,1641740",1,7.799999999999999,1,1,2,0,0.12999999999999998,200.0,0.0,200.0,7.799999999999999,2025,Playoffs,True
1610612750,"201144,203497,203937,1629675,1630538",2,198.8,7,8,11,7,3.3133333333333335,157.14285714285714,87.5,69.64285714285714,99.4,2025,Playoffs,True
1610612750,"201144,203497,203944,1628978,1630245",1,59.0,2,2,5,4,0.9833333333333333,250.0,200.0,50.0,59.0,2025,Playoffs,True
1610612750,"201144,203497,203944,1629675,1630162",2,101.6,3,3,2,6,1.6933333333333331,66.66666666666667,200.0,-133.33333333333331,50.8,2025,Playoffs,True
1610612750,"201144,203497,203944,1629675,1630183",1,123.0,3,3,5,6,2.05,166.66666666666666,200.0,-33.33333333333334,123.0,2025,Playoffs,True
1610612750,"201144,203497,203944,1629675,1630245",1,129.7,4,4,4,8,2.1616666666666666,100.0,200.0,-100.0,129.7,2025,Playoffs,True
1610612750,"201144,203497,203944,1629675,1630545",1,192.0,6,5,12,2,3.2,200.0,40.0,160.0,192.0,2025,Playoffs,True
1610612750,"201144,203497,203944,1629675,1641740",1,99.0,4,3,4,0,1.65,100.0,0.0,100.0,99.0,2025,Playoffs,True
1610612750,"201144,203497,203944,1630162,1630183",1,253.0,8,8,4,8,4.216666666666667,50.0,100.0,-50.0,253.0,2025,Playoffs,True
1610612750,"201144,203497,203944,1630162,1630245",2,173.0,7,6,4,6,2.8833333333333333,57.142857142857146,100.0,-42.857142857142854,86.5,2025,Playoffs,True
1610612750,"201144,203497,203944,1630162,1630545",1,36.0,1,2,0,6,0.6,0.0,300.0,-300.0,36.0,2025,Playoffs,True
1610612750,"201144,203497,203944,1630183,1630245",6,897.3,32,29,36,32,14.955,112.5,110.34482758620689,2.1551724137931103,149.54999999999998,2025,Playoffs,True
1610612750,"201144,203497,203944,1630183,1630538",1,51.0,1,2,0,0,0.85,0.0,0.0,0.0,51.0,2025,Playoffs,True
1610612750,"201144,203497,203944,1630183,1630545",9,2018.0,65,64,67,71,33.63333333333333,103.07692307692308,110.9375,-7.86057692307692,224.22222222222223,2025,Playoffs,True
1610612750,"201144,203497,203944,1630245,1630538",1,58.0,2,1,5,2,0.9666666666666667,250.0,200.0,50.0,58.0,2025,Playoffs,True
1610612750,"201144,203497,203944,1630245,1630545",1,247.0,9,10,7,13,4.116666666666666,77.77777777777777,130.0,-52.22222222222223,247.0,2025,Playoffs,True
1610612750,"201144,203497,203944,1630545,1641740",1,114.0,4,4,2,8,1.9,50.0,200.0,-150.0,114.0,2025,Playoffs,True
1610612750,"201144,203937,1629675,1630183,1630245",1,128.0,4,4,4,5,2.1333333333333333,100.0,125.0,-25.0,128.0,2025,Playoffs,True
1610612750,"201144,203937,1629675,1630245,1630538",1,122.0,6,5,3,1,2.033333333333333,50.0,20.0,30.0,122.0,2025,Playoffs,True
1610612750,"201144,203937,1630245,1630538,1630545",1,1.3,0,0,0,0,0.021666666666666667,,,,1.3,2025,Playoffs,True
1610612750,"201144,203937,203944,1629675,1630245",1,21.7,0,2,0,4,0.36166666666666664,,200.0,,21.7,2025,Playoffs,True
1610612750,"201144,203937,203944,1630162,1630245",1,130.7,4,5,7,4,2.1783333333333332,175.0,80.0,95.0,130.7,2025,Playoffs,True
1610612750,"201144,203937,203944,1630183,1630245",1,26.4,1,2,2,2,0.44,200.0,100.0,100.0,26.4,2025,Playoffs,True
1610612750,"201144,203937,204060,1641763,1642866",1,42.1,0,0,0,0,0.7016666666666667,,,,42.1,2025,Playoffs,True
1610612750,"201144,203944,1629675,1630162,1630183",3,409.0,15,15,26,14,6.816666666666666,173.33333333333334,93.33333333333333,80.00000000000001,136.33333333333334,2025,Playoffs,True
1610612750,"201144,203944,1629675,1630162,1630245",4,415.2,15,13,15,16,6.92,100.0,123.07692307692308,-23.07692307692308,103.8,2025,Playoffs,True
1610612750,"201144,203944,1629675,1630162,1630545",3,231.1,8,8,18,9,3.8516666666666666,225.0,112.5,112.5,77.03333333333333,2025,Playoffs,True
1610612750,"201144,203944,1629675,1630162,1641740",1,174.0,5,5,5,4,2.9,100.0,80.0,20.0,174.0,2025,Playoffs,True
1610612750,"201144,203944,1629675,1630183,1630245",3,277.0,8,9,13,11,4.616666666666666,162.5,122.22222222222223,40.27777777777777,92.33333333333333,2025,Playoffs,True
1610612750,"201144,203944,1629675,1630183,1630545",4,373.9,12,13,11,8,6.2316666666666665,91.66666666666667,61.53846153846154,30.12820512820513,93.475,2025,Playoffs,True
1610612750,"201144,203944,1629675,1630183,1641740",2,254.0,7,7,8,10,4.233333333333333,114.28571428571429,142.85714285714286,-28.57142857142857,127.0,2025,Playoffs,True
1610612750,"201144,203944,1629675,1630245,1630545",1,76.0,3,3,8,5,1.2666666666666666,266.6666666666667,166.66666666666666,100.00000000000003,76.0,2025,Playoffs,True
1610612750,"201144,203944,1630162,1630183,1630245",2,75.0,2,3,2,3,1.25,100.0,100.0,0.0,37.5,2025,Playoffs,True
1610612750,"203497,1628978,1629675,1630162,1630183",4,348.0,14,11,18,7,5.8,128.57142857142858,63.63636363636363,64.93506493506496,87.0,2025,Playoffs,True
1610612750,"203497,1628978,1629675,1630183,1630245",2,89.0,3,2,0,0,1.4833333333333334,0.0,0.0,0.0,44.5,2025,Playoffs,True
1610612750,"203497,1628978,1629675,1630245,1630538",2,287.0,12,11,12,8,4.783333333333333,100.0,72.72727272727273,27.272727272727266,143.5,2025,Playoffs,True
1610612750,"203497,1628978,1630162,1630183,1630245",2,223.0,8,8,16,12,3.716666666666667,200.0,150.0,50.0,111.5,2025,Playoffs,True
1610612750,"203497,1629675,1630162,1630183,1630245",14,1463.0,48,49,48,59,24.383333333333333,100.0,120.40816326530613,-20.40816326530613,104.5,2025,Playoffs,True
1610612750,"203497,1629675,1630162,1630183,1630538",1,34.0,3,2,3,0,0.5666666666666667,100.0,0.0,100.0,34.0,2025,Playoffs,True
1610612750,"203497,1629675,1630162,1630183,1630545",6,584.0,18,18,28,21,9.733333333333333,155.55555555555554,116.66666666666667,38.88888888888887,97.33333333333333,2025,Playoffs,True
1610612750,"203497,1629675,1630162,1630245,1630538",2,69.0,3,3,4,5,1.15,133.33333333333334,166.66666666666666,-33.333333333333314,34.5,2025,Playoffs,True
1610612750,"203497,1629675,1630162,1630245,1630545",5,769.0,27,24,32,29,12.816666666666666,118.51851851851852,120.83333333333333,-2.3148148148148096,153.8,2025,Playoffs,True
1610612750,"203497,1629675,1630162,1630538,1641740",1,129.0,4,5,8,4,2.15,200.0,80.0,120.0,129.0,2025,Playoffs,True
1610612750,"203497,1629675,1630183,1630245,1630538",6,646.0,22,22,32,27,10.766666666666667,145.45454545454547,122.72727272727273,22.727272727272734,107.66666666666667,2025,Playoffs,True
1610612750,"203497,1629675,1630183,1630245,1630545",1,81.0,3,4,3,4,1.35,100.0,100.0,0.0,81.0,2025,Playoffs,True
1610612750,"203497,1629675,1630183,1630538,1641740",2,185.0,5,5,12,10,3.0833333333333335,240.0,200.0,40.0,92.5,2025,Playoffs,True
1610612750,"203497,1629675,1630183,1630545,1641740",1,40.0,0,0,0,0,0.6666666666666666,,,,40.0,2025,Playoffs,True
1610612750,"203497,1629675,1630245,1630538,1630545",2,348.0,12,11,18,17,5.8,150.0,154.54545454545453,-4.5454545454545325,174.0,2025,Playoffs,True
1610612750,"203497,1629675,1630538,1630545,1641740",1,85.6,5,4,3,5,1.4266666666666665,60.0,125.0,-65.0,85.6,2025,Playoffs,True
1610612750,"203497,203937,1628978,1630183,1630245",1,0.0,0,0,0,0,0.0,,,,0.0,2025,Playoffs,True
1610612750,"203497,203937,1629675,1630162,1630538",1,220.0,10,10,5,13,3.6666666666666665,50.0,130.0,-80.0,220.0,2025,Playoffs,True
1610612750,"203497,203937,1629675,1630245,1630545",1,7.6,0,1,0,0,0.12666666666666665,,0.0,,7.6,2025,Playoffs,True
1610612750,"203497,203937,1630183,1630538,1630545",1,135.6,7,7,11,9,2.26,157.14285714285714,128.57142857142858,28.571428571428555,135.6,2025,Playoffs,True
1610612750,"203497,203937,1630245,1630538,1630545",2,65.0,4,3,7,2,1.0833333333333333,175.0,66.66666666666667,108.33333333333333,32.5,2025,Playoffs,True
1610612750,"203497,203937,1630245,1630545,1641740",1,20.4,1,1,0,0,0.33999999999999997,0.0,0.0,0.0,20.4,2025,Playoffs,True
1610612750,"203497,203937,203944,1629675,1630183",1,24.7,1,2,2,2,0.4116666666666667,200.0,100.0,100.0,24.7,2025,Playoffs,True
1610612750,"203497,203937,203944,1630245,1630538",1,22.0,0,0,0,0,0.36666666666666664,,,,22.0,2025,Playoffs,True
1610612750,"203497,203944,1628978,1630162,1630183",12,2683.5,94,96,89,88,44.725,94.68085106382979,91.66666666666667,3.0141843971631204,223.625,2025,Playoffs,True
1610612750,"203497,203944,1628978,1630162,1630245",2,442.0,15,15,22,13,7.366666666666666,146.66666666666666,86.66666666666667,59.999999999999986,221.0,2025,Playoffs,True
1610612750,"203497,203944,1628978,1630183,1630245",4,636.0,23,23,24,28,10.6,104.34782608695652,121.73913043478261,-17.391304347826093,159.0,2025,Playoffs,True
1610612750,"203497,203944,1629675,1630162,1630183",2,147.0,5,7,6,5,2.45,120.0,71.42857142857143,48.57142857142857,73.5,2025,Playoffs,True
1610612750,"203497,203944,1629675,1630162,1630245",2,220.0,6,8,4,5,3.6666666666666665,66.66666666666667,62.5,4.166666666666671,110.0,2025,Playoffs,True
1610612750,"203497,203944,1629675,1630162,1641740",1,8.2,2,1,1,0,0.13666666666666666,50.0,0.0,50.0,8.2,2025,Playoffs,True
1610612750,"203497,203944,1629675,1630183,1630245",1,44.0,2,2,0,5,0.7333333333333333,0.0,250.0,-250.0,44.0,2025,Playoffs,True
1610612750,"203497,203944,1629675,1630183,1630538",2,161.0,6,5,9,4,2.683333333333333,150.0,80.0,70.0,80.5,2025,Playoffs,True
1610612750,"203497,203944,1629675,1630183,1630545",4,744.1,25,22,30,19,12.401666666666667,120.0,86.36363636363636,33.63636363636364,186.025,2025,Playoffs,True
1610612750,"203497,203944,1630162,1630183,1630245",14,2735.8,82,78,87,104,45.59666666666667,106.09756097560975,133.33333333333334,-27.23577235772359,195.41428571428574,2025,Playoffs,True
1610612750,"203497,203944,1630162,1630183,1630545",8,716.6,26,24,22,27,11.943333333333333,84.61538461538461,112.5,-27.884615384615387,89.575,2025,Playoffs,True
1610612750,"203497,203944,1630162,1630245,1630545",4,242.0,10,10,13,9,4.033333333333333,130.0,90.0,40.0,60.5,2025,Playoffs,True
1610612750,"203497,203944,1630162,1630538,1630545",2,281.2,11,11,7,14,4.6866666666666665,63.63636363636363,127.27272727272727,-63.63636363636363,140.6,2025,Playoffs,True
1610612750,"203497,203944,1630183,1630245,1630538",3,361.0,11,12,2,11,6.016666666666667,18.181818181818183,91.66666666666667,-73.48484848484848,120.33333333333333,2025,Playoffs,True
1610612750,"203497,203944,1630183,1630245,1630545",1,43.0,2,2,2,0,0.7166666666666667,100.0,0.0,100.0,43.0,2025,Playoffs,True
1610612750,"203497,203944,1630183,1630538,1630545",1,156.0,7,7,4,6,2.6,57.142857142857146,85.71428571428571,-28.571428571428562,156.0,2025,Playoffs,True
1610612750,"203937,1628978,1629675,1630183,1630245",1,21.0,1,2,2,1,0.35,200.0,50.0,150.0,21.0,2025,Playoffs,True
1610612750,"203937,1628978,1629675,1630245,1630538",1,161.0,6,6,9,6,2.683333333333333,150.0,100.0,50.0,161.0,2025,Playoffs,True
1610612750,"203937,1630538,1641740,1641763,1642866",2,669.0,22,21,20,20,11.15,90.9090909090909,95.23809523809524,-4.329004329004334,334.5,2025,Playoffs,True
1610612750,"203937,203944,1628978,1630183,1630245",1,123.0,4,4,5,5,2.05,125.0,125.0,0.0,123.0,2025,Playoffs,True
1610612750,"203937,203944,1628978,1630245,1641763",1,38.9,2,3,5,2,0.6483333333333333,250.0,66.66666666666667,183.33333333333331,38.9,2025,Playoffs,True
1610612750,"203937,203944,1629675,1630162,1630538",1,41.0,1,3,0,8,0.6833333333333333,0.0,266.6666666666667,-266.6666666666667,41.0,2025,Playoffs,True
1610612750,"203937,203944,1629675,1630183,1630245",1,326.0,11,11,13,10,5.433333333333334,118.18181818181819,90.9090909090909,27.27272727272728,326.0,2025,Playoffs,True
1610612750,"203937,203944,1629675,1630183,1630538",1,9.0,0,1,0,1,0.15,,100.0,,9.0,2025,Playoffs,True
1610612750,"203937,203944,1629675,1630245,1630538",2,162.6,7,6,6,6,2.71,85.71428571428571,100.0,-14.285714285714292,81.3,2025,Playoffs,True
1610612750,"203937,203944,1629675,1630538,1630545",1,101.1,3,5,4,4,1.6849999999999998,133.33333333333334,80.0,53.33333333333334,101.1,2025,Playoffs,True
1610612750,"203937,203944,1630162,1630183,1630245",2,137.3,4,4,6,4,2.2883333333333336,150.0,100.0,50.0,68.65,2025,Playoffs,True
1610612750,"203937,203944,1630183,1630245,1641740",1,99.0,3,2,0,2,1.65,0.0,100.0,-100.0,99.0,2025,Playoffs,True
1610612750,"203937,204060,1630545,1641740,1641763",1,95.0,3,3,5,5,1.5833333333333333,166.66666666666666,166.66666666666666,0.0,95.0,2025,Playoffs,True
1610612750,"203937,204060,1641740,1641763,1642866",1,503.0,18,18,23,24,8.383333333333333,127.77777777777777,133.33333333333334,-5.555555555555571,503.0,2025,Playoffs,True
1610612750,"203944,1628978,1629675,1630162,1630183",4,396.1,12,13,15,22,6.6016666666666675,125.0,169.23076923076923,-44.230769230769226,99.025,2025,Playoffs,True
1610612750,"203944,1628978,1630162,1630183,1630245",4,263.7,8,10,15,14,4.395,187.5,140.0,47.5,65.925,2025,Playoffs,True
1610612750,"203944,1629675,1630162,1630183,1630245",11,1238.7,47,47,32,57,20.645,68.08510638297872,121.27659574468085,-53.191489361702125,112.60909090909091,2025,Playoffs,True
1610612750,"203944,1629675,1630162,1630183,1630538",4,507.0,15,17,11,17,8.45,73.33333333333333,100.0,-26.66666666666667,126.75,2025,Playoffs,True
1610612750,"203944,1629675,1630162,1630183,1630545",10,1055.8,38,36,44,38,17.596666666666668,115.78947368421052,105.55555555555556,10.233918128654963,105.58,2025,Playoffs,True
1610612750,"203944,1629675,1630162,1630183,1641740",2,32.0,2,2,1,2,0.5333333333333333,50.0,100.0,-50.0,16.0,2025,Playoffs,True
1610612750,"203944,1629675,1630162,1630245,1630538",2,247.0,9,8,13,10,4.116666666666666,144.44444444444446,125.0,19.444444444444457,123.5,2025,Playoffs,True
1610612750,"203944,1629675,1630162,1630245,1630545",4,576.0,19,20,21,35,9.6,110.52631578947368,175.0,-64.47368421052632,144.0,2025,Playoffs,True
1610612750,"203944,1629675,1630162,1630538,1630545",3,216.0,7,6,7,6,3.6,100.0,100.0,0.0,72.0,2025,Playoffs,True
1610612750,"203944,1629675,1630183,1630245,1630538",4,368.0,12,11,8,11,6.133333333333334,66.66666666666667,100.0,-33.33333333333333,92.0,2025,Playoffs,True
1610612750,"203944,1629675,1630183,1630245,1630545",5,596.0,19,18,24,24,9.933333333333334,126.3157894736842,133.33333333333334,-7.0175438596491375,119.2,2025,Playoffs,True
1610612750,"203944,1629675,1630183,1630245,1641740",1,145.0,5,5,9,6,2.4166666666666665,180.0,120.0,60.0,145.0,2025,Playoffs,True
1610612750,"203944,1629675,1630183,1630538,1641740",1,75.0,2,2,5,4,1.25,250.0,200.0,50.0,75.0,2025,Playoffs,True
1610612750,"203944,1629675,1630183,1630545,1641740",1,122.0,4,4,4,6,2.033333333333333,100.0,150.0,-50.0,122.0,2025,Playoffs,True
1610612750,"203944,1629675,1630245,1630538,1630545",1,20.299999999999997,0,1,0,2,0.33833333333333326,,200.0,,20.299999999999997,2025,Playoffs,True
1610612750,"203944,1629675,1630245,1630538,1641740",1,241.0,10,11,16,12,4.016666666666667,160.0,109.0909090909091,50.90909090909091,241.0,2025,Playoffs,True
1610612750,"203944,1629675,1630538,1630545,1641740",1,67.0,4,4,2,2,1.1166666666666667,50.0,50.0,0.0,67.0,2025,Playoffs,True
1610612750,"203944,1630162,1630183,1630245,1630538",1,37.0,2,1,1,3,0.6166666666666667,50.0,300.0,-250.0,37.0,2025,Playoffs,True
1610612750,"203944,1630162,1630183,1630245,1630545",1,65.0,3,4,5,5,1.0833333333333333,166.66666666666666,125.0,41.66666666666666,65.0,2025,Playoffs,True
1610612750,"204060,1630545,1641740,1641763,1642866",1,175.0,6,6,9,5,2.9166666666666665,150.0,83.33333333333333,66.66666666666667,175.0,2025,Playoffs,True
1610612759,"1628368,1628436,1629640,1630170,1642844",7,772.7,25,28,22,44,12.878333333333334,88.0,157.14285714285714,-69.14285714285714,110.38571428571429,2025,Playoffs,True
1610612759,"1628368,1628436,1629640,1630170,1642868",1,0.0,0,0,0,0,0.0,,,,0.0,2025,Playoffs,True
1610612759,"1628368,1628436,1629640,1630577,1642844",5,483.0,20,16,28,8,8.05,140.0,50.0,90.0,96.6,2025,Playoffs,True
1610612759,"1628368,1628436,1629640,1642264,1642844",1,91.0,3,3,2,0,1.5166666666666666,66.66666666666667,0.0,66.66666666666667,91.0,2025,Playoffs,True
1610612759,"1628368,1628436,1630170,1630577,1642264",1,258.0,6,8,6,6,4.3,100.0,75.0,25.0,258.0,2025,Playoffs,True
1610612759,"1628368,1628436,1630170,1630577,1642844",2,172.0,5,5,7,9,2.8666666666666667,140.0,180.0,-40.0,86.0,2025,Playoffs,True
1610612759,"1628368,1628436,1630170,1642264,1642844",1,147.0,7,5,5,6,2.45,71.42857142857143,120.0,-48.57142857142857,147.0,2025,Playoffs,True
1610612759,"1628368,1628436,1630170,1642264,1642868",2,231.0,8,9,10,15,3.85,125.0,166.66666666666666,-41.66666666666666,115.5,2025,Playoffs,True
1610612759,"1628368,1628436,1630170,1642844,1642868",3,301.0,12,11,11,9,5.016666666666667,91.66666666666667,81.81818181818181,9.848484848484858,100.33333333333333,2025,Playoffs,True
1610612759,"1628368,1628436,1630577,1641705,1642844",1,69.0,3,3,0,3,1.15,0.0,100.0,-100.0,69.0,2025,Playoffs,True
1610612759,"1628368,1629640,1630170,1630577,1641705",3,89.0,3,5,3,2,1.4833333333333334,100.0,40.0,60.0,29.666666666666668,2025,Playoffs,True
1610612759,"1628368,1629640,1630170,1630577,1642264",1,31.4,1,1,0,0,0.5233333333333333,0.0,0.0,0.0,31.4,2025,Playoffs,True
1610612759,"1628368,1629640,1630170,1641705,1642264",2,79.0,2,3,0,8,1.3166666666666667,0.0,266.6666666666667,-266.6666666666667,39.5,2025,Playoffs,True
1610612759,"1628368,1629640,1630170,1641705,1642844",5,486.8,19,19,21,15,8.113333333333333,110.52631578947368,78.94736842105263,31.578947368421055,97.36,2025,Playoffs,True
1610612759,"1628368,1629640,1630170,1642844,1642868",1,75.0,3,2,3,2,1.25,100.0,100.0,0.0,75.0,2025,Playoffs,True
1610612759,"1628368,1629640,1630577,1641705,1642264",4,288.0,10,10,7,21,4.8,70.0,210.0,-140.0,72.0,2025,Playoffs,True
1610612759,"1628368,1629640,1630577,1641705,1642844",7,747.0,28,27,36,38,12.45,128.57142857142858,140.74074074074073,-12.16931216931215,106.71428571428571,2025,Playoffs,True
1610612759,"1628368,1629640,1630577,1642844,1642868",2,242.8,10,9,8,10,4.046666666666667,80.0,111.11111111111111,-31.111111111111114,121.4,2025,Playoffs,True
1610612759,"1628368,1629640,1641705,1642264,1642868",1,202.0,6,6,9,8,3.3666666666666667,150.0,133.33333333333334,16.666666666666657,202.0,2025,Playoffs,True
1610612759,"1628368,1630170,1630577,1641705,1642264",14,3882.4,133,128,165,125,64.70666666666666,124.06015037593986,97.65625,26.403900375939855,277.31428571428575,2025,Playoffs,True
1610612759,"1628368,1630170,1630577,1641705,1642844",3,318.0,11,12,11,7,5.3,100.0,58.333333333333336,41.666666666666664,106.0,2025,Playoffs,True
1610612759,"1628368,1630170,1630577,1642264,1642844",4,110.7,6,3,11,4,1.845,183.33333333333334,133.33333333333334,50.0,27.675,2025,Playoffs,True
1610612759,"1628368,1630170,1641705,1642264,1642844",2,30.6,0,3,0,4,0.51,,133.33333333333334,,15.3,2025,Playoffs,True
1610612759,"1628368,1630170,1641705,1642264,1642868",2,289.0,10,11,7,15,4.816666666666666,70.0,136.36363636363637,-66.36363636363637,144.5,2025,Playoffs,True
1610612759,"1628368,1630170,1642264,1642844,1642868",1,12.399999999999999,0,0,0,0,0.20666666666666664,,,,12.399999999999999,2025,Playoffs,True
1610612759,"1628368,1630577,1641705,1642264,1642868",1,145.0,4,7,6,2,2.4166666666666665,150.0,28.571428571428573,121.42857142857143,145.0,2025,Playoffs,True
1610612759,"1628368,1630577,1641705,1642844,1642868",2,149.0,4,4,2,2,2.4833333333333334,50.0,50.0,0.0,74.5,2025,Playoffs,True
1610612759,"1628436,1629640,1630170,1630577,1641705",1,1.5,1,1,0,3,0.025,0.0,300.0,-300.0,1.5,2025,Playoffs,True
1610612759,"1628436,1629640,1630170,1630577,1642264",1,0.0,0,0,0,0,0.0,,,,0.0,2025,Playoffs,True
1610612759,"1628436,1629640,1630170,1642264,1642844",9,1207.2,47,45,54,48,20.12,114.8936170212766,106.66666666666667,8.226950354609926,134.13333333333333,2025,Playoffs,True
1610612759,"1628436,1629640,1630170,1642844,1642868",1,87.0,3,4,4,2,1.45,133.33333333333334,50.0,83.33333333333334,87.0,2025,Playoffs,True
1610612759,"1628436,1629640,1630577,1642264,1642844",3,138.0,5,3,1,8,2.3,20.0,266.6666666666667,-246.66666666666669,46.0,2025,Playoffs,True
1610612759,"1628436,1630170,1630577,1642264,1642844",1,47.0,3,3,4,0,0.7833333333333333,133.33333333333334,0.0,133.33333333333334,47.0,2025,Playoffs,True
1610612759,"1628436,1630170,1642264,1642844,1642868",2,148.0,7,6,7,4,2.466666666666667,100.0,66.66666666666667,33.33333333333333,74.0,2025,Playoffs,True
1610612759,"1628436,1630577,1642264,1642844,1642868",1,2.0,0,0,0,0,0.03333333333333333,,,,2.0,2025,Playoffs,True
1610612759,"1629162,1629640,1630577,1642844,1642868",1,60.0,2,3,3,0,1.0,150.0,0.0,150.0,60.0,2025,Playoffs,True
1610612759,"1629640,1630170,1630577,1641705,1642844",1,165.9,5,6,8,6,2.765,160.0,100.0,60.0,165.9,2025,Playoffs,True
1610612759,"1629640,1630170,1630577,1642264,1642844",1,77.0,3,3,3,4,1.2833333333333334,100.0,133.33333333333334,-33.33333333333334,77.0,2025,Playoffs,True
1610612759,"1629640,1630170,1641705,1642264,1642844",11,799.0,25,29,24,30,13.316666666666666,96.0,103.44827586206897,-7.448275862068968,72.63636363636364,2025,Playoffs,True
1610612759,"1629640,1630170,1642264,1642844,1642868",2,116.1,4,5,4,6,1.9349999999999998,100.0,120.0,-20.0,58.05,2025,Playoffs,True
1610612759,"1629640,1630577,1641705,1642264,1642844",3,234.0,9,9,11,14,3.9,122.22222222222223,155.55555555555554,-33.333333333333314,78.0,2025,Playoffs,True
1610612759,"1629640,1630577,1641705,1642264,1642868",1,7.0,0,0,0,0,0.11666666666666667,,,,7.0,2025,Playoffs,True
1610612759,"1630170,1630577,1641705,1642264,1642844",6,490.0,12,12,21,12,8.166666666666666,175.0,100.0,75.0,81.66666666666667,2025,Playoffs,True
1610612759,"1630170,1630577,1641705,1642264,1642868",1,5.5,1,0,0,0,0.09166666666666666,0.0,,,5.5,2025,Playoffs,True
1610612759,"1630170,1641705,1642264,1642844,1642868",3,198.0,11,9,15,11,3.3,136.36363636363637,122.22222222222223,14.141414141414145,66.0,2025,Playoffs,True
1610612759,"1630577,1641705,1642264,1642844,1642868",1,101.0,4,5,4,2,1.6833333333333333,100.0,40.0,60.0,101.0,2025,Playoffs,True
1610612759,"202687,203084,203482,1629162,1630322",1,88.0,2,3,0,6,1.4666666666666666,0.0,200.0,-200.0,88.0,2025,Playoffs,True
1610612759,"202687,203482,1629162,1630322,1642868",1,128.0,5,5,8,4,2.1333333333333333,160.0,80.0,80.0,128.0,2025,Playoffs,True
1610612759,"202687,203482,203486,1629162,1630322",2,494.0,16,15,13,20,8.233333333333333,81.25,133.33333333333334,-52.08333333333334,247.0,2025,Playoffs,True
1610612759,"203084,1628368,1628436,1630170,1642264",2,255.0,7,8,8,13,4.25,114.28571428571429,162.5,-48.21428571428571,127.5,2025,Playoffs,True
1610612759,"203084,1628368,1628436,1630577,1642264",1,292.0,8,8,10,11,4.866666666666666,125.0,137.5,-12.5,292.0,2025,Playoffs,True
1610612759,"203084,1628368,1629640,1630170,1641705",1,64.0,2,2,4,1,1.0666666666666667,200.0,50.0,150.0,64.0,2025,Playoffs,True
1610612759,"203084,1628368,1629640,1630577,1641705",1,74.0,2,3,2,2,1.2333333333333334,100.0,66.66666666666667,33.33333333333333,74.0,2025,Playoffs,True
1610612759,"203084,1628368,1630170,1641705,1642868",1,97.0,4,4,5,4,1.6166666666666667,125.0,100.0,25.0,97.0,2025,Playoffs,True
1610612759,"203084,1628368,1630577,1641705,1642264",2,374.0,12,13,16,21,6.233333333333333,133.33333333333334,161.53846153846155,-28.205128205128204,187.0,2025,Playoffs,True
1610612759,"203084,1628368,1630577,1641705,1642844",2,171.0,4,5,0,11,2.85,0.0,220.0,-220.0,85.5,2025,Playoffs,True
1610612759,"203084,1628368,1630577,1641705,1642868",2,200.0,7,7,10,5,3.3333333333333335,142.85714285714286,71.42857142857143,71.42857142857143,100.0,2025,Playoffs,True
1610612759,"203084,1628368,1641705,1642264,1642868",1,128.0,6,6,8,3,2.1333333333333333,133.33333333333334,50.0,83.33333333333334,128.0,2025,Playoffs,True
1610612759,"203084,1628436,1630577,1642264,1642844",2,170.0,5,5,11,6,2.8333333333333335,220.0,120.0,100.0,85.0,2025,Playoffs,True
1610612759,"203084,1628436,1642264,1642844,1642868",1,33.0,1,2,2,2,0.55,200.0,100.0,100.0,33.0,2025,Playoffs,True
1610612759,"203084,1630170,1630577,1641705,1642264",1,138.0,5,4,5,0,2.3,100.0,0.0,100.0,138.0,2025,Playoffs,True
1610612759,"203084,1630170,1641705,1642844,1642868",1,62.0,1,1,3,2,1.0333333333333334,300.0,200.0,100.0,62.0,2025,Playoffs,True
1610612759,"203084,1630577,1641705,1642264,1642844",2,213.0,7,7,15,6,3.55,214.28571428571428,85.71428571428571,128.57142857142856,106.5,2025,Playoffs,True
1610612759,"203084,1630577,1641705,1642264,1642868",1,68.0,3,3,2,4,1.1333333333333333,66.66666666666667,133.33333333333334,-66.66666666666667,68.0,2025,Playoffs,True
1610612759,"203084,1630577,1641705,1642844,1642868",1,34.0,2,3,0,3,0.5666666666666667,0.0,100.0,-100.0,34.0,2025,Playoffs,True
1610612759,"203084,1641705,1642264,1642844,1642868",2,113.0,3,2,4,2,1.8833333333333333,133.33333333333334,100.0,33.33333333333334,56.5,2025,Playoffs,True
1610612759,"203084,203482,1628436,1629162,1630322",1,91.0,3,3,2,0,1.5166666666666666,66.66666666666667,0.0,66.66666666666667,91.0,2025,Playoffs,True
1610612759,"203084,203482,1629162,1630322,1642868",1,311.0,11,11,18,13,5.183333333333334,163.63636363636363,118.18181818181819,45.45454545454544,311.0,2025,Playoffs,True
1610612759,"203084,203482,1629162,1642844,1642868",1,95.0,3,3,5,5,1.5833333333333333,166.66666666666666,166.66666666666666,0.0,95.0,2025,Playoffs,True
