team_id,team_abbreviation,season_start_year,season_label,season_type,gp,top_handler_name,inv_off_ball_miles_per_possession_raw,inv_off_ball_miles_per_possession_z,inv_off_screen_frequency_raw,inv_off_screen_frequency_z,inv_cut_frequency_raw,inv_cut_frequency_z,raw_score,z_score,percentile_rank
1610612737,ATL,2025,2025-26,Regular Season,82,Jalen Johnson,-0.020849123638086213,0.2797362580773555,-0.056,-1.4367198275300637,-0.076,-0.5396750155038668,-0.5655528616521917,-0.5655528616521917,15.757575757575756
1610612738,BOS,2025,2025-26,Regular Season,82,Payton Pritchard,-0.02218152866242038,-1.3946592975158822,-0.049,-0.8989102664225532,-0.054,0.9824852846352443,-0.43702809310106366,-0.43702809310106366,23.03030303030303
1610612751,BKN,2025,2025-26,Regular Season,82,Nolan Traore,-0.023234304932735428,-2.717653339008956,-0.033,0.3303687303946134,-0.066,0.15221603001391068,-0.7450228595334774,-0.7450228595334774,10.303030303030303
1610612766,CHA,2025,2025-26,Regular Season,82,LaMelo Ball,-0.022930669653970625,-2.336083507013493,-0.031,0.48402860499675937,-0.053,1.0516743891870222,-0.2667935042765705,-0.2667935042765705,30.909090909090907
1610612741,CHI,2025,2025-26,Regular Season,82,Josh Giddey,-0.021534798965436162,-0.5819324535581473,-0.018,1.4828177899107073,-0.054,0.9824852846352443,0.6277902069959348,0.6277902069959348,85.15151515151516
1610612739,CLE,2025,2025-26,Regular Season,82,James Harden,-0.020993241612358195,0.09862729256388879,-0.027,0.791348354201051,-0.09,-1.5083224792287557,-0.20611561082127197,-0.20611561082127197,33.33333333333333
1610612745,HOU,2023,2023-24,Regular Season,82,Fred VanVleet,-0.020329170708050435,1.1239772488137434,-0.027,0.5580889935599591,-0.057,0.8923342764391852,0.8581335062709625,0.8581335062709625,94.24242424242424
1610612754,IND,2023,2023-24,Regular Season,82,Tyrese Haliburton,-0.021939444510668735,-0.6168373912940263,-0.026,0.6224838774322622,-0.069,-0.010026227825160374,-0.001459913895641482,-0.001459913895641482,43.93939393939394
1610612746,LAC,2023,2023-24,Regular Season,81,James Harden,-0.020870646766169156,0.5386050917878796,-0.04,-0.27904449677997967,-0.072,-0.23561635389124586,0.007981413705551369,0.007981413705551369,45.75757575757576
1610612747,LAL,2023,2023-24,Regular Season,81,LeBron James,-0.019157624895671875,2.390497326597669,-0.021,0.9444582967937769,-0.072,-0.23561635389124586,1.0331130898334,1.0331130898334,96.96969696969697
1610612763,MEM,2023,2023-24,Regular Season,82,Desmond Bane,-0.023203740157480317,-1.9836262987552669,-0.035,0.04292992258153506,-0.055,1.0427276938165762,-0.29932289411905183,-0.29932289411905183,29.393939393939394
1610612764,WAS,2023,2023-24,Regular Season,82,Tyus Jones,-0.021740928968207066,-0.4022286942859155,-0.047,-0.7298086838861004,-0.064,0.3659573156183171,-0.25536002085123294,-0.25536002085123294,31.818181818181817
1610612737,ATL,2024,2024-25,Regular Season,82,Trae Young,-0.020707663419786408,0.9885466808839277,-0.029,0.6092731601118202,-0.086,-1.3535602005447753,0.08141988015032424,0.08141988015032424,51.81818181818182
1610612738,BOS,2024,2024-25,Regular Season,82,Derrick White,-0.020572753477879433,1.1402200637014666,-0.04,-0.26871873000565044,-0.059,0.8089324275445106,0.5601445870801088,0.5601445870801088,81.21212121212122
1610612751,BKN,2024,2024-25,Regular Season,82,D'Angelo Russell,-0.023974278544542035,-2.683966696049091,-0.034,0.21018593733115165,-0.064,0.40847082975019794,-0.6884366429892473,-0.6884366429892473,12.121212121212121
1610612766,CHA,2024,2024-25,Regular Season,82,LaMelo Ball,-0.023359945537814085,-1.9932988031583858,-0.042,-0.42835361911791797,-0.062,0.568655468867923,-0.6176656511361269,-0.6176656511361269,13.939393939393941
1610612741,CHI,2024,2024-25,Regular Season,82,Josh Giddey,-0.020956399437412093,0.7089035894365652,-0.025,0.928542938336355,-0.054,1.2093940253388227,0.9489468510372476,0.9489468510372476,95.45454545454545
1610612739,CLE,2024,2024-25,Regular Season,82,Darius Garland,-0.021340873351880976,0.2766562814301156,-0.03,0.5294557155556867,-0.08,-0.8730062831916012,-0.02229809540193295,-0.02229809540193295,41.81818181818181
1610612742,DAL,2024,2024-25,Regular Season,82,Spencer Dinwiddie,-0.021412964311726148,0.19560754924831533,-0.033,0.2900033818872854,-0.071,-0.15217540716183856,0.11114517465792073,0.11114517465792073,53.939393939393945
1610612743,DEN,2024,2024-25,Regular Season,82,Jamal Murray,-0.019950768491834775,1.8394907442875021,-0.047,-0.8274408418985864,-0.1,-2.4748526743688504,-0.4876009239933115,-0.4876009239933115,20.0
1610612765,DET,2024,2024-25,Regular Season,82,Cade Cunningham,-0.020836357039187226,0.8438620392211644,-0.046,-0.7476233973424525,-0.062,0.568655468867923,0.22163137024887827,0.22163137024887827,63.63636363636363
1610612737,ATL,2023,2023-24,Regular Season,82,Dejounte Murray,-0.020122316824559297,1.347600255136648,-0.041,-0.3434393806522827,-0.066,0.21556389824092614,0.40657492424176384,0.40657492424176384,75.45454545454545
1610612738,BOS,2023,2023-24,Regular Season,81,Jayson Tatum,-0.020673671199011125,0.7515489715769442,-0.033,0.17171969032614112,-0.058,0.8171375677504896,0.5801354098845249,0.5801354098845249,83.03030303030303
1610612751,BKN,2023,2023-24,Regular Season,79,Dennis Schröder,-0.021152173913043477,0.23425524887935656,-0.027,0.5580889935599591,-0.062,0.5163507329957081,0.4362316584783413,0.4362316584783413,77.27272727272727
1610612766,CHA,2023,2023-24,Regular Season,81,Brandon Miller,-0.02250217472349944,-1.2251867237701626,-0.046,-0.6654138000137975,-0.061,0.5915474416844037,-0.4330176940331854,-0.4330176940331854,24.242424242424242
1610612741,CHI,2023,2023-24,Regular Season,81,DeMar DeRozan,-0.020153503342411488,1.3138855249070431,-0.015,1.330827600027595,-0.044,1.8698914893922263,1.5048682047756214,1.5048682047756214,99.69696969696969
1610612739,CLE,2023,2023-24,Regular Season,82,Darius Garland,-0.02239848503663231,-1.1130911754025559,-0.038,-0.1502547290353736,-0.096,-2.040337362419937,-1.1012277556192887,-1.1012277556192887,5.454545454545454
1610612742,DAL,2023,2023-24,Regular Season,81,Luka Dončić,-0.020174270845939733,1.2914344522250714,-0.032,0.23611457419844417,-0.055,1.0427276938165762,0.8567589067466971,0.8567589067466971,93.33333333333333
1610612743,DEN,2023,2023-24,Regular Season,80,Nikola Jokić,-0.020457103551775886,0.9856732119811479,-0.045,-0.6010189161414944,-0.089,-1.5139604015990684,-0.37643536858647164,-0.37643536858647164,25.757575757575758
1610612765,DET,2023,2023-24,Regular Season,81,Cade Cunningham,-0.02150804208489539,-0.15046225847926314,-0.033,0.17171969032614112,-0.063,0.44115402430701267,0.15413715205129688,0.15413715205129688,58.18181818181818
1610612744,GSW,2023,2023-24,Regular Season,81,Stephen Curry,-0.02130492676431425,0.06911910906388666,-0.098,-4.013947761373553,-0.105,-2.7171077406181956,-2.220645464309287,-2.220645464309287,0.9090909090909091
1610612748,MIA,2023,2023-24,Regular Season,82,Terry Rozier,-0.022758620689655173,-1.502422117871834,-0.032,0.23611457419844417,-0.079,-0.7619933147121144,-0.6761002861285014,-0.6761002861285014,12.424242424242424
1610612749,MIL,2023,2023-24,Regular Season,82,Damian Lillard,-0.020467148884870404,0.9748135290581188,-0.023,0.8156685290491711,-0.061,0.5915474416844037,0.7940098332638978,0.7940098332638978,91.21212121212122
1610612750,MIN,2023,2023-24,Regular Season,82,Anthony Edwards,-0.02121333993317659,0.16813065370075175,-0.048,-0.7942035677584035,-0.061,0.5915474416844037,-0.0115084907910827,-0.0115084907910827,43.03030303030303
1610612740,NOP,2023,2023-24,Regular Season,81,CJ McCollum,-0.02150969016170843,-0.15224394072454006,-0.036,-0.02146496129076753,-0.06,0.6667441503730992,0.16434508278593055,0.16434508278593055,59.3939393939394
1610612752,NYK,2023,2023-24,Regular Season,82,Jalen Brunson,-0.02199670176328809,-0.6787363450309936,-0.027,0.5580889935599591,-0.061,0.5915474416844037,0.15696669673778973,0.15696669673778973,58.78787878787879
1610612760,OKC,2023,2023-24,Regular Season,82,Shai Gilgeous-Alexander,-0.021687289764536277,-0.3442410956042477,-0.026,0.6224838774322622,-0.068,0.06517048086353514,0.11447108756384987,0.11447108756384987,54.848484848484844
1610612753,ORL,2023,2023-24,Regular Season,82,Paolo Banchero,-0.021849289454001497,-0.5193736914742286,-0.025,0.6868787613045649,-0.086,-1.2883702755329818,-0.3736217352342151,-0.3736217352342151,26.060606060606062
1610612755,PHI,2023,2023-24,Regular Season,81,Tyrese Maxey,-0.021486402966625465,-0.1270689114459456,-0.029,0.42929922581535307,-0.067,0.14036718955223063,0.1475325013072127,0.1475325013072127,56.96969696969697
1610612756,PHX,2023,2023-24,Regular Season,81,Devin Booker,-0.020332802157391517,1.1200514070298888,-0.035,0.04292992258153506,-0.069,-0.010026227825160374,0.38431836726208785,0.38431836726208785,73.93939393939394
1610612757,POR,2023,2023-24,Regular Season,81,Scoot Henderson,-0.02237751450080217,-1.0904206111018435,-0.035,0.04292992258153506,-0.052,1.2683178198826626,0.07360904378745141,0.07360904378745141,50.90909090909091
1610612758,SAC,2023,2023-24,Regular Season,82,De'Aaron Fox,-0.02191830780452225,-0.5939871856683552,-0.02,1.0088531806660799,-0.08,-0.8371900234008098,-0.1407746761343617,-0.1407746761343617,37.878787878787875
1610612759,SAS,2023,2023-24,Regular Season,81,Tre Jones,-0.022150243670509925,-0.8447255075741781,-0.023,0.8156685290491711,-0.08,-0.8371900234008098,-0.2887490006419389,-0.2887490006419389,29.6969696969697
1610612761,TOR,2023,2023-24,Regular Season,81,Immanuel Quickley,-0.021314160902803057,0.05913638224813579,-0.04,-0.27904449677997967,-0.083,-1.0627801494668965,-0.4275627546662468,-0.4275627546662468,24.545454545454547
1610612762,UTA,2023,2023-24,Regular Season,81,Keyonte George,-0.02231614539306847,-1.0240764645228757,-0.067,-2.01770636133216,-0.071,-0.16041964520255034,-1.067400823685862,-1.067400823685862,6.0606060606060606
1610612744,GSW,2024,2024-25,Regular Season,82,Stephen Curry,-0.022455034870916428,-0.9759470790676457,-0.077,-3.2219641785825974,-0.101,-2.554944993927713,-2.250952083859319,-2.250952083859319,0.30303030303030304
1610612745,HOU,2024,2024-25,Regular Season,82,Jalen Green,-0.020566245863463662,1.1475362916870422,-0.022,1.1679952720047564,-0.065,0.32837851019133546,0.8813033579610448,0.8813033579610448,94.84848484848484
1610612754,IND,2024,2024-25,Regular Season,82,Tyrese Haliburton,-0.021361347560244572,0.2536380190313435,-0.022,1.1679952720047564,-0.06,0.728840107985648,0.7168244663405826,0.7168244663405826,87.87878787878788
1610612746,LAC,2024,2024-25,Regular Season,82,James Harden,-0.020786516853932582,0.899895192826976,-0.028,0.689090604667954,-0.066,0.24828619063247293,0.6124239960424677,0.6124239960424677,84.54545454545455
1610612747,LAL,2024,2024-25,Regular Season,82,Austin Reaves,-0.02069210786739238,1.006035112202239,-0.035,0.13036849277501786,-0.07,-0.07208308760297716,0.3547735057914266,0.3547735057914266,71.51515151515152
1610612763,MEM,2024,2024-25,Regular Season,82,Ja Morant,-0.022248326089510162,-0.7435533822739882,-0.026,0.8487254937802216,-0.068,0.08810155151474788,0.0644245543403271,0.0644245543403271,50.60606060606061
1610612748,MIA,2024,2024-25,Regular Season,82,Tyler Herro,-0.02172390280188445,-0.15396707797231585,-0.041,-0.3485361745617842,-0.07,-0.07208308760297716,-0.1915287800456924,-0.1915287800456924,34.24242424242424
1610612749,MIL,2024,2024-25,Regular Season,82,Damian Lillard,-0.02119591638308216,0.439625099813072,-0.021,1.2478127165608899,-0.06,0.728840107985648,0.8054259747865365,0.8054259747865365,91.51515151515152
1610612750,MIN,2024,2024-25,Regular Season,82,Anthony Edwards,-0.021091144868469802,0.5574151590151631,-0.049,-0.9870757310108539,-0.059,0.8089324275445106,0.12642395184960661,0.12642395184960661,55.45454545454545
1610612740,NOP,2024,2024-25,Regular Season,82,Jose Alvarado,-0.023115562591329762,-1.7185496803565,-0.042,-0.42835361911791797,-0.067,0.1681938710736104,-0.6595698094669358,-0.6595698094669358,12.727272727272727
1610612752,NYK,2024,2024-25,Regular Season,82,Jalen Brunson,-0.021490794513777337,0.10810643655332801,-0.038,-0.1090838408933829,-0.076,-0.5526370049561512,-0.1845381364320687,-0.1845381364320687,35.15151515151515
1610612760,OKC,2024,2024-25,Regular Season,82,Shai Gilgeous-Alexander,-0.021098841419261403,0.5487622615482433,-0.027,0.7689080492240878,-0.077,-0.6327293245150137,0.22831366208577245,0.22831366208577245,64.24242424242425
1610612753,ORL,2024,2024-25,Regular Season,82,Anthony Black,-0.02288594833018274,-1.4604043484481013,-0.032,0.3698208264434192,-0.077,-0.6327293245150137,-0.5744376155065654,-0.5744376155065654,15.454545454545453
1610612755,PHI,2024,2024-25,Regular Season,82,Tyrese Maxey,-0.02220610027167202,-0.6960807309391878,-0.03,0.5294557155556867,-0.051,1.44967098401541,0.42768198954396963,0.42768198954396963,76.66666666666667
1610612756,PHX,2024,2024-25,Regular Season,82,Devin Booker,-0.021696835365102817,-0.12353633548707263,-0.054,-1.386162953791522,-0.068,0.08810155151474788,-0.47386591258794897,-0.47386591258794897,20.606060606060606
1610612757,POR,2024,2024-25,Regular Season,82,Anfernee Simons,-0.0212158203125,0.41724797724157614,-0.031,0.44963827099955295,-0.051,1.44967098401541,0.772185744085513,0.772185744085513,90.6060606060606
1610612758,SAC,2024,2024-25,Regular Season,82,Zach LaVine,-0.021476981316400048,0.12363601387079877,-0.024,1.0083603828924887,-0.065,0.32837851019133546,0.486791635651541,0.486791635651541,78.78787878787878
1610612759,SAS,2024,2024-25,Regular Season,82,Chris Paul,-0.021649860284291094,-0.07072429425326843,-0.03,0.5294557155556867,-0.06,0.728840107985648,0.3958571764293555,0.3958571764293555,74.84848484848486
1610612761,TOR,2024,2024-25,Regular Season,82,Scottie Barnes,-0.021887429191273955,-0.3378126886667921,-0.041,-0.3485361745617842,-0.093,-1.9142064374568128,-0.8668517668951298,-0.8668517668951298,7.575757575757576
1610612762,UTA,2024,2024-25,Regular Season,82,Keyonte George,-0.022137106464792118,-0.6185139931953488,-0.065,-2.2641548439089934,-0.068,0.08810155151474788,-0.9315224285298647,-0.9315224285298647,6.363636363636363
1610612764,WAS,2024,2024-25,Regular Season,82,Bub Carrington,-0.021514753315016125,0.08117059786883922,-0.038,-0.1090838408933829,-0.063,0.4885631493090605,0.1535499687615056,0.1535499687615056,57.878787878787875
1610612737,ATL,2021,2021-22,Regular Season,82,Trae Young,-0.020450055562415113,1.122461171512112,-0.034,0.4274785660398281,-0.067,0.23056714576431472,0.5935022944387517,0.5935022944387517,83.63636363636363
1610612738,BOS,2021,2021-22,Regular Season,81,Jayson Tatum,-0.019896504709965297,1.8209929603834456,-0.048,-0.6103306694325875,-0.07,-0.010724053291363398,0.3999794125531649,0.3999794125531649,75.15151515151514
1610612751,BKN,2021,2021-22,Regular Season,82,Kevin Durant,-0.020771676654029594,0.7166040484132324,-0.037,0.20509087272431079,-0.076,-0.4933064514027185,0.1427961565782749,0.1427961565782749,56.666666666666664
1610612766,CHA,2021,2021-22,Regular Season,81,LaMelo Ball,-0.021127733717856288,0.2672918007048187,-0.035,0.3533493349346555,-0.069,0.06970634639386264,0.2301158273444456,0.2301158273444456,64.84848484848484
1610612741,CHI,2021,2021-22,Regular Season,82,DeMar DeRozan,-0.020380969965534217,1.2096410310695151,-0.031,0.6498662593553459,-0.061,0.713149543875671,0.8575522781001773,0.8575522781001773,93.93939393939394
1610612739,CLE,2021,2021-22,Regular Season,82,Darius Garland,-0.021528126569563037,-0.23796825574025138,-0.04,-0.01729682059120708,-0.093,-1.8606232460515602,-0.7052961074610061,-0.7052961074610061,10.909090909090908
1610612742,DAL,2021,2021-22,Regular Season,82,Luka Dončić,-0.02202388514801169,-0.8635713509562274,-0.026,1.0205124148812088,-0.061,0.713149543875671,0.29003020260021745,0.29003020260021745,67.27272727272727
1610612743,DEN,2021,2021-22,Regular Season,82,Nikola Jokić,-0.02086667487381509,0.5967247706329277,-0.042,-0.16555528280155232,-0.082,-0.9758888495140747,-0.18157312056089978,-0.18157312056089978,35.45454545454545
1610612765,DET,2021,2021-22,Regular Season,81,Cade Cunningham,-0.021741800761577203,-0.5076060223929971,-0.042,-0.16555528280155232,-0.061,0.713149543875671,0.013329412893707185,0.013329412893707185,46.666666666666664
1610612744,GSW,2021,2021-22,Regular Season,81,Stephen Curry,-0.02103497106267701,0.38434999540556786,-0.097,-4.242662993586043,-0.105,-2.8257880422742714,-2.228033680151582,-2.228033680151582,0.6060606060606061
1610612745,HOU,2021,2021-22,Regular Season,82,Kevin Porter Jr.,-0.020962994112699748,0.4751784846086932,-0.038,0.13096164161913815,-0.068,0.15013674607908867,0.2520922907689734,0.2520922907689734,65.15151515151516
1610612754,IND,2021,2021-22,Regular Season,82,Tyrese Haliburton,-0.0215895175116336,-0.3154381474317899,-0.033,0.5016077971450007,-0.073,-0.2520152523470404,-0.021948534211276533,-0.021948534211276533,42.12121212121212
1610612746,LAC,2021,2021-22,Regular Season,81,Reggie Jackson,-0.020687107499076467,0.8233227768395426,-0.037,0.20509087272431079,-0.069,0.06970634639386264,0.366039998652572,0.366039998652572,72.12121212121212
1610612747,LAL,2021,2021-22,Regular Season,82,Russell Westbrook,-0.019551435406698566,2.256439634575582,-0.029,0.7981247215656909,-0.075,-0.4128760517174925,0.8805627681412602,0.8805627681412602,94.54545454545455
1610612763,MEM,2021,2021-22,Regular Season,81,Ja Morant,-0.021103074141048825,0.2984099865478956,-0.046,-0.4620722072222423,-0.066,0.3109975454495408,0.04911177492506469,0.04911177492506469,49.09090909090909
1610612748,MIA,2021,2021-22,Regular Season,82,Kyle Lowry,-0.022693126330286716,-1.7080940143610717,-0.052,-0.9068475938532775,-0.097,-2.182344844792464,-1.5990954843356044,-1.5990954843356044,2.4242424242424243
1610612749,MIL,2021,2021-22,Regular Season,82,Jrue Holiday,-0.021043577981651376,0.3734888315554408,-0.031,0.6498662593553459,-0.064,0.47185834481999284,0.49840447857692655,0.49840447857692655,79.0909090909091
1610612750,MIN,2021,2021-22,Regular Season,82,D'Angelo Russell,-0.02062642096446093,0.899903769168944,-0.046,-0.4620722072222423,-0.063,0.5522887445052189,0.3300401021506402,0.3300401021506402,69.0909090909091
1610612740,NOP,2021,2021-22,Regular Season,81,Devonte' Graham,-0.021575682382133997,-0.29797944835138357,-0.042,-0.16555528280155232,-0.071,-0.09115445297658832,-0.1848963947098414,-0.1848963947098414,34.84848484848485
1610612752,NYK,2021,2021-22,Regular Season,81,Immanuel Quickley,-0.02216637346066851,-1.0433788889501285,-0.03,0.7239954904605186,-0.047,1.8391751394688345,0.5065972469930748,0.5065972469930748,80.0
1610612760,OKC,2021,2021-22,Regular Season,82,Shai Gilgeous-Alexander,-0.02233471578433764,-1.255811882188119,-0.024,1.1687708770915537,-0.059,0.874010343246123,0.26232311271651926,0.26232311271651926,66.06060606060606
1610612753,ORL,2021,2021-22,Regular Season,82,Cole Anthony,-0.021847257691839962,-0.6406832596862109,-0.033,0.5016077971450007,-0.066,0.3109975454495408,0.057307360969443534,0.057307360969443534,49.3939393939394
1610612755,PHI,2021,2021-22,Regular Season,82,James Harden,-0.021489028213166145,-0.18862961826009997,-0.023,1.2429001081967264,-0.051,1.5174535407279308,0.8572413435548524,0.8572413435548524,93.63636363636364
1610612756,PHX,2021,2021-22,Regular Season,81,Chris Paul,-0.020795923319582625,0.6860069197339671,-0.048,-0.6103306694325875,-0.064,0.47185834481999284,0.18251153170712411,0.18251153170712411,61.212121212121204
1610612757,POR,2021,2021-22,Regular Season,82,Anfernee Simons,-0.02207512315270936,-0.9282291415119867,-0.054,-1.0551060560636227,-0.069,0.06970634639386264,-0.637876283727249,-0.637876283727249,13.030303030303031
1610612758,SAC,2021,2021-22,Regular Season,81,De'Aaron Fox,-0.0211191226369365,0.278158216558744,-0.036,0.27922010382948337,-0.074,-0.33244565203226645,0.07497755611865366,0.07497755611865366,51.21212121212121
1610612759,SAS,2021,2021-22,Regular Season,82,Dejounte Murray,-0.022083835946924004,-0.9392239104693232,-0.039,0.05683241051396554,-0.078,-0.6541672507731706,-0.5121862502428428,-0.5121862502428428,18.181818181818183
1610612761,TOR,2021,2021-22,Regular Season,82,Fred VanVleet,-0.021631249999999998,-0.36810082444442327,-0.025,1.0946416459863813,-0.071,-0.09115445297658832,0.21179545618845655,0.21179545618845655,62.727272727272734
1610612762,UTA,2021,2021-22,Regular Season,82,Donovan Mitchell,-0.021724482156226608,-0.4857514875787735,-0.048,-0.6103306694325875,-0.05,1.5978839404131562,0.16726726113393173,0.16726726113393173,60.0
1610612764,WAS,2021,2021-22,Regular Season,82,Raul Neto,-0.023264017823988115,-2.4285081453876693,-0.047,-0.5362014383274148,-0.076,-0.4933064514027185,-1.1526720117059341,-1.1526720117059341,4.545454545454546
1610612737,ATL,2019,2019-20,Regular Season,67,Trae Young,-0.02043863409058437,0.6664690628621154,-0.025,1.7712407951049691,-0.061,0.5586590816602623,0.998789646542449,0.998789646542449,96.36363636363636
1610612738,BOS,2019,2019-20,Regular Season,72,Kemba Walker,-0.021130254996554097,-0.15630913380580358,-0.058,-0.7627597643660129,-0.063,0.38407811864143027,-0.17833025984346207,-0.17833025984346207,35.75757575757576
1610612751,BKN,2019,2019-20,Regular Season,72,Spencer Dinwiddie,-0.0209177471636953,0.09649816277557159,-0.063,-1.1466992430737373,-0.068,-0.05237428890564986,-0.36752512306793844,-0.36752512306793844,26.666666666666668
1610612766,CHA,2019,2019-20,Regular Season,64,Devonte' Graham,-0.02132341301250594,-0.3860971617052477,-0.049,-0.07166870269210868,-0.07,-0.2269552519244819,-0.22824037210727943,-0.22824037210727943,32.42424242424242
1610612741,CHI,2019,2019-20,Regular Season,65,Tomas Satoransky,-0.021305043425262838,-0.3642440110341847,-0.04,0.6194223589817955,-0.063,0.38407811864143027,0.2130854888630137,0.2130854888630137,63.030303030303024
1610612739,CLE,2019,2019-20,Regular Season,65,Collin Sexton,-0.020890410958904114,0.12901833833374377,-0.036,0.9265739419479754,-0.074,-0.5761171779621448,0.15982503410652474,0.15982503410652474,59.09090909090909
1610612742,DAL,2019,2019-20,Regular Season,73,Luka Dončić,-0.020947284978200555,0.06135886964204592,-0.053,-0.378820285658288,-0.051,1.431563896754422,0.3713674935793933,0.3713674935793933,73.03030303030303
1610612743,DEN,2019,2019-20,Regular Season,73,Jamal Murray,-0.02159138146044063,-0.7048824882512555,-0.043,0.38905867175716113,-0.088,-1.798183919093968,-0.7046692451960208,-0.7046692451960208,11.212121212121213
1610612765,DET,2019,2019-20,Regular Season,65,Derrick Rose,-0.02242200706930997,-1.6930258984240296,-0.044,0.3122707760156162,-0.072,-0.40153621494331276,-0.5940971124505754,-0.5940971124505754,14.84848484848485
1610612744,GSW,2019,2019-20,Regular Season,65,Andrew Wiggins,-0.02142911067492073,-0.5118390693355865,-0.083,-2.6824571579046355,-0.078,-0.925279103999809,-1.3731917770800102,-1.3731917770800102,3.6363636363636362
1610612745,HOU,2019,2019-20,Regular Season,72,James Harden,-0.018145642658177474,3.3942977612810648,-0.023,1.9248165865880589,-0.058,0.8205305261885099,2.046548291352545,2.046548291352545,100.0
1610612754,IND,2019,2019-20,Regular Season,73,Malcolm Brogdon,-0.0219482120838471,-1.1293815950713675,-0.06,-0.9163355558491023,-0.075,-0.6634076594715609,-0.9030416034640102,-0.9030416034640102,6.666666666666667
1610612746,LAC,2019,2019-20,Regular Season,72,Lou Williams,-0.020960654407787993,0.04545409424922079,-0.051,-0.2252444941751981,-0.054,1.169692452226174,0.3299673507667322,0.3299673507667322,68.78787878787878
1610612747,LAL,2019,2019-20,Regular Season,71,LeBron James,-0.019591596172514214,1.6741371722607883,-0.046,0.15869498453252623,-0.078,-0.925279103999809,0.3025176842645019,0.3025176842645019,67.87878787878789
1610612763,MEM,2019,2019-20,Regular Season,73,Ja Morant,-0.02065260513091775,0.4119210797328108,-0.043,0.38905867175716113,-0.059,0.7332400446790944,0.5114065987230222,0.5114065987230222,80.3030303030303
1610612748,MIA,2019,2019-20,Regular Season,72,Goran Dragic,-0.021954557897618396,-1.136930813387456,-0.049,-0.07166870269210868,-0.094,-2.3219268081504643,-1.1768421080766764,-1.1768421080766764,4.242424242424243
1610612749,MIL,2019,2019-20,Regular Season,72,Giannis Antetokounmpo,-0.020105956841969246,1.0622344081913073,-0.046,0.15869498453252623,-0.064,0.2967876371320142,0.505905676618616,0.505905676618616,79.6969696969697
1610612750,MIN,2019,2019-20,Regular Season,64,D'Angelo Russell,-0.020728176959619954,0.3220179949622385,-0.04,0.6194223589817955,-0.064,0.2967876371320142,0.4127426636920161,0.4127426636920161,76.06060606060606
1610612740,NOP,2019,2019-20,Regular Season,71,Lonzo Ball,-0.02097575516693164,0.02748966421351139,-0.066,-1.3770629302983721,-0.064,0.2967876371320142,-0.35092854298428217,-0.35092854298428217,27.575757575757574
1610612752,NYK,2019,2019-20,Regular Season,66,Elfrid Payton,-0.021936609038519867,-1.1155781767134276,-0.05,-0.14845659843365364,-0.055,1.0824019707167578,-0.06054426814344116,-0.06054426814344116,40.60606060606061
1610612760,OKC,2019,2019-20,Regular Season,72,Chris Paul,-0.02059781102798559,0.4771062018270409,-0.023,1.9248165865880589,-0.053,1.25698293373559,1.2196352407168967,1.2196352407168967,98.18181818181819
1610612753,ORL,2019,2019-20,Regular Season,73,Markelle Fultz,-0.0218538938662991,-1.0171771022961411,-0.067,-1.453850826039917,-0.077,-0.8379886224903929,-1.1030055169421502,-1.1030055169421502,5.151515151515151
1610612755,PHI,2019,2019-20,Regular Season,73,Ben Simmons,-0.0214539978094195,-0.5414457389234838,-0.041,0.5426344632402506,-0.067,0.03491619260376617,0.012034972306844307,0.012034972306844307,46.36363636363636
1610612756,PHX,2019,2019-20,Regular Season,72,Ricky Rubio,-0.02115048999865754,-0.18038145203178124,-0.045,0.23548288027407122,-0.092,-2.1473458451316323,-0.6974148056297808,-0.6974148056297808,11.818181818181818
1610612757,POR,2019,2019-20,Regular Season,73,Damian Lillard,-0.01985636387817529,1.3591595688954283,-0.034,1.0801497334310648,-0.059,0.7332400446790944,1.0575164490018627,1.0575164490018627,97.27272727272728
1610612758,SAC,2019,2019-20,Regular Season,71,De'Aaron Fox,-0.021815858543997788,-0.9719288548492556,-0.062,-1.0699113473321922,-0.07,-0.2269552519244819,-0.7562651513686433,-0.7562651513686433,10.0
1610612759,SAS,2019,2019-20,Regular Season,70,DeMar DeRozan,-0.02126845082080287,-0.32071207489824655,-0.044,0.3122707760156162,-0.048,1.6934353412826695,0.5616646808000131,0.5616646808000131,82.12121212121211
1610612761,TOR,2019,2019-20,Regular Season,71,Kyle Lowry,-0.02003275109170306,1.149322717219911,-0.05,-0.14845659843365364,-0.071,-0.3142457334338967,0.22887346178412019,0.22887346178412019,64.54545454545455
1610612762,UTA,2019,2019-20,Regular Season,72,Donovan Mitchell,-0.0213907100013949,-0.46615618635488965,-0.055,-0.5323960771413779,-0.056,0.9951114892073418,-0.0011469247629752506,-0.0011469247629752506,44.24242424242424
1610612764,WAS,2019,2019-20,Regular Season,72,Ish Smith,-0.021150501672240807,-0.18039533936472033,-0.053,-0.378820285658288,-0.076,-0.7506981409809769,-0.4366379220013284,-0.4366379220013284,23.333333333333332
1610612737,ATL,2018,2018-19,Regular Season,82,Trae Young,-0.020666512381393196,0.6883470782011938,-0.023,1.363988678940947,-0.069,0.12890459161168635,0.7270801162512757,0.7270801162512757,88.48484848484848
1610612738,BOS,2018,2018-19,Regular Season,82,Kyrie Irving,-0.020861506882395558,0.45594963920054427,-0.059,-0.4773960376293314,-0.061,0.7871408040968964,0.2552314685560364,0.2552314685560364,65.45454545454545
1610612751,BKN,2018,2018-19,Regular Season,82,D'Angelo Russell,-0.02201549929010885,-0.9193962233759331,-0.07,-1.0400413676924727,-0.073,-0.20021351463091752,-0.7198837018997745,-0.7198837018997745,10.606060606060606
1610612766,CHA,2018,2018-19,Regular Season,82,Kemba Walker,-0.021455132894415998,-0.2515429526856663,-0.047,0.13639886789409458,-0.065,0.45802269785429134,0.11429287102090653,0.11429287102090653,54.54545454545454
1610612741,CHI,2018,2018-19,Regular Season,81,Zach LaVine,-0.021996477162293488,-0.8967253595007522,-0.037,0.6478946224969498,-0.058,1.0339793837788496,0.2617162155916824,0.2617162155916824,65.75757575757576
1610612739,CLE,2018,2018-19,Regular Season,82,Collin Sexton,-0.021602667996509166,-0.4273775516764161,-0.04,0.4944458961160932,-0.066,0.3757431712936401,0.1476038385777724,0.1476038385777724,57.27272727272727
1610612742,DAL,2018,2018-19,Regular Season,82,Luka Dončić,-0.0218932570593963,-0.7737060566825686,-0.07,-1.0400413676924727,-0.068,0.2111841181723376,-0.5341877687342346,-0.5341877687342346,17.272727272727273
1610612743,DEN,2018,2018-19,Regular Season,82,Jamal Murray,-0.021331521739130433,-0.10422128067641842,-0.044,0.28984759427495127,-0.079,-0.6938906739948251,-0.16942145346543072,-0.16942145346543072,36.96969696969697
1610612765,DET,2018,2018-19,Regular Season,82,Reggie Jackson,-0.022361436859646956,-1.3316899280778471,-0.03,1.0059416507189485,-0.065,0.45802269785429134,0.04409147349846423,0.04409147349846423,48.78787878787879
1610612744,GSW,2018,2018-19,Regular Season,82,Stephen Curry,-0.020202622169249108,1.2412185526559967,-0.129,-4.0578663198493174,-0.103,-2.668599311450453,-1.8284156928812578,-1.8284156928812578,1.8181818181818181
1610612745,HOU,2018,2018-19,Regular Season,82,James Harden,-0.01975092250922509,1.7795611399978546,-0.028,1.1082408016395193,-0.059,0.9516998572181988,1.2798339329518575,1.2798339329518575,98.7878787878788
1610612754,IND,2018,2018-19,Regular Season,82,Darren Collison,-0.021804371989625787,-0.6677714663537315,-0.061,-0.5796951885499025,-0.087,-1.352126886480034,-0.8665311804612227,-0.8665311804612227,7.878787878787878
1610612746,LAC,2018,2018-19,Regular Season,82,Lou Williams,-0.021654867256637168,-0.48958943103259045,-0.039,0.5455954715763787,-0.069,0.12890459161168635,0.06163687738515819,0.06163687738515819,49.696969696969695
1610612747,LAL,2018,2018-19,Regular Season,82,LeBron James,-0.020974923834075464,0.3207775755055199,-0.06,-0.528545613089617,-0.081,-0.8584497271161275,-0.35540592156674156,-0.35540592156674156,26.969696969696972
1610612763,MEM,2018,2018-19,Regular Season,82,Mike Conley,-0.02228788255785021,-1.2440267823113011,-0.049,0.03409971697352347,-0.086,-1.2698473599193827,-0.8265914750857201,-0.8265914750857201,8.787878787878787
1610612748,MIA,2018,2018-19,Regular Season,82,Josh Richardson,-0.02166030534351145,-0.496070626431177,-0.037,0.6478946224969498,-0.08,-0.7761702005554763,-0.20811540149656782,-0.20811540149656782,33.03030303030303
1610612749,MIL,2018,2018-19,Regular Season,82,Giannis Antetokounmpo,-0.02055842025079105,0.817172938412291,-0.048,0.08524929243380903,-0.061,0.7871408040968964,0.5631876783143321,0.5631876783143321,82.42424242424242
1610612750,MIN,2018,2018-19,Regular Season,82,Tyus Jones,-0.021658074571394317,-0.4934119579848833,-0.025,1.261689528020376,-0.066,0.3757431712936401,0.38134024710971093,0.38134024710971093,73.33333333333333
1610612740,NOP,2018,2018-19,Regular Season,82,Jrue Holiday,-0.020451888226353326,0.9441394401526728,-0.06,-0.528545613089617,-0.076,-0.4470520943128713,-0.01048608908327183,-0.01048608908327183,43.333333333333336
1610612752,NYK,2018,2018-19,Regular Season,81,Emmanuel Mudiay,-0.02214034449296458,-1.0681886522190265,-0.052,-0.11934900940733285,-0.044,2.1858927556279664,0.332785031333869,0.332785031333869,69.39393939393939
1610612760,OKC,2018,2018-19,Regular Season,81,Russell Westbrook,-0.019195227511989706,2.441846966311552,-0.029,1.0570912261792338,-0.062,0.7048612775362452,1.4012664900090102,1.4012664900090102,99.39393939393939
1610612753,ORL,2018,2018-19,Regular Season,80,D.J. Augustin,-0.021812369359399977,-0.6773028543913888,-0.074,-1.2446396695336142,-0.065,0.45802269785429134,-0.4879732753569039,-0.4879732753569039,19.696969696969695
1610612755,PHI,2018,2018-19,Regular Season,81,Ben Simmons,-0.021061178693752212,0.21797770993395843,-0.046,0.18754844335438015,-0.086,-1.2698473599193827,-0.2881070688770147,-0.2881070688770147,30.0
1610612756,PHX,2018,2018-19,Regular Season,82,Devin Booker,-0.02127284673276789,-0.03429150757047433,-0.048,0.08524929243380903,-0.065,0.45802269785429134,0.16966016090587535,0.16966016090587535,60.303030303030305
1610612757,POR,2018,2018-19,Regular Season,82,Damian Lillard,-0.02151711210545411,-0.32541072763570605,-0.053,-0.17049858486761843,-0.09,-1.5989654661619876,-0.6982915928884373,-0.6982915928884373,11.515151515151516
1610612758,SAC,2018,2018-19,Regular Season,82,De'Aaron Fox,-0.020708016383850204,0.6388819710843089,-0.048,0.08524929243380903,-0.066,0.3757431712936401,0.3666248116039193,0.3666248116039193,72.42424242424242
1610612759,SAS,2018,2018-19,Regular Season,82,DeMar DeRozan,-0.022209629992648857,-1.1507641741118766,-0.04,0.4944458961160932,-0.059,0.9516998572181988,0.09846052640747179,0.09846052640747179,53.03030303030303
1610612761,TOR,2018,2018-19,Regular Season,82,Kyle Lowry,-0.02170326373890089,-0.5472691013664371,-0.045,0.2386980188146657,-0.054,1.3630974900214545,0.3515088024898943,0.3515088024898943,70.9090909090909
1610612762,UTA,2018,2018-19,Regular Season,81,Donovan Mitchell,-0.021355922002888782,-0.13330188951016222,-0.05,-0.01704985848676209,-0.079,-0.6938906739948251,-0.28141414066391646,-0.28141414066391646,30.606060606060602
1610612764,WAS,2018,2018-19,Regular Season,81,Bradley Beal,-0.019158024982323826,2.4861855121385017,-0.049,0.03409971697352347,-0.075,-0.36477256775222,0.7185042204532683,0.7185042204532683,88.18181818181819
1610612737,ATL,2017,2017-18,Regular Season,81,Dennis Schröder,-0.021274956864678334,-0.5951177216967336,-0.083,-1.4670530034772253,-0.066,0.43786805345101126,-0.5414342239076493,-0.5414342239076493,16.666666666666664
1610612738,BOS,2017,2017-18,Regular Season,79,Kyrie Irving,-0.020373732315011894,0.20028776769465415,-0.058,-0.16647409968535895,-0.06,0.8934533113769192,0.3090889931287381,0.3090889931287381,68.18181818181817
1610612751,BKN,2017,2017-18,Regular Season,80,Spencer Dinwiddie,-0.02059966011167759,0.0008877294461313486,-0.061,-0.3225435681403827,-0.065,0.5137989297719959,0.06404769702591485,0.06404769702591485,50.303030303030305
1610612766,CHA,2017,2017-18,Regular Season,82,Kemba Walker,-0.02056367432150313,0.03264817700101173,-0.066,-0.5826593488987561,-0.062,0.7415915587349499,0.06386012894573516,0.06386012894573516,50.0
1610612741,CHI,2017,2017-18,Regular Season,82,Jerian Grant,-0.02207107843137255,-1.2977611024233517,-0.042,0.6658963987414355,-0.059,0.9693841876979038,0.11250649467199585,0.11250649467199585,54.24242424242425
1610612739,CLE,2017,2017-18,Regular Season,82,LeBron James,-0.019145920631008135,1.2839335180872,-0.056,-0.06242778738200957,-0.074,-0.1695789571168648,0.3506422578627752,0.3506422578627752,70.60606060606061
1610612742,DAL,2017,2017-18,Regular Season,82,Dennis Smith Jr.,-0.021789797713280563,-1.0495075153310722,-0.076,-1.1028909104155025,-0.063,0.6656606824139653,-0.4955792477775365,-0.4955792477775365,19.393939393939394
1610612743,DEN,2017,2017-18,Regular Season,82,Jamal Murray,-0.01983940704138357,0.6718741841119902,-0.04,0.7699427110447848,-0.082,-0.7770259676847419,0.22159697582401108,0.22159697582401108,63.33333333333333
1610612765,DET,2017,2017-18,Regular Season,82,Ish Smith,-0.021607567973938105,-0.8886746407084268,-0.05,0.24971114952803827,-0.065,0.5137989297719959,-0.0417215204694642,-0.0417215204694642,40.909090909090914
1610612744,GSW,2017,2017-18,Regular Season,82,Kevin Durant,-0.019761241061689493,0.7408621509348386,-0.119,-3.3398866249375123,-0.123,-3.890191896845109,-2.1630721236159274,-2.1630721236159274,1.2121212121212122
1610612745,HOU,2017,2017-18,Regular Season,82,James Harden,-0.018934142114384746,1.470845641952174,-0.045,0.5098269302864118,-0.054,1.3490385693028264,1.1099037138471373,1.1099037138471373,97.57575757575758
1610612754,IND,2017,2017-18,Regular Season,82,Darren Collison,-0.021142033345869376,-0.477801680351659,-0.047,0.40578061798306236,-0.06,0.8934533113769192,0.27381074966944086,0.27381074966944086,66.36363636363637
1610612746,LAC,2017,2017-18,Regular Season,82,Lou Williams,-0.019594098200073462,0.8883796033735031,-0.025,1.5502900533199047,-0.073,-0.09364808079588015,0.7816738586325092,0.7816738586325092,90.9090909090909
1610612747,LAL,2017,2017-18,Regular Season,82,Lonzo Ball,-0.020443128812343024,0.1390395971447663,-0.05,0.24971114952803827,-0.066,0.43786805345101126,0.2755396000412719,0.2755396000412719,66.66666666666666
1610612763,MEM,2017,2017-18,Regular Season,82,Tyreke Evans,-0.022021614748887475,-1.2541052959002126,-0.036,0.9780353356514837,-0.068,0.286006300809042,0.0033121135201043725,0.0033121135201043725,44.54545454545455
1610612748,MIA,2017,2017-18,Regular Season,81,Goran Dragic,-0.021061365059486536,-0.4066052201215689,-0.052,0.14566483722468923,-0.069,0.21007542448805736,-0.01695498613627412,-0.01695498613627412,42.42424242424242
1610612749,MIL,2017,2017-18,Regular Season,81,Eric Bledsoe,-0.019281168101834518,1.164566396140264,-0.036,0.9780353356514837,-0.083,-0.8529568440057266,0.42988162926200707,0.42988162926200707,76.96969696969697
1610612750,MIN,2017,2017-18,Regular Season,82,Jeff Teague,-0.020363180964308076,0.209600210718334,-0.019,1.8624289902299525,-0.073,-0.09364808079588015,0.6594603733841354,0.6594603733841354,87.27272727272727
1610612740,NOP,2017,2017-18,Regular Season,82,Jrue Holiday,-0.01843835129693237,1.9084222014649186,-0.064,-0.47861303659540677,-0.075,-0.24550983343784943,0.3947664438105542,0.3947664438105542,74.54545454545455
1610612752,NYK,2017,2017-18,Regular Season,81,Jarrett Jack,-0.021699342350167513,-0.9696731473129789,-0.062,-0.3745667242920574,-0.073,-0.09364808079588015,-0.47929598413363883,-0.47929598413363883,20.303030303030305
1610612760,OKC,2017,2017-18,Regular Season,80,Russell Westbrook,-0.018246017919362867,2.078172375679093,-0.04,0.7699427110447848,-0.055,1.273107692981842,1.3737409265685734,1.3737409265685734,99.0909090909091
1610612753,ORL,2017,2017-18,Regular Season,82,D.J. Augustin,-0.02116786067193676,-0.5005964399239564,-0.062,-0.3745667242920574,-0.075,-0.24550983343784943,-0.3735576658846211,-0.3735576658846211,26.36363636363636
1610612755,PHI,2017,2017-18,Regular Season,81,Ben Simmons,-0.019896975539221592,0.6210652051362991,-0.058,-0.16647409968535895,-0.091,-1.4604038545736027,-0.33527091637422085,-0.33527091637422085,28.18181818181818
1610612756,PHX,2017,2017-18,Regular Season,82,Elfrid Payton,-0.021150367780055468,-0.4851575104886015,-0.078,-1.2069372227188517,-0.068,0.286006300809042,-0.46869614413280375,-0.46869614413280375,20.909090909090907
1610612757,POR,2017,2017-18,Regular Season,82,Damian Lillard,-0.02099286786786787,-0.3461507615279299,-0.055,-0.010404631230334867,-0.074,-0.1695789571168648,-0.17537811662504318,-0.17537811662504318,36.06060606060606
1610612758,SAC,2017,2017-18,Regular Season,82,De'Aaron Fox,-0.02180025445292621,-1.0587364562408175,-0.049,0.30173430567971293,-0.073,-0.09364808079588015,-0.2835500771189949,-0.2835500771189949,30.303030303030305
1610612759,SAS,2017,2017-18,Regular Season,82,Dejounte Murray,-0.023007499682216857,-2.124230602815888,-0.033,1.1341048041065074,-0.063,0.6656606824139653,-0.1081550387651385,-0.1081550387651385,39.09090909090909
1610612761,TOR,2017,2017-18,Regular Season,82,DeMar DeRozan,-0.02074284304047384,-0.12548309300186566,-0.052,0.14566483722468923,-0.068,0.286006300809042,0.10206268167728853,0.10206268167728853,53.333333333333336
1610612762,UTA,2017,2017-18,Regular Season,82,Ricky Rubio,-0.02148157464469878,-0.7774750670386383,-0.051,0.19768799337636392,-0.084,-0.9288877203267112,-0.5028915979963285,-0.5028915979963285,18.787878787878785
1610612764,WAS,2017,2017-18,Regular Season,82,Bradley Beal,-0.019528255224434275,0.9464914959985508,-0.079,-1.2589603788705266,-0.089,-1.3085421019316335,-0.5403369949345365,-0.5403369949345365,16.969696969696972
1610612737,ATL,2016,2016-17,Regular Season,82,Dennis Schröder,-0.019886293412433566,0.5603573680019843,-0.065,-0.45020848028052957,-0.077,-0.2066478669111322,-0.03216632639655915,-0.03216632639655915,41.21212121212121
1610612738,BOS,2016,2016-17,Regular Season,82,Isaiah Thomas,-0.01976889444097439,0.6658642196505774,-0.066,-0.4987921292316658,-0.075,-0.06733469820699765,0.03324579740397131,0.03324579740397131,48.18181818181818
1610612751,BKN,2016,2016-17,Regular Season,81,Spencer Dinwiddie,-0.020983156134273085,-0.42539685994061716,-0.041,0.7157990945467404,-0.063,0.7685443140178088,0.352982182874644,0.352982182874644,71.21212121212122
1610612766,CHA,2016,2016-17,Regular Season,82,Kemba Walker,-0.021464582808167383,-0.8580566356687616,-0.075,-0.9360449697918918,-0.082,-0.5549307886714686,-0.7830107980440406,-0.7830107980440406,9.393939393939393
1610612741,CHI,2016,2016-17,Regular Season,82,Jimmy Butler III,-0.020381361282990278,0.11543820282023584,-0.035,1.007300988253558,-0.066,0.5595745609616068,0.5607712506784669,0.5607712506784669,81.81818181818183
1610612739,CLE,2016,2016-17,Regular Season,82,Kyrie Irving,-0.019316623020326724,1.0723220709424484,-0.052,0.1813789560842419,-0.059,1.047170651426078,0.7669572261509227,0.7669572261509227,90.0
1610612742,DAL,2016,2016-17,Regular Season,81,Seth Curry,-0.021762519561815335,-1.125813401142036,-0.091,-1.7133833530100717,-0.057,1.186483820130212,-0.5509043113406319,-0.5509043113406319,16.363636363636363
1610612743,DEN,2016,2016-17,Regular Season,81,Jameer Nelson,-0.020402228480470186,0.09668478205794076,-0.039,0.812966392449013,-0.092,-1.2514966321921404,-0.1139484858950622,-0.1139484858950622,38.484848484848484
1610612765,DET,2016,2016-17,Regular Season,82,Ish Smith,-0.021343472750316853,-0.7492146181623989,-0.035,1.007300988253558,-0.056,1.2561404044822793,0.5047422581911462,0.5047422581911462,79.39393939393939
1610612744,GSW,2016,2016-17,Regular Season,82,Stephen Curry,-0.018921367314893103,1.4275397066518638,-0.13,-3.608145662104386,-0.123,-3.410850747106224,-1.8638189008529154,-1.8638189008529154,1.5151515151515151
1610612745,HOU,2016,2016-17,Regular Season,82,James Harden,-0.018225962118470263,2.052502702346929,-0.037,0.9101336903512857,-0.074,0.002321886145069618,0.9883194262810947,0.9883194262810947,96.06060606060606
1610612754,IND,2016,2016-17,Regular Season,81,Jeff Teague,-0.01958004756540243,0.8355815437261128,-0.078,-1.0817959166453006,-0.078,-0.27630445126319947,-0.1741729413941291,-0.1741729413941291,36.36363636363637
1610612746,LAC,2016,2016-17,Regular Season,82,Chris Paul,-0.02022151104417671,0.25909615163250727,-0.053,0.1327953071331056,-0.055,1.3257969888343464,0.572562815866653,0.572562815866653,82.72727272727273
1610612747,LAL,2016,2016-17,Regular Season,82,D'Angelo Russell,-0.021097875475868846,-0.5284955191923066,-0.048,0.37571355188878675,-0.076,-0.13699128255906493,-0.09659108328752826,-0.09659108328752826,39.39393939393939
1610612763,MEM,2016,2016-17,Regular Season,82,Mike Conley,-0.021023760062321477,-0.4618877470387343,-0.061,-0.25587388447598436,-0.072,0.14163505484920416,-0.19204219222183816,-0.19204219222183816,33.939393939393945
1610612748,MIA,2016,2016-17,Regular Season,82,Goran Dragic,-0.021241269841269842,-0.657364519061425,-0.046,0.4728808497910593,-0.072,0.14163505484920416,-0.01428287147372051,-0.01428287147372051,42.72727272727273
1610612749,MIL,2016,2016-17,Regular Season,82,Giannis Antetokounmpo,-0.019596320899335717,0.8209566436287172,-0.038,0.8615500414001493,-0.098,-1.6694361383045442,0.004356848908107465,0.004356848908107465,45.151515151515156
1610612750,MIN,2016,2016-17,Regular Season,82,Ricky Rubio,-0.020562261753494283,-0.047137660216724137,-0.035,1.007300988253558,-0.068,0.42026139225747233,0.46014157343143536,0.46014157343143536,78.18181818181819
1610612740,NOP,2016,2016-17,Regular Season,82,Jrue Holiday,-0.019900893184877033,0.5472365032605773,-0.049,0.32712990293765043,-0.063,0.7685443140178088,0.5476369067386788,0.5476369067386788,80.9090909090909
1610612752,NYK,2016,2016-17,Regular Season,82,Derrick Rose,-0.021251564455569465,-0.6666163236572384,-0.056,-0.012955639720303258,-0.078,-0.27630445126319947,-0.31862547154691373,-0.31862547154691373,28.78787878787879
1610612760,OKC,2016,2016-17,Regular Season,82,Russell Westbrook,-0.019240029633288063,1.141156806231092,-0.026,1.4445538288137842,-0.075,-0.06733469820699765,0.8394586456126261,0.8394586456126261,92.72727272727272
1610612753,ORL,2016,2016-17,Regular Season,82,Elfrid Payton,-0.020193390912504692,0.28436780881810775,-0.072,-0.7902940229384829,-0.067,0.4899179766095396,-0.005336079170278525,-0.005336079170278525,43.63636363636363
1610612755,PHI,2016,2016-17,Regular Season,82,T.J. McConnell,-0.021888372661694584,-1.2389180065183538,-0.045,0.5214644987421956,-0.079,-0.34596103561526675,-0.35447151446380837,-0.35447151446380837,27.27272727272727
1610612756,PHX,2016,2016-17,Regular Season,80,Eric Bledsoe,-0.019230769230769232,1.1494791612110107,-0.052,0.1813789560842419,-0.069,0.35060480790540505,0.5604876417335526,0.5604876417335526,81.51515151515152
1610612757,POR,2016,2016-17,Regular Season,82,Damian Lillard,-0.02081787833827893,-0.2768611471824717,-0.067,-0.5473757781828021,-0.081,-0.4852742043194013,-0.4365037098948917,-0.4365037098948917,23.636363636363637
1610612758,SAC,2016,2016-17,Regular Season,82,Darren Collison,-0.021195171280495514,-0.6159355869985749,-0.053,0.1327953071331056,-0.086,-0.8335571260797368,-0.43889913531506863,-0.43889913531506863,22.727272727272727
1610612759,SAS,2016,2016-17,Regular Season,81,Tony Parker,-0.02259959141981614,-1.8780927034527475,-0.046,0.4728808497910593,-0.067,0.4899179766095396,-0.30509795901738285,-0.30509795901738285,29.09090909090909
1610612761,TOR,2016,2016-17,Regular Season,81,Kyle Lowry,-0.020843396466251433,-0.29979437486650573,-0.046,0.4728808497910593,-0.049,1.7437364949467495,0.638940989957101,0.638940989957101,86.36363636363636
1610612762,UTA,2016,2016-17,Regular Season,82,George Hill,-0.023248449663544002,-2.4612237957534058,-0.055,0.035628009230833035,-0.09,-1.112183463488006,-1.1792597500035262,-1.1792597500035262,3.939393939393939
1610612764,WAS,2016,2016-17,Regular Season,82,John Wall,-0.019105315082007645,1.262225227872184,-0.08,-1.1789632145475732,-0.074,0.002321886145069618,0.028527966489893437,0.028527966489893437,47.27272727272727
1610612737,ATL,2015,2015-16,Regular Season,82,Jeff Teague,-0.020315796004467056,0.23494890324028025,-0.061,-0.36371166668933835,-0.084,-0.5302541886362495,-0.2196723173617692,-0.2196723173617692,32.72727272727273
1610612738,BOS,2015,2015-16,Regular Season,81,Isaiah Thomas,-0.018511170797216456,2.0984426894235493,-0.061,-0.36371166668933835,-0.068,0.7113165945120401,0.8153492057487504,0.8153492057487504,92.12121212121212
1610612751,BKN,2015,2015-16,Regular Season,82,Shane Larkin,-0.021542452233329117,-1.031722010522494,-0.043,0.6434898718349835,-0.089,-0.9182450583700892,-0.4354923990191999,-0.4354923990191999,23.939393939393938
1610612766,CHA,2015,2015-16,Regular Season,82,Kemba Walker,-0.020986065779563145,-0.45718570506488404,-0.068,-0.7554011538932416,-0.068,0.7113165945120401,-0.1670900881486952,-0.1670900881486952,37.27272727272727
1610612741,CHI,2015,2015-16,Regular Season,82,Derrick Rose,-0.021050824175824174,-0.5240565813835609,-0.038,0.9232680769806283,-0.079,-0.14226331890240865,0.08564939223155292,0.08564939223155292,52.121212121212125
1610612739,CLE,2015,2015-16,Regular Season,82,LeBron James,-0.020501674394641935,0.04300698439478136,-0.047,0.4196673077184674,-0.07,0.5561202466185038,0.33959817957725086,0.33959817957725086,70.3030303030303
1610612765,DET,2014,2014-15,Regular Season,82,Reggie Jackson,-0.02189316625758946,-0.928124450675912,-0.055,-0.26347485360696066,-0.058,1.4839375930062548,0.09744609624112736,0.09744609624112736,52.72727272727272
1610612737,ATL,2014,2014-15,Regular Season,82,Jeff Teague,-0.02089710610932476,-0.05566406763938363,-0.065,-0.9629656153953515,-0.083,-0.510602182539787,-0.5097439551915074,-0.5097439551915074,18.484848484848484
1610612738,BOS,2014,2014-15,Regular Season,82,Evan Turner,-0.020054327463469464,0.6825353086321353,-0.047,0.296117755823752,-0.071,0.44677690972231393,0.4751433247260671,0.4751433247260671,78.48484848484848
1610612751,BKN,2014,2014-15,Regular Season,82,Deron Williams,-0.020894946637520895,-0.05377256178962255,-0.041,0.7158122128967864,-0.09,-1.069073319692678,-0.1356778895285047,-0.1356778895285047,38.18181818181819
1610612766,CHA,2014,2014-15,Regular Season,82,Kemba Walker,-0.02211402037920805,-1.1215730811408917,-0.052,-0.05362762507044321,-0.059,1.4041560019844137,0.07631843192435957,0.07631843192435957,51.515151515151516
1610612741,CHI,2014,2014-15,Regular Season,82,Aaron Brooks,-0.022022508038585208,-1.041416383885742,-0.047,0.296117755823752,-0.09,-1.069073319692678,-0.604790649251556,-0.604790649251556,14.545454545454545
1610612739,CLE,2014,2014-15,Regular Season,81,Kyrie Irving,-0.02016727414735746,0.5836040269627496,-0.029,1.5552011270428554,-0.073,0.28721372767863046,0.8086729605614119,0.8086729605614119,91.81818181818183
1610612742,DAL,2014,2014-15,Regular Season,82,Rajon Rondo,-0.020279588766298897,0.48522637815011116,-0.049,0.15621960346607372,-0.06,1.324374410962572,0.6552734641929189,0.6552734641929189,86.96969696969697
1610612743,DEN,2014,2014-15,Regular Season,82,Ty Lawson,-0.019479465734614905,1.186063218089473,-0.039,0.8557103652544646,-0.077,-0.031912636408736476,0.6699536489784004,0.6699536489784004,87.57575757575758
1610612744,GSW,2014,2014-15,Regular Season,82,Stephen Curry,-0.01920746634026928,1.424310573121112,-0.088,-2.57179436750865,-0.096,-1.5477628658237284,-0.8984155534037553,-0.8984155534037553,6.969696969696971
1610612745,HOU,2014,2014-15,Regular Season,81,James Harden,-0.019145825556799802,1.4783024346067313,-0.039,0.8557103652544646,-0.071,0.44677690972231393,0.9269299031945032,0.9269299031945032,95.15151515151516
1610612754,IND,2014,2014-15,Regular Season,82,George Hill,-0.022168837869211918,-1.1695883424774667,-0.073,-1.5225582248260638,-0.074,0.20743213665678875,-0.8282381435489139,-0.8282381435489139,8.484848484848486
1610612746,LAC,2014,2014-15,Regular Season,82,Chris Paul,-0.01914839367669556,1.4760529892576326,-0.063,-0.8230674630376733,-0.061,1.2445928199407301,0.6325261153868965,0.6325261153868965,85.75757575757575
1610612747,LAL,2014,2014-15,Regular Season,82,Jeremy Lin,-0.02109731373542828,-0.23102819847166434,-0.06,-0.6132202345011558,-0.072,0.3669953187004722,-0.159084371424116,-0.159084371424116,37.57575757575757
1610612763,MEM,2014,2014-15,Regular Season,82,Mike Conley,-0.021293529106029108,-0.4028954674215301,-0.043,0.5759140605391085,-0.096,-1.5477628658237284,-0.45824809090204993,-0.45824809090204993,21.818181818181817
1610612748,MIA,2014,2014-15,Regular Season,81,Goran Dragic,-0.020585304278501193,0.21744669301673647,-0.047,0.296117755823752,-0.076,0.047868954613105266,0.18714446781786456,0.18714446781786456,61.51515151515151
1610612749,MIL,2014,2014-15,Regular Season,81,Michael Carter-Williams,-0.019788356425575186,0.9155023578631811,-0.059,-0.5432711583223168,-0.103,-2.1062340029766196,-0.578000934478585,-0.578000934478585,15.151515151515152
1610612750,MIN,2014,2014-15,Regular Season,81,Zach LaVine,-0.020579829798043948,0.22224185255100282,-0.073,-1.5225582248260638,-0.079,-0.19147581845241995,-0.497264063575827,-0.497264063575827,19.090909090909093
1610612740,NOP,2014,2014-15,Regular Season,82,Tyreke Evans,-0.021326235541535225,-0.43154340529871527,-0.044,0.5059649843602695,-0.08,-0.2712574094742617,-0.06561194347090249,-0.06561194347090249,40.0
1610612752,NYK,2014,2014-15,Regular Season,81,Shane Larkin,-0.02254856917826201,-1.5021993036950054,-0.066,-1.0329146915741907,-0.077,-0.031912636408736476,-0.8556755438926441,-0.8556755438926441,8.181818181818182
1610612760,OKC,2014,2014-15,Regular Season,82,Russell Westbrook,-0.02016462193289935,0.5859271316929698,-0.039,0.8557103652544646,-0.063,1.0850296378970468,0.8422223782814937,0.8422223782814937,93.03030303030303
1610612753,ORL,2014,2014-15,Regular Season,82,Elfrid Payton,-0.020365367297053905,0.4100919900017596,-0.039,0.8557103652544646,-0.065,0.9254664558533633,0.7304229370365292,0.7304229370365292,89.0909090909091
1610612755,PHI,2014,2014-15,Regular Season,82,Ish Smith,-0.022993710691823897,-1.8921038050489303,-0.034,1.20545574614866,-0.071,0.44677690972231393,-0.07995704972598548,-0.07995704972598548,39.696969696969695
1610612756,PHX,2014,2014-15,Regular Season,82,Eric Bledsoe,-0.01880429386944651,1.777453913848705,-0.048,0.22616867964491288,-0.065,0.9254664558533633,0.9763630164489937,0.9763630164489937,95.75757575757575
1610612757,POR,2014,2014-15,Regular Season,82,Damian Lillard,-0.02051982714794103,0.2747988544380897,-0.045,0.4360159081814303,-0.062,1.1648112289188886,0.6252086638461362,0.6252086638461362,84.84848484848484
1610612758,SAC,2014,2014-15,Regular Season,82,Darren Collison,-0.021447434607645876,-0.5377030421708325,-0.041,0.7158122128967864,-0.074,0.20743213665678875,0.12851376912758086,0.12851376912758086,55.757575757575765
1610612759,SAS,2014,2014-15,Regular Season,82,Tony Parker,-0.022649491094147583,-1.5905979546637299,-0.052,-0.05362762507044321,-0.097,-1.6275444568455701,-1.0905900121932477,-1.0905900121932477,5.757575757575758
1610612761,TOR,2014,2014-15,Regular Season,82,Kyle Lowry,-0.02063081695966908,0.17758161929209046,-0.069,-1.242761920110708,-0.073,0.28721372767863046,-0.2593221910466624,-0.2593221910466624,31.212121212121215
1610612762,UTA,2014,2014-15,Regular Season,82,Trey Burke,-0.022612209457654287,-1.557942546341415,-0.024,1.904946507937051,-0.088,-0.9095101376489945,-0.18750205868445283,-0.18750205868445283,34.54545454545455
1610612764,WAS,2014,2014-15,Regular Season,82,John Wall,-0.020126848546659866,0.6190132691963126,-0.067,-1.10286376775303,-0.094,-1.388199683780045,-0.6240167274455874,-0.6240167274455874,13.333333333333334
1610612737,ATL,2022,2022-23,Regular Season,82,Trae Young,-0.02035803497085762,1.19511705071368,-0.047,-0.48799150942801783,-0.063,0.4569944857608377,0.3880400090154999,0.3880400090154999,74.24242424242425
1610612738,BOS,2022,2022-23,Regular Season,82,Jayson Tatum,-0.020292227476658178,1.283363546550058,-0.059,-1.202125425664141,-0.057,0.9352445289989241,0.3388275499616136,0.3388275499616136,70.0
1610612751,BKN,2022,2022-23,Regular Season,82,Spencer Dinwiddie,-0.020657132289483418,0.7940336998905947,-0.041,-0.13092455130995637,-0.07,-0.10096389801693043,0.18738175018790262,0.18738175018790262,61.81818181818181
1610612766,CHA,2022,2022-23,Regular Season,82,Terry Rozier,-0.02177294398092968,-0.7022468222786905,-0.046,-0.4284803497416742,-0.067,0.13816112360211305,-0.3308553494727505,-0.3308553494727505,28.484848484848484
1610612741,CHI,2022,2022-23,Regular Season,81,DeMar DeRozan,-0.019987841945288753,1.691538281865737,-0.026,0.7617428439851978,-0.052,1.33378623169733,1.2623557858494214,1.2623557858494214,98.48484848484848
1610612739,CLE,2022,2022-23,Regular Season,82,Darius Garland,-0.020932639237330658,0.42458455094700037,-0.038,0.04760892774907459,-0.09,-1.6951307088105514,-0.4076457433714921,-0.4076457433714921,25.151515151515152
1610612742,DAL,2022,2022-23,Regular Season,82,Luka Dončić,-0.021158129175946547,0.12220718236181824,-0.031,0.4641870455534797,-0.045,1.8917446154750974,0.8260462811301318,0.8260462811301318,92.42424242424242
1610612743,DEN,2022,2022-23,Regular Season,82,Jamal Murray,-0.0206113913150449,0.8553714055644687,-0.041,-0.13092455130995637,-0.092,-1.8545473898899139,-0.3767001785451338,-0.3767001785451338,25.454545454545453
1610612765,DET,2022,2022-23,Regular Season,81,Killian Hayes,-0.021364354270441015,-0.1543364266002272,-0.038,0.04760892774907459,-0.061,0.6164111668402,0.16989455599634914,0.16989455599634914,60.60606060606061
1610612744,GSW,2022,2022-23,Regular Season,81,Jordan Poole,-0.020364140698772428,1.1869293951956144,-0.102,-3.7611052921769157,-0.102,-2.6516307952867244,-1.741935564089342,-1.741935564089342,2.1212121212121215
1610612745,HOU,2022,2022-23,Regular Season,82,Kevin Porter Jr.,-0.02094890510948905,0.40277235102718095,-0.019,1.1783209617896029,-0.066,0.21786946414179423,0.5996542589861927,0.5996542589861927,83.93939393939394
1610612754,IND,2022,2022-23,Regular Season,82,Tyrese Haliburton,-0.021926107198281006,-0.9076355456559508,-0.033,0.3451647261807924,-0.057,0.9352445289989241,0.12425790317458855,0.12425790317458855,55.15151515151515
1610612746,LAC,2022,2022-23,Regular Season,82,Russell Westbrook,-0.021204701273261507,0.059754958009674584,-0.044,-0.3094580303689869,-0.058,0.855536188459243,0.2019443720333102,0.2019443720333102,62.42424242424243
1610612747,LAL,2022,2022-23,Regular Season,82,D'Angelo Russell,-0.02007764343290659,1.571116334493742,-0.026,0.7617428439851978,-0.069,-0.02125555747724927,0.7705345403338968,0.7705345403338968,90.30303030303031
1610612763,MEM,2022,2022-23,Regular Season,82,Ja Morant,-0.021220095693779906,0.03911135681034612,-0.038,0.04760892774907459,-0.071,-0.1806722385566105,-0.03131731799906326,-0.03131731799906326,41.515151515151516
1610612748,MIA,2022,2022-23,Regular Season,82,Jimmy Butler III,-0.022509698410712053,-1.6902193550601259,-0.04,-0.07141339162361271,-0.08,-0.898047303413741,-0.8865600166991597,-0.8865600166991597,7.2727272727272725
1610612749,MIL,2022,2022-23,Regular Season,82,Jrue Holiday,-0.020970914292525924,0.37325848937885203,-0.023,0.9402763230442285,-0.057,0.9352445289989241,0.749593113807335,0.749593113807335,89.6969696969697
1610612750,MIN,2022,2022-23,Regular Season,81,Mike Conley,-0.020687701300250504,0.7530412853609633,-0.045,-0.3689691900553306,-0.065,0.2975778046814754,0.22721663332903605,0.22721663332903605,63.93939393939394
1610612740,NOP,2022,2022-23,Regular Season,82,CJ McCollum,-0.020521301128777765,0.9761804918856514,-0.041,-0.13092455130995637,-0.072,-0.26038057909629164,0.1949584538264678,0.1949584538264678,62.121212121212125
1610612752,NYK,2022,2022-23,Regular Season,82,Jalen Brunson,-0.02179124661912958,-0.7267902835569339,-0.021,1.0592986424169155,-0.059,0.7758278479195624,0.36944540225984807,0.36944540225984807,72.72727272727273
1610612760,OKC,2022,2022-23,Regular Season,82,Shai Gilgeous-Alexander,-0.021443390634262004,-0.26032256443603546,-0.021,1.0592986424169155,-0.073,-0.3400889196359728,0.1529623861149691,0.1529623861149691,57.57575757575758
1610612753,ORL,2022,2022-23,Regular Season,82,Markelle Fultz,-0.02210237659963437,-1.1440091864067656,-0.027,0.7022316842988542,-0.062,0.5367028263005189,0.031641774730869154,0.031641774730869154,47.878787878787875
1610612755,PHI,2022,2022-23,Regular Season,82,James Harden,-0.021376362735381568,-0.1704395310303409,-0.021,1.0592986424169155,-0.052,1.33378623169733,0.7408817810279681,0.7408817810279681,89.39393939393939
1610612756,PHX,2022,2022-23,Regular Season,82,Chris Paul,-0.022349834172706057,-1.4758447008478506,-0.041,-0.13092455130995637,-0.066,0.21786946414179423,-0.46296659600533757,-0.46296659600533757,21.21212121212121
1610612757,POR,2022,2022-23,Regular Season,81,Damian Lillard,-0.021113767316415347,0.18169552331808456,-0.043,-0.24994687068264326,-0.072,-0.26038057909629164,-0.10954397548695012,-0.10954397548695012,38.78787878787879
1610612758,SAC,2022,2022-23,Regular Season,82,De'Aaron Fox,-0.0213232650125854,-0.09923657716231594,-0.029,0.5832093649261668,-0.088,-1.5357140277311891,-0.3505804133224461,-0.3505804133224461,27.878787878787882
1610612759,SAS,2022,2022-23,Regular Season,79,Tre Jones,-0.02187315110637794,-0.8366225159017465,-0.036,0.1666312471217619,-0.077,-0.6589222817946975,-0.442971183524894,-0.442971183524894,22.424242424242426
1610612761,TOR,2022,2022-23,Regular Season,82,Fred VanVleet,-0.021111936602278357,0.1841504733117418,-0.028,0.6427205246125105,-0.078,-0.7386306223343786,0.029413458529957914,0.029413458529957914,47.57575757575758
1610612762,UTA,2022,2022-23,Regular Season,82,Talen Horton-Tucker,-0.02275783407371833,-2.0229641741528703,-0.077,-2.2733263000183257,-0.07,-0.10096389801693043,-1.465751457396042,-1.465751457396042,3.3333333333333335
1610612764,WAS,2022,2022-23,Regular Season,82,Monte Morris,-0.022668790589388556,-1.9035586935954514,-0.042,-0.19043571099630002,-0.071,-0.1806722385566105,-0.7582222143827874,-0.7582222143827874,9.696969696969697
1610612755,PHI,2015,2015-16,Regular Season,82,Ish Smith,-0.021089419879295482,-0.5639113131601002,-0.033,1.203046282126273,-0.084,-0.5302541886362495,0.03629359344330777,0.03629359344330777,48.484848484848484
1610612742,DAL,2015,2015-16,Regular Season,82,Deron Williams,-0.021116352201257862,-0.5917221929055111,-0.07,-0.8673124359514996,-0.082,-0.37505784074271314,-0.6113641565332414,-0.6113641565332414,14.242424242424242
1610612743,DEN,2015,2015-16,Regular Season,82,Emmanuel Mudiay,-0.02070513625518021,-0.16709199422693916,-0.029,1.4268688462427892,-0.087,-0.7630487104765529,0.16557604717976573,0.16557604717976573,59.696969696969695
1610612765,DET,2015,2015-16,Regular Season,82,Reggie Jackson,-0.020586753966255353,-0.044847963211922845,-0.035,1.0911350000680151,-0.052,1.9528873776603302,0.9997248048388075,0.9997248048388075,96.66666666666667
1610612744,GSW,2015,2015-16,Regular Season,82,Stephen Curry,-0.019152715885824397,1.4359697940134848,-0.118,-3.553183205349691,-0.107,-2.315012189411915,-1.4774085335827067,-1.4774085335827067,3.0303030303030303
1610612745,HOU,2015,2015-16,Regular Season,82,James Harden,-0.01849735839783757,2.112705662317545,-0.033,1.203046282126273,-0.074,0.24572755083143216,1.1871598317584167,1.1871598317584167,97.87878787878788
1610612754,IND,2015,2015-16,Regular Season,82,George Hill,-0.01979734754586019,0.7703096402999764,-0.083,-1.5947357693301765,-0.084,-0.5302541886362495,-0.45156010588881657,-0.45156010588881657,22.12121212121212
1610612746,LAC,2015,2015-16,Regular Season,82,Chris Paul,-0.019543464665415886,1.0324744201254048,-0.068,-0.7554011538932416,-0.06,1.3321019860861854,0.5363917507727828,0.5363917507727828,80.60606060606061
1610612747,LAL,2015,2015-16,Regular Season,82,D'Angelo Russell,-0.020709331651954602,-0.17142424880713863,-0.051,0.19584474360195164,-0.061,1.2545038121394172,0.4263081023114101,0.4263081023114101,76.36363636363637
1610612763,MEM,2015,2015-16,Regular Season,82,Mike Conley,-0.021306196058224914,-0.787758935815774,-0.047,0.4196673077184674,-0.079,-0.14226331890240865,-0.17011831566657176,-0.17011831566657176,36.666666666666664
1610612748,MIA,2015,2015-16,Regular Season,82,Goran Dragic,-0.021005270600334233,-0.4770170052306457,-0.046,0.4756229487475964,-0.073,0.3233257247782003,0.10731055609838368,0.10731055609838368,53.63636363636364
1610612749,MIL,2015,2015-16,Regular Season,82,Michael Carter-Williams,-0.02094680580300331,-0.41664503098418765,-0.044,0.5875342308058545,-0.111,-2.625404885198988,-0.8181718951257736,-0.8181718951257736,9.090909090909092
1610612750,MIN,2015,2015-16,Regular Season,82,Ricky Rubio,-0.02003138731952291,0.5286352681434024,-0.072,-0.979223718009757,-0.068,0.7113165945120401,0.08690938154856183,0.08690938154856183,52.42424242424243
1610612740,NOP,2015,2015-16,Regular Season,82,Jrue Holiday,-0.02116030344484517,-0.6371071675755454,-0.05,0.2518003846310803,-0.06,1.3321019860861854,0.3155984010472401,0.3155984010472401,68.48484848484848
1610612752,NYK,2015,2015-16,Regular Season,82,Jose Calderon,-0.021731289449954914,-1.2267192755326863,-0.061,-0.36371166668933835,-0.077,0.012933028991127669,-0.5258326377436323,-0.5258326377436323,17.575757575757574
1610612760,OKC,2015,2015-16,Regular Season,82,Russell Westbrook,-0.019538518794194267,1.037581630338206,-0.047,0.4196673077184674,-0.079,-0.14226331890240865,0.4383285397180882,0.4383285397180882,77.57575757575758
1610612753,ORL,2015,2015-16,Regular Season,81,Elfrid Payton,-0.021398727862309803,-0.8833092147566428,-0.049,0.3077560256602093,-0.069,0.633718420565272,0.019388410489612817,0.019388410489612817,46.96969696969697
1610612756,PHX,2015,2015-16,Regular Season,82,Brandon Knight,-0.020301766437684002,0.24943612774430574,-0.056,-0.08393346154369356,-0.074,0.24572755083143216,0.13707673901068143,0.13707673901068143,56.060606060606055
1610612757,POR,2015,2015-16,Regular Season,82,Damian Lillard,-0.020974787818272594,-0.445539846023728,-0.06,-0.3077560256602093,-0.077,0.012933028991127669,-0.24678761423093654,-0.24678761423093654,32.121212121212125
1610612758,SAC,2015,2015-16,Regular Season,81,Rajon Rondo,-0.019142977595760058,1.446025756298637,-0.06,-0.3077560256602093,-0.081,-0.297459666795945,0.28027002128082756,0.28027002128082756,66.96969696969697
1610612759,SAS,2015,2015-16,Regular Season,82,Tony Parker,-0.022315565855542684,-1.8300553293857282,-0.053,0.08393346154369356,-0.076,0.09053120293789584,-0.5518635549680463,-0.5518635549680463,16.060606060606062
1610612761,TOR,2015,2015-16,Regular Season,81,Kyle Lowry,-0.02096146360451538,-0.4317809838275287,-0.069,-0.8113567949223707,-0.061,1.2545038121394172,0.003788677796505935,0.003788677796505935,44.84848484848485
1610612762,UTA,2015,2015-16,Regular Season,82,Gordon Hayward,-0.022072131147540985,-1.5786795512574605,-0.029,1.4268688462427892,-0.093,-1.2286377541571618,-0.46014948639061104,-0.46014948639061104,21.515151515151516
1610612764,WAS,2015,2015-16,Regular Season,82,John Wall,-0.019306627465392624,1.2770374733328875,-0.054,0.02797782051456452,-0.088,-0.840646884423321,0.15478946980804364,0.15478946980804364,58.484848484848484
1610612742,DAL,2025,2025-26,Regular Season,82,Cooper Flagg,-0.020954099136401276,0.1478165305059564,-0.048,-0.8220803291214803,-0.058,0.7057288664281329,0.010488355937536312,0.010488355937536312,46.06060606060606
1610612743,DEN,2025,2025-26,Regular Season,82,Jamal Murray,-0.019790531541348834,1.6100388834738275,-0.042,-0.3611007053150429,-0.089,-1.4391333746769779,-0.0633983988393978,-0.0633983988393978,40.303030303030305
1610612765,DET,2025,2025-26,Regular Season,82,Cade Cunningham,-0.02092394605758717,0.18570904834528368,-0.037,0.023048981190322,-0.098,-2.0618353156429783,-0.6176924287024576,-0.6176924287024576,13.636363636363635
1610612744,GSW,2025,2025-26,Regular Season,82,Brandin Podziemski,-0.02162023016353725,-0.6892914140821442,-0.065,-2.1281892632397197,-0.096,-1.9234571065394228,-1.5803125946204288,-1.5803125946204288,2.727272727272727
1610612745,HOU,2025,2025-26,Regular Season,82,Amen Thompson,-0.019835871193210185,1.5530618305640123,-0.026,0.868178291502124,-0.084,-1.0931878519180895,0.44268409004934894,0.44268409004934894,77.87878787878788
1610612754,IND,2025,2025-26,Regular Season,82,Andrew Nembhard,-0.022093231467112333,-1.2836987196923142,-0.045,-0.5915905172182613,-0.059,0.6365397618763556,-0.41291649167807326,-0.41291649167807326,24.848484848484848
1610612746,LAC,2025,2025-26,Regular Season,82,Kawhi Leonard,-0.02115912208504801,-0.10982998668596124,-0.022,1.1754980407064157,-0.067,0.08302692546213283,0.3828983264941957,0.3828983264941957,73.63636363636363
1610612747,LAL,2025,2025-26,Regular Season,82,Luka Dončić,-0.020092569887199607,1.230475871720707,-0.052,-1.1294000783257716,-0.078,-0.6780532246074225,-0.19232581040416238,-0.19232581040416238,33.63636363636363
1610612763,MEM,2025,2025-26,Regular Season,82,Cam Spencer,-0.021087866108786612,-0.02028462489091464,-0.03,0.5608585422978324,-0.05,1.2592417028423553,0.599938540083091,0.599938540083091,84.24242424242424
1610612748,MIA,2025,2025-26,Regular Season,82,Jaime Jaquez Jr.,-0.02079294639729067,0.3503326012280095,-0.036,0.09987891849139498,-0.049,1.328430807394133,0.5928807757045126,0.5928807757045126,83.33333333333334
1610612749,MIL,2025,2025-26,Regular Season,82,Ryan Rollins,-0.021101768270063066,-0.03775507616459308,-0.023,1.0986681034053427,-0.052,1.1208634937388,0.7272588403265164,0.7272588403265164,88.7878787878788
1610612750,MIN,2025,2025-26,Regular Season,82,Anthony Edwards,-0.02033265647396082,0.9287658762698766,-0.05,-0.9757402037236262,-0.052,1.1208634937388,0.35796305542835016,0.35796305542835016,71.81818181818181
1610612740,NOP,2025,2025-26,Regular Season,82,Jeremiah Fears,-0.020378452708358242,0.8712150490533032,-0.026,0.868178291502124,-0.066,0.15221603001391068,0.6305364568564459,0.6305364568564459,85.45454545454545
1610612752,NYK,2025,2025-26,Regular Season,82,Jalen Brunson,-0.02152311707680835,-0.5672521558692969,-0.025,0.9450082288031967,-0.056,0.8441070755316886,0.40728771615519616,0.40728771615519616,75.75757575757575
1610612760,OKC,2025,2025-26,Regular Season,82,Shai Gilgeous-Alexander,-0.020922669236328593,0.18731359336095246,-0.024,1.0218381661042697,-0.071,-0.19372949274497758,0.3384740889067482,0.3384740889067482,69.6969696969697
1610612753,ORL,2025,2025-26,Regular Season,82,Paolo Banchero,-0.02058965102286402,0.605808124958301,-0.034,0.25353879309354044,-0.073,-0.3321077018485333,0.17574640540110273,0.17574640540110273,60.909090909090914
1610612755,PHI,2025,2025-26,Regular Season,82,Tyrese Maxey,-0.020160514608632923,1.1450916698329838,-0.033,0.3303687303946134,-0.062,0.42897244822102204,0.6348109494828731,0.6348109494828731,86.06060606060606
1610612756,PHX,2025,2025-26,Regular Season,82,Devin Booker,-0.021761722132871458,-0.8671003537652725,-0.034,0.25353879309354044,-0.059,0.6365397618763556,0.00765940040154119,0.00765940040154119,45.45454545454545
1610612757,POR,2025,2025-26,Regular Season,82,Deni Avdija,-0.020594384707287933,0.5998594381729582,-0.021,1.2523279780074883,-0.067,0.08302692546213283,0.6450714472141931,0.6450714472141931,86.66666666666667
1610612758,SAC,2025,2025-26,Regular Season,82,Russell Westbrook,-0.021517065468237583,-0.5596472712358534,-0.034,0.25353879309354044,-0.075,-0.47048591095208897,-0.2588647963648007,-0.2588647963648007,31.515151515151512
1610612759,SAS,2025,2025-26,Regular Season,82,De'Aaron Fox,-0.020417472208796524,0.8221803509531685,-0.05,-0.9757402037236262,-0.06,0.5673506573245778,0.1379302681847067,0.1379302681847067,56.36363636363636
1610612761,TOR,2025,2025-26,Regular Season,82,Immanuel Quickley,-0.020728873670050142,0.43085097797301397,-0.042,-0.3611007053150429,-0.092,-1.6467006883323114,-0.5256501385581135,-0.5256501385581135,17.87878787878788
1610612762,UTA,2025,2025-26,Regular Season,82,Isaiah Collier,-0.021041252775505434,0.03829302728837928,-0.071,-2.589168887046157,-0.081,-0.885620538262756,-1.1454987993401777,-1.1454987993401777,4.848484848484849
1610612764,WAS,2025,2025-26,Regular Season,82,Bub Carrington,-0.021008054963278844,0.08001177514089448,-0.035,0.17670885579246742,-0.059,0.6365397618763556,0.29775346426990584,0.29775346426990584,67.57575757575758
