team_abbr,player,nba_player_id,position,salary_2026_27,salary_2027_28,salary_2028_29,salary_2029_30,years_left,option_2026_27,option_2027_28,option_2028_29,option_2029_30,trade_kicker_pct,no_trade_clause_flag,dead_money_teams,dead_money_2026_27
ATL,Jalen Johnson,1630552,F,30000000,30000000,30000000,30000000,4,guaranteed,guaranteed,guaranteed,guaranteed,0.0,FALSE,,0
ATL,Dyson Daniels,1630700,G,25000000,25000000,25000000,25000000,4,guaranteed,guaranteed,guaranteed,guaranteed,0.0,FALSE,,0
ATL,Jonathan Kuminga,1630228,F,24300000,,,,1,team_option,,,,0.0,FALSE,,0
ATL,Onyeka Okongwu,1630168,F-C,16120000,16880000,,,2,guaranteed,guaranteed,,,0.0,FALSE,,0
ATL,Nickeil Alexander-Walker,1629638,G,14403710,15161800,15919890,,3,guaranteed,guaranteed,player_option,,0.0,FALSE,,0
ATL,Corey Kispert,1630557,F,13975000,13050000,13050000,,3,guaranteed,guaranteed,team_option,,0.0,FALSE,,0
ATL,Zaccharie Risacher,1642258,F,13826040,17434637,,,2,team_option,team_option,,,0.0,FALSE,,0
ATL,Buddy Hield,1627741,G,9658536,10097560,,,2,guaranteed,player_option,,,0.0,FALSE,,0
ATL,Asa Newell,1642854,F,3399480,3560880,6042814,,3,guaranteed,team_option,team_option,,0.0,FALSE,,0
ATL,Mouhamed Gueye,1631243,F,2406205,,,,1,team_option,,,,0.0,FALSE,,0
BKN,Michael Porter Jr.,1629008,F,40806150,,,,1,guaranteed,,,,0.0,FALSE,,0
BKN,Nic Claxton,1629651,C,23147727,20943184,,,2,guaranteed,guaranteed,,,0.0,FALSE,,0
BKN,Terance Mann,1629611,G,15500000,16000000,,,2,guaranteed,guaranteed,,,0.0,FALSE,,0
BKN,Egor Dёmin,1642856,G,7233720,7578240,9639522,,3,guaranteed,team_option,team_option,,0.0,FALSE,,0
BKN,Day'Ron Sharpe,1630549,C,6250000,,,,1,team_option,,,,0.0,FALSE,,0
BKN,Ziaire Williams,1630533,F,6250000,,,,1,team_option,,,,0.0,FALSE,,0
BKN,Noah Clowney,1641730,F-C,5414034,,,,1,team_option,,,,0.0,FALSE,,0
BKN,Nolan Traoré,1642849,G,4002000,4193040,6457282,,3,guaranteed,team_option,team_option,,0.0,FALSE,,0
BKN,Drake Powell,1642962,G,3540600,3709320,6101832,,3,guaranteed,team_option,team_option,,0.0,FALSE,,0
BKN,Ben Saraf,1642879,G,3028560,3172920,5720776,,3,guaranteed,team_option,team_option,,0.0,FALSE,,0
BKN,Danny Wolf,1642874,F,2941440,3081840,5559640,,3,guaranteed,team_option,team_option,,0.0,FALSE,,0
BKN,Josh Minott,1631169,F,2584539,,,,1,team_option,,,,0.0,FALSE,,0
BOS,Jayson Tatum,1628369,F,58456566,62786682,67116798,71446914,4,guaranteed,guaranteed,guaranteed,player_option,0.0,FALSE,,0
BOS,Jaylen Brown,1627759,G,57078728,61015192,64951656,,3,guaranteed,guaranteed,guaranteed,,0.0,FALSE,,0
BOS,Derrick White,1628401,G,30348000,32596000,34844000,,3,guaranteed,guaranteed,player_option,,0.0,FALSE,,0
BOS,Sam Hauser,1630573,F,10848215,11651785,12455356,,3,guaranteed,guaranteed,guaranteed,,0.0,FALSE,,0
BOS,Payton Pritchard,1630202,G,7767857,8303571,,,2,guaranteed,guaranteed,,,0.0,FALSE,,0
BOS,Hugo González,1642864,G,2923560,3062640,5528065,,3,guaranteed,team_option,team_option,,0.0,FALSE,,0
BOS,Luka Garza,1630568,C,2801346,,,,1,guaranteed,,,,0.0,FALSE,,0
BOS,Baylor Scheierman,1631248,G,2744040,4952993,,,2,team_option,team_option,,,0.0,FALSE,,0
BOS,Neemias Queta,1629674,C,2667944,,,,1,team_option,,,,0.0,FALSE,,0
BOS,Jordan Walsh,1641775,G,2406205,,,,1,team_option,,,,0.0,FALSE,,0
BOS,Amari Williams,1642873,F-C,2150917,,,,1,guaranteed,,,,0.0,FALSE,,0
CHA,LaMelo Ball,1630163,G,40770520,43582280,46394040,,3,guaranteed,guaranteed,guaranteed,,0.0,FALSE,,0
CHA,Miles Bridges,1628970,F,22826087,,,,1,guaranteed,,,,0.0,FALSE,,0
CHA,Brandon Miller,1641706,F,15104626,,,,1,team_option,,,,0.0,FALSE,,0
CHA,Josh Green,1630182,G,14679012,,,,1,guaranteed,,,,0.0,FALSE,,0
CHA,Grant Williams,1629684,F,14265750,,,,1,guaranteed,,,,0.0,FALSE,,0
CHA,Kon Knueppel,1642851,G,10516560,11017560,13937214,,3,guaranteed,team_option,team_option,,0.0,FALSE,,0
CHA,Tidjane Salaün,1642275,F,8237880,10445633,,,2,team_option,team_option,,,0.0,FALSE,,0
CHA,Tre Mann,1630544,G,8000000,8000000,,,2,guaranteed,team_option,,,0.0,FALSE,,0
CHA,Pat Connaughton,1626192,G,3815861,,,,1,guaranteed,,,,0.0,FALSE,,0
CHA,Liam McNeeley,1642862,F,2902080,3040320,5487778,,3,guaranteed,team_option,team_option,,0.0,FALSE,,0
CHA,Moussa Diabaté,1631217,F,2461462,,,,1,guaranteed,,,,0.0,FALSE,,0
CHA,Ryan Kalkbrenner,1641750,C,2411090,2525901,2735698,,3,guaranteed,guaranteed,team_option,,0.0,FALSE,,0
CHA,Sion James,1642883,G,2411090,2525901,2735698,,3,guaranteed,guaranteed,team_option,,0.0,FALSE,,0
CHI,Josh Giddey,1630581,G,25000000,25000000,25000000,,3,guaranteed,guaranteed,guaranteed,,0.0,FALSE,,0
CHI,Patrick Williams,1630172,F,18000000,18000000,18000000,,3,guaranteed,guaranteed,player_option,,0.0,FALSE,,0
CHI,Isaac Okoro,1630171,F,11814814,,,,1,guaranteed,,,,0.0,FALSE,,0
CHI,Jalen Smith,1630188,F-C,9428571,,,,1,guaranteed,,,,0.0,FALSE,,0
CHI,Tre Jones,1630200,G,8000000,8000000,,,2,guaranteed,team_option,,,0.0,FALSE,,0
CHI,Rob Dillingham,1642265,G,6889320,8763216,,,2,team_option,team_option,,,0.0,FALSE,,0
CHI,Matas Buzelis,1641824,F,5715360,7584283,,,2,team_option,team_option,,,0.0,FALSE,,0
CHI,Noa Essengue,1642855,F,5701200,5972760,8230464,,3,guaranteed,team_option,team_option,,0.0,FALSE,,0
CHI,Leonard Miller,1631159,F,2406205,,,,1,team_option,,,,0.0,FALSE,,0
CLE,Evan Mobley,1630596,C,50105628,53817156,57528684,61240212,4,guaranteed,guaranteed,guaranteed,guaranteed,0.0,FALSE,,0
CLE,Donovan Mitchell,1628378,G,50105628,53817156,,,2,guaranteed,player_option,,,0.0,FALSE,,0
CLE,James Harden,201935,G,42317307,,,,1,player_option,,,,0.0,FALSE,,0
CLE,Jarrett Allen,1628386,C,28000000,30240000,32480000,,3,guaranteed,guaranteed,guaranteed,,0.0,FALSE,,0
CLE,Max Strus,1629622,G,16660836,,,,1,guaranteed,,,,0.0,FALSE,,0
CLE,Dennis Schröder,203471,G,14809200,15514400,,,2,guaranteed,guaranteed,,,0.0,FALSE,,0
CLE,Sam Merrill,1630241,G,9160715,9839285,10517856,,3,guaranteed,guaranteed,guaranteed,,0.0,FALSE,,0
CLE,Jaylon Tyson,1642281,G,3658560,5641500,,,2,team_option,team_option,,,0.0,FALSE,,0
CLE,Nae'Qwan Tomlin,1641772,F,2411090,,,,1,guaranteed,,,,0.0,FALSE,,0
CLE,Craig Porter Jr.,1641854,G,2406205,,,,1,team_option,,,,0.0,FALSE,,0
CLE,Tyrese Proctor,1642878,G,2150917,2525901,2735698,,3,guaranteed,guaranteed,team_option,,0.0,FALSE,,0
CLE,Ricky Rubio,201937,G,424672,,,,1,guaranteed,,,,0.0,FALSE,,0
DAL,Kyrie Irving,202681,G,39491282,42416562,,,2,guaranteed,player_option,,,0.0,FALSE,,0
DAL,P.J. Washington,1629023,F,19813044,21398088,22983132,24568176,4,guaranteed,guaranteed,guaranteed,guaranteed,0.0,FALSE,,0
DAL,Klay Thompson,202691,G,17460317,,,,1,guaranteed,,,,0.0,FALSE,,0
DAL,Daniel Gafford,1629655,F-C,17263584,18126763,18989942,,3,guaranteed,guaranteed,guaranteed,,0.0,FALSE,,0
DAL,Cooper Flagg,1642843,F,14517480,15208680,19178146,,3,guaranteed,team_option,team_option,,0.0,FALSE,,0
DAL,Caleb Martin,1628997,F,10001493,9371351,,,2,guaranteed,player_option,,,0.0,FALSE,,0
DAL,Naji Marshall,1630230,F,9428571,,,,1,guaranteed,,,,0.0,FALSE,,0
DAL,Max Christie,1631108,G,8285714,8857143,,,2,guaranteed,player_option,,,0.0,FALSE,,0
DAL,Dereck Lively II,1641726,C,7239131,,,,1,team_option,,,,0.0,FALSE,,0
DAL,AJ Johnson,1642358,G,3237120,5493394,,,2,team_option,team_option,,,0.0,FALSE,,0
DAL,JaVale McGee,201580,C,2208856,2208856,,,2,guaranteed,guaranteed,,,0.0,FALSE,,0
DAL,Olivier-Maxence Prosper,1641765,F,1002360,1002360,,,2,team_option,team_option,,,0.0,FALSE,,0
DEN,Nikola Jokić,203999,C,59033114,62841702,,,2,guaranteed,player_option,,,0.0,FALSE,,0
DEN,Jamal Murray,1627750,G,50105628,53817156,57528684,,3,guaranteed,guaranteed,guaranteed,,0.0,FALSE,,0
DEN,Aaron Gordon,203932,F,33658037,36350680,39043323,,3,guaranteed,guaranteed,player_option,,0.0,FALSE,,0
DEN,Cameron Johnson,1629661,F,23062500,,,,1,guaranteed,,,,0.0,FALSE,,0
DEN,Christian Braun,1631128,G,21551726,23275863,25000000,26724137,5,guaranteed,guaranteed,guaranteed,guaranteed,0.0,FALSE,,0
DEN,Jonas Valančiūnas,202685,C,10000000,,,,1,guaranteed,,,,0.0,FALSE,,0
DEN,Zeke Nnaji,1630192,F-C,7466667,7466667,,,2,guaranteed,player_option,,,0.0,FALSE,,0
DEN,Julian Strawther,1631124,G,4826931,,,,1,team_option,,,,0.0,FALSE,,0
DEN,DaRon Holmes,1641747,F,3372120,5547138,,,2,team_option,team_option,,,0.0,FALSE,,0
DEN,Jalen Pickett,1629618,G,2406205,,,,1,team_option,,,,0.0,FALSE,,0
DET,Cade Cunningham,1630595,G,50105628,53817156,57528684,61240212,4,guaranteed,guaranteed,guaranteed,guaranteed,0.0,FALSE,,0
DET,Duncan Robinson,1629130,F,15992957,15151222,,,2,guaranteed,guaranteed,,,0.0,FALSE,,0
DET,Isaiah Stewart,1630191,F-C,15000000,15000000,,,2,guaranteed,team_option,,,0.0,FALSE,,0
DET,Caris LeVert,1627747,G,14809200,,,,1,guaranteed,,,,0.0,FALSE,,0
DET,Ausar Thompson,1641709,G,11117925,,,,1,team_option,,,,0.0,FALSE,,0
DET,Ron Holland,1641842,F,9069600,11491183,,,2,team_option,team_option,,,0.0,FALSE,,0
DET,Paul Reed,1630194,F,5602689,,,,1,guaranteed,,,,0.0,FALSE,,0
DET,Marcus Sasser,1631204,G,5198983,,,,1,team_option,,,,0.0,FALSE,,0
DET,Daniss Jenkins,1642450,G,4000000,,,,1,team_option,,,,0.0,FALSE,,0
DET,Chaz Lanier,1642404,G,2150917,2525901,2735698,,3,guaranteed,guaranteed,team_option,,0.0,FALSE,,0
GSW,Stephen Curry,201939,G,62587158,,,,1,guaranteed,,,,0.0,FALSE,,0
GSW,Jimmy Butler,202710,F,56832773,,,,1,guaranteed,,,,0.0,FALSE,,0
GSW,Draymond Green,203110,F,27678571,,,,1,player_option,,,,0.0,FALSE,,0
GSW,Moses Moody,1630541,G,12500000,13425925,,,2,guaranteed,guaranteed,,,0.0,FALSE,,0
GSW,Al Horford,201143,C,5969250,,,,1,player_option,,,,0.0,FALSE,,0
GSW,Brandin Podziemski,1641764,G,5679459,,,,1,team_option,,,,0.0,FALSE,,0
GSW,Gui Santos,1630611,F,4629630,5000000,5370370,,3,guaranteed,guaranteed,player_option,,0.0,FALSE,,0
GSW,De'Anthony Melton,1629001,G,3451779,,,,1,player_option,,,,0.0,FALSE,,0
GSW,Will Richard,1642954,G,2150917,2525901,2735698,,3,guaranteed,guaranteed,team_option,,0.0,FALSE,,0
HOU,Kevin Durant,201142,F,43902439,46097561,,,2,guaranteed,player_option,,,0.0,FALSE,,0
HOU,Alperen Şengün,1630578,C,35642202,37339450,39036697,39036697,4,guaranteed,guaranteed,guaranteed,player_option,0.0,FALSE,,0
HOU,Fred VanVleet,1627832,G,25000000,,,,1,player_option,,,,0.0,FALSE,,0
HOU,Jabari Smith Jr.,1631095,F,23643411,21751940,23643411,25534883,5,guaranteed,guaranteed,guaranteed,guaranteed,0.0,FALSE,,0
HOU,Dorian Finney-Smith,1627827,F,13335000,13335000,13335000,,3,guaranteed,guaranteed,player_option,,0.0,FALSE,,0
HOU,Steven Adams,203500,C,13000000,11869566,,,2,guaranteed,guaranteed,,,0.0,FALSE,,0
HOU,Amen Thompson,1641708,G,12258609,,,,1,team_option,,,,0.0,FALSE,,0
HOU,Reed Sheppard,1642263,G,11108880,14041625,,,2,team_option,team_option,,,0.0,FALSE,,0
HOU,Clint Capela,203991,C,7035000,7370000,,,2,guaranteed,guaranteed,,,0.0,FALSE,,0
IND,Tyrese Haliburton,1630169,G,48924624,52298736,55672848,,3,guaranteed,guaranteed,guaranteed,,0.0,FALSE,,0
IND,Pascal Siakam,1627783,F,48924624,52298736,,,2,guaranteed,guaranteed,,,0.0,FALSE,,0
IND,Ivica Zubac,1627826,C,20342140,21790300,,,2,guaranteed,guaranteed,,,0.0,FALSE,,0
IND,Andrew Nembhard,1629614,G,19550160,20998320,,,2,guaranteed,guaranteed,,,0.0,FALSE,,0
IND,Obi Toppin,1630167,F,15000000,16025000,,,2,guaranteed,guaranteed,,,0.0,FALSE,,0
IND,Aaron Nesmith,1630174,G,11000000,19418000,20971440,,3,guaranteed,guaranteed,guaranteed,,0.0,FALSE,,0
IND,T.J. McConnell,204456,G,11000000,11800000,11800000,,3,guaranteed,guaranteed,team_option,,0.0,FALSE,,0
IND,Jarace Walker,1641716,F,8478542,,,,1,team_option,,,,0.0,FALSE,,0
IND,Ben Sheppard,1641767,G,5031669,,,,1,team_option,,,,0.0,FALSE,,0
IND,Kobe Brown,1641738,F,4792059,,,,1,team_option,,,,0.0,FALSE,,0
IND,Micah Potter,1630695,C,2801346,,,,1,team_option,,,,0.0,FALSE,,0
IND,Jay Huff,1630643,C,2667944,3005085,,,2,guaranteed,guaranteed,,,0.0,FALSE,,0
IND,Johnny Furphy,1642277,G,2296271,2486995,,,2,guaranteed,team_option,,,0.0,FALSE,,0
IND,Kam Jones,1642880,G,2150917,2525901,2735698,,3,guaranteed,guaranteed,team_option,,0.0,FALSE,,0
LAC,Kawhi Leonard,202695,F,50300000,,,,1,guaranteed,,,,0.0,FALSE,,0
LAC,Darius Garland,1629636,G,42166510,44886930,,,2,guaranteed,guaranteed,,,0.0,FALSE,,0
LAC,Bogdan Bogdanović,203992,G,16020000,,,,1,team_option,,,,0.0,FALSE,,0
LAC,Derrick Jones Jr.,1627884,F,10476190,,,,1,guaranteed,,,,0.0,FALSE,,0
LAC,Brook Lopez,201572,C,9187500,,,,1,team_option,,,,0.0,FALSE,,0
LAC,Isaiah Jackson,1630543,F,7000000,6400000,,,2,guaranteed,guaranteed,,,0.0,FALSE,,0
LAC,Nicolas Batum,201587,G,5881680,,,,1,team_option,,,,0.0,FALSE,,0
LAC,Kris Dunn,1627739,G,5684800,,,,1,guaranteed,,,,0.0,FALSE,,0
LAC,Bradley Beal,203078,G,3877000,3877000,3877000,3877000,4,player_option,guaranteed,guaranteed,guaranteed,0.0,FALSE,PHX,25004710
LAC,Yanic Konan Niederhäuser,1642949,C,2880960,3018480,5448356,,3,guaranteed,team_option,team_option,,0.0,FALSE,,0
LAC,Jordan Miller,1641757,G,2497812,,,,1,guaranteed,,,,0.0,FALSE,,0
LAC,Cam Christie,1642353,G,2296271,2486995,,,2,guaranteed,team_option,,,0.0,FALSE,,0
LAC,Kobe Sanders,1642920,G,2150917,,,,1,team_option,,,,0.0,FALSE,,0
LAL,Luka Dončić,1629029,F,49800000,53784000,57768000,,3,guaranteed,guaranteed,player_option,,0.0,FALSE,,0
LAL,Austin Reaves,1630559,G,14898786,,,,1,player_option,,,,0.0,FALSE,,0
LAL,Jarred Vanderbilt,1629020,F,12428571,13285714,,,2,guaranteed,player_option,,,0.0,FALSE,,0
LAL,Jake LaRavia,1631222,F,6000000,,,,1,guaranteed,,,,0.0,FALSE,,0
LAL,Dalton Knecht,1642261,F,4201080,6452860,,,2,team_option,team_option,,,0.0,FALSE,,0
LAL,Deandre Ayton,1629028,C,3877000,,,,1,player_option,,,,0.0,FALSE,POR,8104000
LAL,Marcus Smart,203935,G,3877000,,,,1,player_option,,,,0.0,FALSE,WAS,5390700
LAL,Bronny James,1642355,G,2296271,2486995,,,2,guaranteed,team_option,,,0.0,FALSE,,0
LAL,Adou Thiero,1642876,G,2150917,2525901,,,2,guaranteed,team_option,,,0.0,FALSE,,0
MEM,Ja Morant,1629630,G,42166510,44886930,,,2,guaranteed,guaranteed,,,0.0,FALSE,,0
MEM,Kentavious Caldwell-Pope,203484,G,21621500,,,,1,player_option,,,,0.0,FALSE,,0
MEM,Santi Aldama,1630583,F-C,17007043,17007043,,,2,guaranteed,team_option,,,0.0,FALSE,,0
MEM,Brandon Clarke,1629634,F,12500000,,,,1,guaranteed,,,,0.0,FALSE,,0
MEM,Ty Jerome,1629660,G,9220050,9659100,,,2,guaranteed,player_option,,,0.0,FALSE,,0
MEM,Taylor Hendricks,1641707,F,7805900,,,,1,team_option,,,,0.0,FALSE,,0
MEM,Zach Edey,1641744,C,6332760,8067937,,,2,team_option,team_option,,,0.0,FALSE,,0
MEM,Cedric Coward,1642907,G,6001080,6286920,8342743,,3,guaranteed,team_option,team_option,,0.0,FALSE,,0
MEM,Walter Clayton,1642383,G,4190520,4390320,6752312,,3,guaranteed,team_option,team_option,,0.0,FALSE,,0
MEM,Scotty Pippen Jr.,1630590,G,2461462,2789215,,,2,guaranteed,guaranteed,,,0.0,FALSE,,0
MEM,Cam Spencer,1642285,G,2411090,2616754,2830685,,3,guaranteed,guaranteed,team_option,,0.0,FALSE,,0
MEM,GG Jackson II,1641713,F,2406205,,,,1,team_option,,,,0.0,FALSE,,0
MEM,Jaylen Wells,1642377,F,2296271,2486995,,,2,guaranteed,team_option,,,0.0,FALSE,,0
MEM,Mamadi Diakite,1629603,F,464050,,,,1,guaranteed,,,,0.0,FALSE,,0
MIA,Bam Adebayo,1628389,C,49800000,53784000,57768000,,3,guaranteed,guaranteed,player_option,,0.0,FALSE,,0
MIA,Tyler Herro,1629639,G,33000000,,,,1,guaranteed,,,,0.0,FALSE,,0
MIA,Andrew Wiggins,203952,F,30169644,,,,1,player_option,,,,0.0,FALSE,,0
MIA,Nikola Jović,1631107,F,16200000,14904000,15096000,16200000,4,guaranteed,guaranteed,guaranteed,guaranteed,0.0,FALSE,,0
MIA,Davion Mitchell,1630558,G,12400000,,,,1,guaranteed,,,,0.0,FALSE,,0
MIA,Jaime Jaquez Jr.,1631170,G,5939141,,,,1,team_option,,,,0.0,FALSE,,0
MIA,Kel'el Ware,1642276,C,4654920,7135992,,,2,team_option,team_option,,,0.0,FALSE,,0
MIA,Kasparas Jakučionis,1642857,G,3841680,4024440,6205687,,3,guaranteed,team_option,team_option,,0.0,FALSE,,0
MIA,Dru Smith,1630696,G,2584539,2934742,,,2,guaranteed,team_option,,,0.0,FALSE,,0
MIA,Pelle Larsson,1641796,G,2296271,,,,1,team_option,,,,0.0,FALSE,,0
MIA,Myron Gardner,1642066,F,2150917,2525901,,,2,guaranteed,guaranteed,,,0.0,FALSE,,0
MIL,Giannis Antetokounmpo,203507,F,58456566,62786682,,,2,guaranteed,player_option,,,0.0,FALSE,,0
MIL,Myles Turner,1626167,C,26584164,27850077,29115990,,3,guaranteed,guaranteed,player_option,,0.0,FALSE,,0
MIL,Kyle Kuzma,1628398,F,20345152,,,,1,guaranteed,,,,0.0,FALSE,,0
MIL,Bobby Portis,1626171,F,14521414,15597074,,,2,guaranteed,player_option,,,0.0,FALSE,,0
MIL,A.J. Green,1631260,G,10044644,10848215,11651786,12455355,4,guaranteed,guaranteed,guaranteed,guaranteed,0.0,FALSE,,0
MIL,Kevin Porter Jr.,1629645,G,5390700,,,,1,player_option,,,,0.0,FALSE,,0
MIL,Ryan Rollins,1631157,G,4000000,4000000,,,2,guaranteed,player_option,,,0.0,FALSE,,0
MIL,Gary Trent Jr.,1629018,G,3881960,,,,1,player_option,,,,0.0,FALSE,,0
MIL,Gary Harris,203914,G,3815861,,,,1,player_option,,,,0.0,FALSE,,0
MIL,Taurean Prince,1627752,F,3815861,,,,1,player_option,,,,0.0,FALSE,,0
MIL,Jericho Sims,1630579,C,2801346,,,,1,player_option,,,,0.0,FALSE,,0
MIL,Andre Jackson Jr.,1641748,G,2406205,,,,1,team_option,,,,0.0,FALSE,,0
MIL,Vasilije Micić,203995,G,666667,666667,,,2,team_option,team_option,,,0.0,FALSE,,0
MIN,Anthony Edwards,1630162,G,48924624,52298736,55672848,,3,guaranteed,guaranteed,guaranteed,,0.0,FALSE,,0
MIN,Rudy Gobert,203497,C,36500000,38000000,,,2,guaranteed,player_option,,,0.0,FALSE,,0
MIN,Julius Randle,203944,F-C,33333334,35802468,,,2,guaranteed,player_option,,,0.0,FALSE,,0
MIN,Jaden McDaniels,1630183,F,26200001,28006898,29813790,,3,guaranteed,guaranteed,guaranteed,,0.0,FALSE,,0
MIN,Naz Reid,1629675,C,23275862,25000000,26724138,28448276,4,guaranteed,guaranteed,guaranteed,player_option,0.0,FALSE,,0
MIN,Donte DiVincenzo,1628978,G,12535000,,,,1,guaranteed,,,,0.0,FALSE,,0
MIN,Joan Beringer,1642866,F,4411200,4621200,7098163,,3,guaranteed,team_option,team_option,,0.0,FALSE,,0
MIN,Terrence Shannon Jr.,1630545,G,2801640,5054159,,,2,team_option,team_option,,,0.0,FALSE,,0
MIN,Julian Phillips,1641763,F,2406205,,,,1,team_option,,,,0.0,FALSE,,0
NOP,Zion Williamson,1629627,F,42166510,44886930,,,2,guaranteed,guaranteed,,,0.0,FALSE,,0
NOP,Jordan Poole,1629673,G,34044642,,,,1,guaranteed,,,,0.0,FALSE,,0
NOP,Dejounte Murray,1627749,G,32785071,30751504,,,2,guaranteed,player_option,,,0.0,FALSE,,0
NOP,Trey Murphy III,1630530,F,27000000,29000000,31000000,,3,guaranteed,guaranteed,guaranteed,,0.0,FALSE,,0
NOP,Herbert Jones,1630529,F,14898786,20858300,22526964,24195628,4,guaranteed,guaranteed,guaranteed,player_option,0.0,FALSE,,0
NOP,Kevon Looney,1626172,F,8000000,,,,1,team_option,,,,0.0,FALSE,,0
NOP,Jeremiah Fears,1642847,G,7896240,8271960,10505389,,3,guaranteed,team_option,team_option,,0.0,FALSE,,0
NOP,Jordan Hawkins,1641722,G,7021895,,,,1,team_option,,,,0.0,FALSE,,0
NOP,Saddiq Bey,1630180,G,6440678,,,,1,guaranteed,,,,0.0,FALSE,,0
NOP,Derik Queen,1642852,C,5416080,5673840,8107918,,3,guaranteed,team_option,team_option,,0.0,FALSE,,0
NOP,Yves Missi,1642274,C,3512760,5595827,,,2,team_option,team_option,,,0.0,FALSE,,0
NOP,Bryce McGowens,1631121,G,2584539,2934742,,,2,guaranteed,team_option,,,0.0,FALSE,,0
NOP,Karlo Matković,1631255,F-C,2296271,,,,1,team_option,,,,0.0,FALSE,,0
NOP,Micah Peavy,1642877,G,2150917,2525901,2735698,,3,guaranteed,guaranteed,team_option,,0.0,FALSE,,0
NYK,Karl-Anthony Towns,1626157,C,57078728,61015192,,,2,guaranteed,player_option,,,0.0,FALSE,,0
NYK,OG Anunoby,1628384,F,42500000,45431034,48362068,,3,guaranteed,guaranteed,player_option,,0.0,FALSE,,0
NYK,Jalen Brunson,1628973,G,37739521,40535041,43330561,,3,guaranteed,guaranteed,player_option,,0.0,FALSE,,0
NYK,Mikal Bridges,1628969,G,33482145,36160714,38839285,41517856,4,guaranteed,guaranteed,guaranteed,player_option,0.0,FALSE,,0
NYK,Josh Hart,1628404,G,20923760,22375280,,,2,guaranteed,team_option,,,0.0,FALSE,,0
NYK,Jose Alvarado,1630631,G,4500000,,,,1,player_option,,,,0.0,FALSE,,0
NYK,Miles McBride,1630540,G,3956523,,,,1,guaranteed,,,,0.0,FALSE,,0
NYK,Pacôme Dadiet,1642359,F,2983680,5373608,,,2,team_option,team_option,,,0.0,FALSE,,0
NYK,Tyler Kolek,1642278,G,2296271,2486995,,,2,guaranteed,team_option,,,0.0,FALSE,,0
OKC,Chet Holmgren,1631096,C,41500000,44820000,48140000,51460000,5,guaranteed,guaranteed,guaranteed,guaranteed,0.0,FALSE,,0
OKC,Jalen Williams,1631114,G,41500000,44820000,48140000,51460000,5,guaranteed,guaranteed,guaranteed,guaranteed,0.0,FALSE,,0
OKC,Shai Gilgeous-Alexander,1628983,G,40806150,61005000,65885400,70765800,5,guaranteed,guaranteed,guaranteed,guaranteed,0.0,FALSE,,0
OKC,Isaiah Hartenstein,1628392,C,28500000,,,,1,team_option,,,,0.0,FALSE,,0
OKC,Alex Caruso,1627936,G,19550160,20998320,22446480,,3,guaranteed,guaranteed,guaranteed,,0.0,FALSE,,0
OKC,Luguentz Dort,1629652,G,18222222,,,,1,team_option,,,,0.0,FALSE,,0
OKC,Isaiah Joe,1630198,G,11323006,11323006,,,2,guaranteed,team_option,,,0.0,FALSE,,0
OKC,Aaron Wiggins,1630598,G,9224300,8345797,8345797,,3,guaranteed,guaranteed,team_option,,0.0,FALSE,,0
OKC,Jaylin Williams,1631119,F,7774648,7774648,,,2,guaranteed,team_option,,,0.0,FALSE,,0
OKC,Cason Wallace,1641717,G,7420806,,,,1,team_option,,,,0.0,FALSE,,0
OKC,Kenrich Williams,1629026,G,7163000,,,,1,team_option,,,,0.0,FALSE,,0
OKC,Nikola Topić,1642260,G,5429760,7482210,,,2,team_option,team_option,,,0.0,FALSE,,0
OKC,Jared McCain,1642272,G,4422600,6784268,,,2,team_option,team_option,,,0.0,FALSE,,0
OKC,Ajay Mitchell,1642349,G,2850000,2850000,,,2,guaranteed,team_option,,,0.0,FALSE,,0
ORL,Franz Wagner,1630532,F,41754690,44847630,47940570,51033510,4,guaranteed,guaranteed,guaranteed,guaranteed,0.0,FALSE,,0
ORL,Paolo Banchero,1631094,F,41500000,44820000,48140000,51460000,5,guaranteed,guaranteed,guaranteed,guaranteed,0.0,FALSE,,0
ORL,Desmond Bane,1630217,G,39446090,42166510,44886930,,3,guaranteed,guaranteed,guaranteed,,0.0,FALSE,,0
ORL,Jalen Suggs,1630591,G,32400000,29600000,26800000,26700000,4,guaranteed,guaranteed,guaranteed,team_option,0.0,FALSE,,0
ORL,Wendell Carter Jr.,1628976,C,18102000,19550160,20998320,,3,guaranteed,guaranteed,team_option,,0.0,FALSE,,0
ORL,Jonathan Isaac,1628371,F,14500000,14500000,15000000,,3,guaranteed,guaranteed,guaranteed,,0.0,FALSE,,0
ORL,Anthony Black,1641710,G,10106316,,,,1,team_option,,,,0.0,FALSE,,0
ORL,Goga Bitadze,1629048,C,7608696,,,,1,guaranteed,,,,0.0,FALSE,,0
ORL,Jett Howard,1641724,G,7337939,,,,1,team_option,,,,0.0,FALSE,,0
ORL,Tristan Da Silva,1641783,F,3991200,6138466,,,2,team_option,team_option,,,0.0,FALSE,,0
ORL,Jase Richardson,1642859,G,3132360,3282000,5910882,,3,guaranteed,team_option,team_option,,0.0,FALSE,,0
ORL,Noah Penda,1642869,G,2150917,2525901,2735698,,3,guaranteed,guaranteed,team_option,,0.0,FALSE,,0
PHI,Joel Embiid,203954,C,58100000,62748000,67396000,,3,guaranteed,guaranteed,player_option,,0.0,FALSE,,0
PHI,Paul George,202331,F,54126380,56586670,,,2,guaranteed,player_option,,,0.0,FALSE,,0
PHI,Tyrese Maxey,1630178,G,40770520,43582280,46394040,,3,guaranteed,guaranteed,guaranteed,,0.0,FALSE,,0
PHI,VJ Edgecombe,1642845,G,11663880,12219720,15445727,,3,guaranteed,team_option,team_option,,0.0,FALSE,,0
PHI,Dominick Barlow,1631230,F,3415000,,,,1,team_option,,,,0.0,FALSE,,0
PHI,Trendon Watford,1630570,G,2801346,,,,1,team_option,,,,0.0,FALSE,,0
PHI,Jabari Walker,1631133,F,2584539,,,,1,guaranteed,,,,0.0,FALSE,,0
PHI,Justin Edwards,1642348,F,2411090,2616754,,,2,guaranteed,team_option,,,0.0,FALSE,,0
PHI,Adem Bona,1641737,F,2296271,2486995,,,2,guaranteed,team_option,,,0.0,FALSE,,0
PHI,Johni Broome,1641780,F,2150917,2525901,2735698,,3,guaranteed,guaranteed,team_option,,0.0,FALSE,,0
PHX,Devin Booker,1626164,G,57078728,61015192,64065952,69191228,4,guaranteed,guaranteed,guaranteed,player_option,0.0,FALSE,,0
PHX,Jalen Green,1630224,G,36251166,36000000,,,2,guaranteed,player_option,,,0.0,FALSE,,0
PHX,Dillon Brooks,1628415,G,19992727,,,,1,guaranteed,,,,0.0,FALSE,,0
PHX,Grayson Allen,1628960,G,18125000,19375000,,,2,guaranteed,player_option,,,0.0,FALSE,,0
PHX,Royce O'Neale,1626220,F,10875000,11625000,,,2,guaranteed,guaranteed,,,0.0,FALSE,,0
PHX,Khaman Maluach,1642863,C,6316680,6617160,8436880,,3,guaranteed,team_option,team_option,,0.0,FALSE,,0
PHX,Haywood Highsmith,1629312,F,3877000,,,,1,guaranteed,,,,0.0,FALSE,BKN,3018158
PHX,Cole Anthony,1630175,G,3877000,3877000,,,2,guaranteed,guaranteed,,,0.0,FALSE,MEM,3700000
PHX,Nassir Little,1629642,F,3107143,3107143,3107143,,3,guaranteed,guaranteed,guaranteed,,0.0,FALSE,,0
PHX,Ryan Dunn,1642346,F,2784240,5025553,,,2,team_option,team_option,,,0.0,FALSE,,0
PHX,Oso Ighodaro,1642345,F,2296271,2486995,,,2,guaranteed,team_option,,,0.0,FALSE,,0
PHX,Rasheer Fleming,1642853,F,2150917,2525901,2735698,,3,guaranteed,guaranteed,team_option,,0.0,FALSE,,0
PHX,E.J. Liddell,1630604,F,706898,,,,1,guaranteed,,,,0.0,FALSE,,0
POR,Jrue Holiday,201950,G,34800000,37200000,,,2,guaranteed,player_option,,,0.0,FALSE,,0
POR,Jerami Grant,203924,F,34206898,36413790,,,2,guaranteed,player_option,,,0.0,FALSE,,0
POR,Shaedon Sharpe,1631101,G,20089287,21696429,23303571,24910713,4,guaranteed,guaranteed,guaranteed,guaranteed,0.0,FALSE,,0
POR,Toumani Camara,1641739,F,18080358,19526786,20973214,22419642,4,guaranteed,guaranteed,guaranteed,guaranteed,0.0,FALSE,,0
POR,Scoot Henderson,1630703,G,13585523,,,,1,team_option,,,,0.0,FALSE,,0
POR,Deni Avdija,1630166,F,13125000,11875000,,,2,guaranteed,guaranteed,,,0.0,FALSE,,0
POR,Donovan Clingan,1642270,C,7519920,9550298,,,2,team_option,team_option,,,0.0,FALSE,,0
POR,Kris Murray,1631200,F,5315004,,,,1,team_option,,,,0.0,FALSE,,0
POR,Yang Hansen,1642905,C,4643520,4864920,7462788,,3,guaranteed,team_option,team_option,,0.0,FALSE,,0
POR,Damian Lillard,203081,G,3877000,3877000,3877000,3877000,4,guaranteed,player_option,guaranteed,guaranteed,0.0,FALSE,MIL,35915403
POR,Vít Krejčí,1630249,G,2667944,3005085,,,2,guaranteed,team_option,,,0.0,FALSE,,0
POR,Sidy Cissoko,1631321,G,2497812,,,,1,guaranteed,,,,0.0,FALSE,,0
POR,Didi Louzada,1629712,G,268032,268032,268032,,3,guaranteed,guaranteed,guaranteed,,0.0,FALSE,,0
SAC,Zach LaVine,203897,G,48967380,,,,1,player_option,,,,0.0,FALSE,,0
SAC,Domantas Sabonis,1627734,F-C,45472000,48608000,,,2,guaranteed,guaranteed,,,0.0,FALSE,,0
SAC,DeMar DeRozan,201942,G,25740000,,,,1,guaranteed,,,,0.0,FALSE,,0
SAC,De'Andre Hunter,1629631,F,24910714,,,,1,guaranteed,,,,0.0,FALSE,,0
SAC,Keegan Murray,1631099,F,24137936,26068965,27999999,29931033,5,guaranteed,guaranteed,guaranteed,guaranteed,0.0,FALSE,,0
SAC,Malik Monk,1628370,G,20190035,21582451,,,2,guaranteed,player_option,,,0.0,FALSE,,0
SAC,Devin Carter,1642269,G,5158080,7370897,,,2,team_option,team_option,,,0.0,FALSE,,0
SAC,Nique Clifford,1642363,G,3263400,3418800,5979481,,3,guaranteed,team_option,team_option,,0.0,FALSE,,0
SAC,Maxime Raynaud,1642875,C,2150917,2525901,,,2,guaranteed,team_option,,,0.0,FALSE,,0
SAS,De'Aaron Fox,1628368,G,49800000,53784000,57768000,61752000,4,guaranteed,guaranteed,guaranteed,guaranteed,0.0,FALSE,,0
SAS,Devin Vassell,1630170,G,27000000,24652174,27000000,,3,guaranteed,guaranteed,guaranteed,,0.0,FALSE,,0
SAS,Keldon Johnson,1629640,F,17500000,,,,1,guaranteed,,,,0.0,FALSE,,0
SAS,Victor Wembanyama,1641705,F-C,16868246,,,,1,team_option,,,,0.0,FALSE,,0
SAS,Dylan Harper,1642844,G,12989040,13607760,17172994,,3,guaranteed,team_option,team_option,,0.0,FALSE,,0
SAS,Luke Kornet,1628436,C,10450000,9900000,9350000,,3,guaranteed,guaranteed,team_option,,0.0,FALSE,,0
SAS,Stephon Castle,1642264,G,10015920,12670139,,,2,team_option,team_option,,,0.0,FALSE,,0
SAS,Carter Bryant,1642868,F,5145360,5390640,7983539,,3,guaranteed,team_option,team_option,,0.0,FALSE,,0
SAS,Julian Champagnie,1630577,F,3000000,,,,1,team_option,,,,0.0,FALSE,,0
TOR,Scottie Barnes,1630567,F,41754690,44847630,47940570,51033510,4,guaranteed,guaranteed,guaranteed,guaranteed,0.0,FALSE,,0
TOR,Brandon Ingram,1627742,F,40000000,41904762,,,2,guaranteed,player_option,,,0.0,FALSE,,0
TOR,Immanuel Quickley,1630193,G,32500000,32500000,32500000,,3,guaranteed,guaranteed,guaranteed,,0.0,FALSE,,0
TOR,RJ Barrett,1629628,F,29616071,,,,1,guaranteed,,,,0.0,FALSE,,0
TOR,Jakob Poeltl,1627751,C,19500000,27300000,29484000,27300000,4,player_option,guaranteed,guaranteed,guaranteed,0.0,FALSE,,0
TOR,Gradey Dick,1641711,G,7131511,,,,1,team_option,,,,0.0,FALSE,,0
TOR,Collin Murray-Boyles,1642867,F,6649560,6966000,8874684,,3,guaranteed,team_option,team_option,,0.0,FALSE,,0
TOR,Ja'Kobe Walter,1642266,G,3811800,5870172,,,2,team_option,team_option,,,0.0,FALSE,,0
TOR,Sandro Mamukelashvili,1630572,F-C,2801346,,,,1,player_option,,,,0.0,FALSE,,0
TOR,Trayce Jackson-Davis,1631218,F,2406205,,,,1,team_option,,,,0.0,FALSE,,0
TOR,Jonathan Mogbo,1642367,F,2296271,,,,1,team_option,,,,0.0,FALSE,,0
TOR,Jamal Shead,1642347,G,2296271,,,,1,team_option,,,,0.0,FALSE,,0
TOR,Jamison Battle,1642419,F,2296271,,,,1,guaranteed,,,,0.0,FALSE,,0
UTA,Jaren Jackson Jr.,1628991,F-C,49000000,50500000,52000000,53500000,4,guaranteed,guaranteed,guaranteed,player_option,0.0,FALSE,,0
UTA,Lauri Markkanen,1628374,F-C,46113154,49824681,53536209,,3,guaranteed,guaranteed,guaranteed,,0.0,FALSE,,0
UTA,Ace Bailey,1642846,F,9523080,9976560,12640302,,3,guaranteed,team_option,team_option,,0.0,FALSE,,0
UTA,Keyonte George,1641718,G,6563925,,,,1,team_option,,,,0.0,FALSE,,0
UTA,John Konchar,1629723,G,6165000,,,,1,guaranteed,,,,0.0,FALSE,,0
UTA,Cody Williams,1642262,F,6015600,7669890,,,2,team_option,team_option,,,0.0,FALSE,,0
UTA,Brice Sensabaugh,1641729,F,4862237,,,,1,team_option,,,,0.0,FALSE,,0
UTA,Svi Mykhailiuk,1629004,G,3850000,4025000,,,2,guaranteed,team_option,,,0.0,FALSE,,0
UTA,Kyle Filipowski,1642271,C,3000000,3000000,,,2,guaranteed,team_option,,,0.0,FALSE,,0
UTA,Isaiah Collier,1642268,G,2763960,4988948,,,2,team_option,team_option,,,0.0,FALSE,,0
WAS,Anthony Davis,203076,F-C,58456566,62786682,,,2,guaranteed,player_option,,,0.0,FALSE,,0
WAS,Trae Young,1629027,G,48967380,,,,1,player_option,,,,0.0,FALSE,,0
WAS,Alex Sarr,1642259,C,12370680,15611798,,,2,team_option,team_option,,,0.0,FALSE,,0
WAS,Bilal Coulibaly,1641731,G,9240012,,,,1,team_option,,,,0.0,FALSE,,0
WAS,Tre Johnson,1642848,G,8649600,9061680,11490211,,3,guaranteed,team_option,team_option,,0.0,FALSE,,0
WAS,Jaden Hardy,1630702,G,6000000,6000000,,,2,guaranteed,team_option,,,0.0,FALSE,,0
WAS,D'Angelo Russell,1626156,G,5969250,,,,1,player_option,,,,0.0,FALSE,,0
WAS,Cam Whitmore,1641715,F,5458310,,,,1,team_option,,,,0.0,FALSE,,0
WAS,Bub Carrington,1642267,G,4900560,7257730,,,2,team_option,team_option,,,0.0,FALSE,,0
WAS,Will Riley,1642860,F,3688320,3864000,6155352,,3,guaranteed,team_option,team_option,,0.0,FALSE,,0
WAS,Kyshawn George,1642273,F,3108000,5435892,,,2,team_option,team_option,,,0.0,FALSE,,0
WAS,Justin Champagnie,1630551,G,2667944,3005085,,,2,guaranteed,team_option,,,0.0,FALSE,,0
