as_of_date,season,team_abbr,player_name,nba_player_id,br_player_id,slot_type,salary_2026_27,option_type,remaining_guaranteed_total,age,position,trigger_date,trigger_type,trigger_event,status,source,terms_status,official_announced
2026-09-03T22:57:01Z,2026-27,ATL,Jalen Johnson,1630552.0,,standard,30000000.0,RK-EXT,30000000.0,25.0,SF,,,,standard,spotrac_v3,,
2026-09-03T22:57:01Z,2026-27,ATL,Dyson Daniels,1630700.0,,standard,25000000.0,RK-EXT,25000000.0,23.0,PG,,,,standard,spotrac_v3,,
2026-09-03T22:57:01Z,2026-27,ATL,C.J. McCollum,203468.0,,standard,21000000.0,VET-EXT,21000000.0,35.0,SG,,,,standard,spotrac_v3,,
2026-09-03T22:57:01Z,2026-27,ATL,Luguentz Dort,1629652.0,,standard,17722222.0,FA,17722222.0,27.0,SG,,,,standard,spotrac_v3,,
2026-09-03T22:57:01Z,2026-27,ATL,Onyeka Okongwu,1630168.0,,standard,16100000.0,RK-EXT,16100000.0,26.0,C,,,,standard,spotrac_v3,,
2026-09-03T22:57:01Z,2026-27,ATL,Nickeil Alexander-Walker,1629638.0,,standard,14403710.0,S&T,14403710.0,28.0,SG,,,,standard,spotrac_v3,,
2026-09-03T22:57:01Z,2026-27,ATL,Jock Landale,1629111.0,,standard,14100000.0,FA,14100000.0,31.0,C,,,,standard,spotrac_v3,,
2026-09-03T22:57:01Z,2026-27,ATL,Corey Kispert,1630557.0,,standard,13975000.0,RK-EXT,13975000.0,27.0,SF,,,,standard,spotrac_v3,,
2026-09-03T22:57:01Z,2026-27,ATL,Buddy Hield,1627741.0,,standard,9658536.0,S&T,9658536.0,34.0,SG,,,,standard,spotrac_v3,,
2026-09-03T22:57:01Z,2026-27,ATL,Aaron Wiggins,1630598.0,,standard,9028038.0,FA,8831776.0,28.0,SG,,,,non_guaranteed,spotrac_v3,,
2026-09-03T22:57:01Z,2026-27,ATL,Kingston Flemings,,,standard,7348680.0,RK-1ST,7348680.0,20.0,PG,,,,standard,spotrac_v3,,
2026-09-03T22:57:01Z,2026-27,ATL,Devin Carter,1642269.0,,standard,5158080.0,RK-1ST,5158080.0,24.0,PG,,,,standard,spotrac_v3,,
2026-09-03T22:57:01Z,2026-27,ATL,Zuby Ejiofor,,,standard,3453360.0,RK-1ST,3453360.0,22.0,C,,,,standard,spotrac_v3,,
2026-09-03T22:57:01Z,2026-27,ATL,Asa Newell,1642854.0,,standard,3399480.0,RK-1ST,3399480.0,21.0,PF,,,,standard,spotrac_v3,,
2026-09-03T22:57:01Z,2026-27,ATL,Mouhamed Gueye,1631243.0,,standard,2406205.0,RK-2ND,0.0,24.0,PF,,,,standard,spotrac_v3,,
2026-09-03T22:57:01Z,2026-27,ATL,Ryan Nembhard,1642948.0,,standard,2150917.0,ROS,2150917.0,23.0,PG,,,,standard,spotrac_v3,,
2026-09-03T22:57:01Z,2026-27,ATL,Henri Veesaar,,,standard,1357763.0,RK-2ND,1357763.0,22.0,C,,,,standard,spotrac_v3,,
2026-09-03T22:57:17Z,2026-27,BKN,Michael Porter Jr.,1629008.0,,standard,40806150.0,DRK-EXT,40806150.0,28.0,SF,,,,standard,spotrac_v3,,
2026-09-03T22:57:17Z,2026-27,BKN,Julius Randle,203944.0,,standard,33333334.0,FA,33333334.0,32.0,PF,,,,standard,spotrac_v3,,
2026-09-03T22:57:17Z,2026-27,BKN,Terance Mann,1629611.0,,standard,15500000.0,VET-EXT,15500000.0,30.0,SG,,,,standard,spotrac_v3,,
2026-09-03T22:57:17Z,2026-27,BKN,Day'Ron Sharpe,1630549.0,,standard,10000000.0,FA,10000000.0,25.0,C,,,,standard,spotrac_v3,,
2026-09-03T22:57:17Z,2026-27,BKN,Moritz Wagner,1629021.0,,standard,9000000.0,FA,9000000.0,29.0,C,,,,standard,spotrac_v3,,
2026-09-03T22:57:17Z,2026-27,BKN,Keon Ellis,1631165.0,,standard,9000000.0,FA,9000000.0,27.0,SF,,,,standard,spotrac_v3,,
2026-09-03T22:57:17Z,2026-27,BKN,Mikel Brown Jr.,1629650.0,,standard,8787000.0,RK-1ST,8787000.0,20.0,PG,,,,standard,spotrac_v3,,
2026-09-03T22:57:17Z,2026-27,BKN,Egor Demin,1642856.0,,standard,7233720.0,RK-1ST,7233720.0,20.0,PG,,,,standard,spotrac_v3,,
2026-09-03T22:57:17Z,2026-27,BKN,Noah Clowney,1641730.0,,standard,5414034.0,RK-1ST,5414034.0,22.0,PF,,,,standard,spotrac_v3,,
2026-09-03T22:57:17Z,2026-27,BKN,Josh Minott,1631169.0,,standard,4500000.0,FA,4500000.0,24.0,SF,,,,standard,spotrac_v3,,
2026-09-03T22:57:17Z,2026-27,BKN,Nolan Traore,1642849.0,,standard,4002000.0,RK-1ST,4002000.0,20.0,PG,,,,standard,spotrac_v3,,
2026-09-03T22:57:17Z,2026-27,BKN,Drake Powell,1642962.0,,standard,3540600.0,RK-1ST,3540600.0,21.0,SF,,,,standard,spotrac_v3,,
2026-09-03T22:57:17Z,2026-27,BKN,Ben Saraf,1642879.0,,standard,3028560.0,RK-1ST,3028560.0,20.0,PG,,,,standard,spotrac_v3,,
2026-09-03T22:57:17Z,2026-27,BKN,Joshua Jefferson,,,standard,2969520.0,RK-1ST,2969520.0,23.0,PF,,,,standard,spotrac_v3,,
2026-09-03T22:57:17Z,2026-27,BKN,Danny Wolf,1642874.0,,standard,2941440.0,RK-1ST,2941440.0,22.0,PF,,,,standard,spotrac_v3,,
2026-09-03T22:57:06Z,2026-27,BOS,Jayson Tatum,1628369.0,,standard,58456566.0,DVET-EXT,58456566.0,28.0,PF,,,,standard,spotrac_v3,,
2026-09-03T22:57:06Z,2026-27,BOS,Paul George,202331.0,,standard,54126380.0,FA,54126380.0,36.0,SG,,,,standard,spotrac_v3,,
2026-09-03T22:57:06Z,2026-27,BOS,Derrick White,1628401.0,,standard,30348000.0,VET-EXT,28458000.0,32.0,PG,,,,non_guaranteed,spotrac_v3,,
2026-09-03T22:57:06Z,2026-27,BOS,Mitchell Robinson,1629011.0,,standard,15044000.0,FA,15044000.0,28.0,C,,,,standard,spotrac_v3,,
2026-09-03T22:57:06Z,2026-27,BOS,Sam Hauser,1630573.0,,standard,10848215.0,VET-EXT,10848215.0,29.0,SF,,,,standard,spotrac_v3,,
2026-09-03T22:57:06Z,2026-27,BOS,Payton Pritchard,1630202.0,,standard,7767857.0,RK-EXT,7767857.0,29.0,PG,,,,standard,spotrac_v3,,
2026-09-03T22:57:06Z,2026-27,BOS,Ron Harper Jr.,1631199.0,,standard,3150752.0,FA,3150752.0,26.0,SG,,,,standard,spotrac_v3,,
2026-09-03T22:57:06Z,2026-27,BOS,Chris Cenac Jr.,,,standard,2988120.0,RK-1ST,2988120.0,20.0,PF,,,,standard,spotrac_v3,,
2026-09-03T22:57:06Z,2026-27,BOS,Hugo Gonzalez,1642864.0,,standard,2923560.0,RK-1ST,2923560.0,20.0,SF,,,,standard,spotrac_v3,,
2026-09-03T22:57:06Z,2026-27,BOS,Luka Garza,1630568.0,,standard,2801346.0,FA,2801346.0,28.0,C,,,,standard,spotrac_v3,,
2026-09-03T22:57:06Z,2026-27,BOS,Baylor Scheierman,1631248.0,,standard,2744040.0,RK-1ST,2744040.0,26.0,SG,,,,standard,spotrac_v3,,
2026-09-03T22:57:06Z,2026-27,BOS,Neemias Queta,1629674.0,,standard,2667944.0,FA,2667944.0,27.0,C,,,,standard,spotrac_v3,,
2026-09-03T22:57:06Z,2026-27,BOS,Mike Conley,201144.0,,standard,2449421.0,FA,3876529.0,39.0,PG,,,,standard,spotrac_v3,,
2026-09-03T22:57:06Z,2026-27,BOS,Jordan Walsh,1641775.0,,standard,2406205.0,RK-2ND,2406205.0,22.0,SF,,,,standard,spotrac_v3,,
2026-09-03T22:57:21Z,2026-27,CHA,Coby White,1629632.0,,standard,26811593.0,FA,26811593.0,26.0,PG,,,,standard,spotrac_v3,,
2026-09-03T22:57:21Z,2026-27,CHA,Naz Reid,1629675.0,,standard,23275862.0,FA,23275862.0,27.0,C,,,,standard,spotrac_v3,,
2026-09-03T22:57:21Z,2026-27,CHA,Grayson Allen,1628960.0,,standard,18125000.0,VET-EXT,18125000.0,31.0,SG,,,,standard,spotrac_v3,,
2026-09-03T22:57:21Z,2026-27,CHA,Brandon Miller,1641706.0,,standard,15104626.0,RK-1ST,15104626.0,24.0,SF,,,,standard,spotrac_v3,,
2026-09-03T22:57:21Z,2026-27,CHA,Dennis Schröder,203471.0,,standard,14809200.0,FA,14809200.0,33.0,PG,,,,standard,spotrac_v3,,
2026-09-03T22:57:21Z,2026-27,CHA,Grant Williams,1629684.0,,standard,14265750.0,S&T,14265750.0,28.0,PF,,,,standard,spotrac_v3,,
2026-09-03T22:57:21Z,2026-27,CHA,Dorian Finney-Smith,1627827.0,,standard,14196974.0,FA,13335000.0,33.0,PF,,,,non_guaranteed,spotrac_v3,,
2026-09-03T22:57:21Z,2026-27,CHA,Royce O'Neale,1626220.0,,standard,10875000.0,FA,10875000.0,33.0,SF,,,,standard,spotrac_v3,,
2026-09-03T22:57:21Z,2026-27,CHA,Kon Knueppel,1642851.0,,standard,10516560.0,RK-1ST,10516560.0,21.0,SF,,,,standard,spotrac_v3,,
2026-09-03T22:57:21Z,2026-27,CHA,Tidjane Salaun,1642275.0,,standard,8237880.0,RK-1ST,8237880.0,21.0,PF,,,,standard,spotrac_v3,,
2026-09-03T22:57:21Z,2026-27,CHA,Hannes Steinbach,,,standard,5227200.0,RK-1ST,5227200.0,20.0,PF,,,,standard,spotrac_v3,,
2026-09-03T22:57:21Z,2026-27,CHA,Christian Anderson,,,standard,4257480.0,RK-1ST,4257480.0,20.0,PG,,,,standard,spotrac_v3,,
2026-09-03T22:57:21Z,2026-27,CHA,Pat Connaughton,1626192.0,,standard,3815861.0,ROS,0.0,34.0,SG,,,,standard,spotrac_v3,,
2026-09-03T22:57:21Z,2026-27,CHA,Liam McNeeley,1642862.0,,standard,2902080.0,RK-1ST,2902080.0,21.0,SF,,,,standard,spotrac_v3,,
2026-09-03T22:57:21Z,2026-27,CHA,Moussa Diabate,1631217.0,,standard,2461462.0,ROS,2461462.0,25.0,PF,,,,standard,spotrac_v3,,
2026-09-03T22:57:21Z,2026-27,CHA,Ryan Kalkbrenner,1641750.0,,standard,2411090.0,RK-2ND,2411090.0,25.0,C,,,,standard,spotrac_v3,,
2026-09-03T22:57:21Z,2026-27,CHA,Sion James,1642883.0,,standard,2411090.0,RK-2ND,2411090.0,24.0,SF,,,,standard,spotrac_v3,,
2026-09-03T22:57:28Z,2026-27,CHI,Josh Giddey,1630581.0,,standard,25000000.0,FA,25000000.0,24.0,SG,,,,standard,spotrac_v3,,
2026-09-03T22:57:28Z,2026-27,CHI,Nicolas Claxton,1629651.0,,standard,23320738.0,FA,23147727.0,27.0,C,,,,non_guaranteed,spotrac_v3,,
2026-09-03T22:57:28Z,2026-27,CHI,Norman Powell,1626181.0,,standard,21500000.0,FA,21500000.0,33.0,SG,,,,standard,spotrac_v3,,
2026-09-03T22:57:28Z,2026-27,CHI,Patrick Williams,1630172.0,,standard,18000000.0,FA,18000000.0,25.0,PF,,,,standard,spotrac_v3,,
2026-09-03T22:57:28Z,2026-27,CHI,Isaac Okoro,1630171.0,,standard,11814814.0,FA,11814814.0,26.0,SG,,,,standard,spotrac_v3,,
2026-09-03T22:57:28Z,2026-27,CHI,Caleb Wilson,,,standard,10683720.0,RK-1ST,10683720.0,20.0,PF,,,,standard,spotrac_v3,,
2026-09-03T22:57:28Z,2026-27,CHI,Jalen Smith,1630188.0,,standard,9428571.0,FA,9428571.0,26.0,PF,,,,standard,spotrac_v3,,
2026-09-03T22:57:28Z,2026-27,CHI,Zach Collins,1628380.0,,standard,8500000.0,VET-EXT,8500000.0,29.0,C,,,,standard,spotrac_v3,,
2026-09-03T22:57:28Z,2026-27,CHI,Tre Jones,1630200.0,,standard,8000000.0,FA,8000000.0,27.0,PG,,,,standard,spotrac_v3,,
2026-09-03T22:57:28Z,2026-27,CHI,Rob Dillingham,1642265.0,,standard,6889320.0,RK-1ST,6889320.0,22.0,PG,,,,standard,spotrac_v3,,
2026-09-03T22:57:28Z,2026-27,CHI,Matas Buzelis,1641824.0,,standard,5715360.0,RK-1ST,5715360.0,22.0,SF,,,,standard,spotrac_v3,,
2026-09-03T22:57:28Z,2026-27,CHI,Noa Essengue,1642855.0,,standard,5701200.0,RK-1ST,5701200.0,20.0,PF,,,,standard,spotrac_v3,,
2026-09-03T22:57:28Z,2026-27,CHI,Dailyn Swain,,,standard,4965480.0,RK-1ST,4965480.0,21.0,SF,,,,standard,spotrac_v3,,
2026-09-03T22:57:28Z,2026-27,CHI,Leonard Miller,1631159.0,,standard,2406205.0,RK-2ND,2406205.0,23.0,SF,,,,standard,spotrac_v3,,
2026-09-03T22:57:33Z,2026-27,CLE,James Harden,201935.0,,standard,29938272.0,FA,29938272.0,37.0,SG,,,,official,spotrac_v3,terms_not_released_by_team,2026-09-09
2026-09-03T22:57:33Z,2026-27,CLE,Evan Mobley,1630596.0,,standard,50105628.0,DRK-EXT,50105628.0,25.0,PF,,,,standard,spotrac_v3,,
2026-09-03T22:57:33Z,2026-27,CLE,Donovan Mitchell,1628378.0,,standard,50105628.0,VET-EXT,50105628.0,30.0,SG,,,,standard,spotrac_v3,,
2026-09-03T22:57:33Z,2026-27,CLE,Jarrett Allen,1628386.0,,standard,28000000.0,VET-EXT,28000000.0,28.0,C,,,,standard,spotrac_v3,,
2026-09-03T22:57:33Z,2026-27,CLE,Peyton Watson,1631212.0,,standard,20465116.0,S&T,20465116.0,24.0,SG,,,,standard,spotrac_v3,,
2026-09-03T22:57:33Z,2026-27,CLE,Sam Merrill,1630241.0,,standard,9160715.0,FA,9160715.0,30.0,SG,,,,standard,spotrac_v3,,
2026-09-03T22:57:33Z,2026-27,CLE,Jaylon Tyson,1642281.0,,standard,3658560.0,RK-1ST,3658560.0,24.0,SG,,,,standard,spotrac_v3,,
2026-09-03T22:57:33Z,2026-27,CLE,Mario Hezonja,1626209.0,,standard,2449421.0,FA,0.0,31.0,SG,,,,standard,spotrac_v3,,
2026-09-03T22:57:33Z,2026-27,CLE,Thomas Bryant,1628418.0,,standard,2449421.0,FA,3524115.0,29.0,C,,,,standard,spotrac_v3,,
2026-09-03T22:57:33Z,2026-27,CLE,Nae'qwan Tomlin,1641772.0,,standard,2411090.0,ROS,2411090.0,26.0,F,,,,standard,spotrac_v3,,
2026-09-03T22:57:33Z,2026-27,CLE,Craig Porter Jr.,1641854.0,,standard,2406205.0,ROS,0.0,26.0,G,,,,standard,spotrac_v3,,
2026-09-03T22:57:33Z,2026-27,CLE,Tyrese Proctor,1642878.0,,standard,2150917.0,RK-2ND,2150917.0,22.0,SG,,,,standard,spotrac_v3,,
2026-09-03T22:57:33Z,2026-27,CLE,Meleek Thomas,,,standard,1357763.0,RK-2ND,1357763.0,20.0,SG,,,,standard,spotrac_v3,,
2026-09-03T22:57:33Z,2026-27,CLE,Khalifa Diop,,,standard,1357763.0,RK,0.0,25.0,C,,,,standard,spotrac_v3,,
2026-09-03T23:02:15Z,2026-27,DAL,Kyrie Irving,202681.0,,standard,39491282.0,FA,39491282.0,34.0,PG,,,,standard,spotrac_v3,,
2026-09-03T23:02:15Z,2026-27,DAL,PJ Washington,1629023.0,,standard,19813044.0,VET-EXT,19813044.0,28.0,PF,,,,standard,spotrac_v3,,
2026-09-03T23:02:15Z,2026-27,DAL,Daniel Gafford,1629655.0,,standard,17263584.0,VET-EXT,17263584.0,28.0,C,,,,standard,spotrac_v3,,
2026-09-03T23:02:15Z,2026-27,DAL,Santi Aldama,1630583.0,,standard,17007043.0,FA,17007043.0,26.0,C,,,,standard,spotrac_v3,,
2026-09-03T23:02:15Z,2026-27,DAL,Cooper Flagg,1642843.0,,standard,14517480.0,RK-1ST,14517480.0,20.0,SF,,,,standard,spotrac_v3,,
2026-09-03T23:02:15Z,2026-27,DAL,Zaccharie Risacher,1642258.0,,standard,13826040.0,RK-1ST,13826040.0,21.0,SF,,,,standard,spotrac_v3,,
2026-09-03T23:02:15Z,2026-27,DAL,Caleb Martin,1628997.0,,standard,10001494.0,FA,8963901.0,31.0,SF,,,,non_guaranteed,spotrac_v3,,
2026-09-03T23:02:15Z,2026-27,DAL,Naji Marshall,1630230.0,,standard,9428571.0,FA,9428571.0,29.0,SF,,,,standard,spotrac_v3,,
2026-09-03T23:02:15Z,2026-27,DAL,Max Christie,1631108.0,,standard,8285714.0,FA,8285714.0,23.0,SG,,,,standard,spotrac_v3,,
2026-09-03T23:02:15Z,2026-27,DAL,Dereck Lively II,1641726.0,,standard,7239131.0,RK-1ST,7239131.0,22.0,C,,,,standard,spotrac_v3,,
2026-09-03T23:02:15Z,2026-27,DAL,Morez Johnson Jr.,,,standard,6754800.0,RK-1ST,6754800.0,21.0,C,,,,standard,spotrac_v3,,
2026-09-03T23:02:15Z,2026-27,DAL,Marcus Sasser,1631204.0,,standard,5198983.0,RK-1ST,5198983.0,26.0,PG,,,,standard,spotrac_v3,,
2026-09-03T23:02:15Z,2026-27,DAL,Sergio de Larrea,,,standard,3182280.0,RK-1ST,3182280.0,21.0,SG,,,,standard,spotrac_v3,,
2026-09-03T23:02:15Z,2026-27,DAL,Tarik Biberovic,,,standard,3000000.0,RK,3000000.0,26.0,PF,,,,standard,spotrac_v3,,
2026-09-03T23:02:15Z,2026-27,DAL,Moussa Cisse,1630619.0,,standard,2185116.0,FA,1092558.0,24.0,F,,,,non_guaranteed,spotrac_v3,,
2026-09-03T22:59:12Z,2026-27,DEN,DeMar DeRozan,201942.0,,standard,2449421.0,FA,3876529.0,37.0,SF,,,,official,spotrac_v3,terms_not_released_by_team,2026-09-09
2026-09-03T22:59:12Z,2026-27,DEN,Lonnie Walker IV,1629022.0,,standard,2449421.0,FA,3286399.0,28.0,SG,,,,official,spotrac_v3,terms_not_released_by_team,2026-09-09
2026-09-03T22:59:12Z,2026-27,DEN,Nikola Jokic,203999.0,,standard,59033114.0,DVET-EXT,59033114.0,31.0,C,,,,standard,spotrac_v3,,
2026-09-03T22:59:12Z,2026-27,DEN,Jamal Murray,1627750.0,,standard,50105628.0,VET-EXT,50105628.0,29.0,PG,,,,standard,spotrac_v3,,
2026-09-03T22:59:12Z,2026-27,DEN,Aaron Gordon,203932.0,,standard,31978037.0,VET-EXT,31978037.0,31.0,PF,,,,standard,spotrac_v3,,
2026-09-03T22:59:12Z,2026-27,DEN,Cameron Johnson,1629661.0,,standard,23062500.0,FA,22500000.0,30.0,SF,,,,non_guaranteed,spotrac_v3,,
2026-09-03T22:59:12Z,2026-27,DEN,Christian Braun,1631128.0,,standard,21551726.0,RK-EXT,21551726.0,25.0,SG,,,,standard,spotrac_v3,,
2026-09-03T22:59:12Z,2026-27,DEN,Zeke Nnaji,1630192.0,,standard,7466667.0,RK-EXT,7466667.0,26.0,PF,,,,standard,spotrac_v3,,
2026-09-03T22:59:12Z,2026-27,DEN,Spencer Jones,1642461.0,,standard,6000000.0,FA,6000000.0,25.0,SF,,,,standard,spotrac_v3,,
2026-09-03T22:59:12Z,2026-27,DEN,Julian Strawther,1631124.0,,standard,4826931.0,RK-1ST,4826931.0,24.0,SF,,,,standard,spotrac_v3,,
2026-09-03T22:59:12Z,2026-27,DEN,DaRon Holmes II,1641747.0,,standard,3372120.0,RK-1ST,3372120.0,24.0,PF,,,,standard,spotrac_v3,,
2026-09-03T22:59:12Z,2026-27,DEN,Marvin Bagley III,1628963.0,,standard,2449421.0,FA,3506659.0,27.0,PF,,,,standard,spotrac_v3,,
2026-09-03T22:59:12Z,2026-27,DEN,Tyus Jones,1626145.0,,standard,2449421.0,FA,3876529.0,30.0,PG,,,,standard,spotrac_v3,,
2026-09-03T22:59:12Z,2026-27,DEN,Trevon Brazile,,,standard,1357763.0,RK-2ND,1357763.0,24.0,PF,,,,standard,spotrac_v3,,
2026-09-03T22:59:12Z,2026-27,DEN,Alpha Diallo,,,standard,1357763.0,UD,1357763.0,29.0,SF,,,,standard,spotrac_v3,,
2026-09-03T22:59:20Z,2026-27,DET,Cade Cunningham,1630595.0,,standard,50105628.0,DRK-EXT,50105628.0,25.0,PG,,,,standard,spotrac_v3,,
2026-09-03T22:59:20Z,2026-27,DET,John Collins,1628381.0,,standard,17000000.0,S&T,17000000.0,29.0,PF,,,,standard,spotrac_v3,,
2026-09-03T22:59:20Z,2026-27,DET,Duncan Robinson,1629130.0,,standard,15992957.0,S&T,2000000.0,32.0,SF,,,,non_guaranteed,spotrac_v3,,
2026-09-03T22:59:20Z,2026-27,DET,Isaiah Joe,1630198.0,,standard,11323006.0,FA,11323006.0,27.0,SG,,,,standard,spotrac_v3,,
2026-09-03T22:59:20Z,2026-27,DET,Ausar Thompson,1641709.0,,standard,11117925.0,RK-1ST,11117925.0,24.0,SG,,,,standard,spotrac_v3,,
2026-09-03T22:59:20Z,2026-27,DET,Kevin Huerter,1628989.0,,standard,9507042.0,FA,9507042.0,28.0,SG,,,,standard,spotrac_v3,,
2026-09-03T22:59:20Z,2026-27,DET,Ron Holland II,1641842.0,,standard,9069600.0,RK-1ST,9069600.0,21.0,SF,,,,standard,spotrac_v3,,
2026-09-03T22:59:20Z,2026-27,DET,Paul Reed,1630194.0,,standard,5602689.0,FA,5602689.0,27.0,C,,,,standard,spotrac_v3,,
2026-09-03T22:59:20Z,2026-27,DET,Ebuka Okorie,,,standard,4481280.0,RK-1ST,4481280.0,19.0,PG,,,,standard,spotrac_v3,,
2026-09-03T22:59:20Z,2026-27,DET,Daniss Jenkins,1642450.0,,standard,4000000.0,ROS,4000000.0,25.0,G,,,,standard,spotrac_v3,,
2026-09-03T22:59:20Z,2026-27,DET,Javonte Green,1629750.0,,standard,3943679.0,FA,3943679.0,33.0,SG,,,,standard,spotrac_v3,,
2026-09-03T22:59:20Z,2026-27,DET,Taurean Prince,1627752.0,,standard,3815861.0,FA,3815861.0,32.0,PF,,,,standard,spotrac_v3,,
2026-09-03T22:59:20Z,2026-27,DET,Gary Harris,203914.0,,standard,3815861.0,FA,3815861.0,32.0,SG,,,,standard,spotrac_v3,,
2026-09-03T22:59:20Z,2026-27,DET,Tolu Smith III,1642449.0,,standard,2411090.0,ROS,0.0,26.0,F,,,,standard,spotrac_v3,,
2026-09-03T22:59:20Z,2026-27,DET,Chaz Lanier,1642404.0,,standard,2150917.0,RK-2ND,2150917.0,25.0,SG,,,,standard,spotrac_v3,,
2026-09-03T22:59:29Z,2026-27,GSW,Stephen Curry,201939.0,,standard,62587158.0,VET-EXT,62587158.0,38.0,PG,,,,standard,spotrac_v3,,
2026-09-03T22:59:29Z,2026-27,GSW,Jimmy Butler,202710.0,,standard,56832773.0,VET-EXT,56832773.0,37.0,SF,,,,standard,spotrac_v3,,
2026-09-03T22:59:29Z,2026-27,GSW,Draymond Green,203110.0,,standard,27678571.0,FA,27678571.0,36.0,PF,,,,standard,spotrac_v3,,
2026-09-03T22:59:29Z,2026-27,GSW,Kristaps Porzingis,204001.0,,standard,20000000.0,VET-EXT,20000000.0,31.0,PF,,,,standard,spotrac_v3,,
2026-09-03T22:59:29Z,2026-27,GSW,Moses Moody,1630541.0,,standard,12500000.0,RK-EXT,12500000.0,24.0,SG,,,,standard,spotrac_v3,,
2026-09-03T22:59:29Z,2026-27,GSW,Al Horford,201143.0,,standard,6822000.0,FA,6822000.0,40.0,C,,,,standard,spotrac_v3,,
2026-09-03T22:59:29Z,2026-27,GSW,Yaxel Lendeborg,,,standard,6096240.0,RK-1ST,6096240.0,24.0,PF,,,,standard,spotrac_v3,,
2026-09-03T22:59:29Z,2026-27,GSW,De'Anthony Melton,1629001.0,,standard,6064000.0,FA,6064000.0,28.0,SG,,,,standard,spotrac_v3,,
2026-09-03T22:59:29Z,2026-27,GSW,Brandin Podziemski,1641764.0,,standard,5679459.0,RK-1ST,5679459.0,23.0,SG,,,,standard,spotrac_v3,,
2026-09-03T22:59:29Z,2026-27,GSW,Gui Santos,1630611.0,,standard,4629630.0,VET-EXT,4629630.0,24.0,SF,,,,standard,spotrac_v3,,
2026-09-03T22:59:29Z,2026-27,GSW,Brandon Williams,1630314.0,,standard,2449421.0,FA,0.0,27.0,PG,,,,standard,spotrac_v3,,
2026-09-03T22:59:29Z,2026-27,GSW,Charles Bassey,1629646.0,,standard,2449421.0,FA,1400000.0,26.0,C,,,,non_guaranteed,spotrac_v3,,
2026-09-03T22:59:29Z,2026-27,GSW,Gary Payton II,1627780.0,,standard,2449421.0,FA,3876529.0,34.0,PG,,,,standard,spotrac_v3,,
2026-09-03T22:59:29Z,2026-27,GSW,Georges Niang,1627777.0,,standard,2449421.0,FA,1838009.0,33.0,PF,,,,non_guaranteed,spotrac_v3,,
2026-09-03T22:59:29Z,2026-27,GSW,Will Richard,1642954.0,,standard,2150917.0,RK-2ND,2150917.0,24.0,G,,,,standard,spotrac_v3,,
2026-09-03T22:59:39Z,2026-27,HOU,Kevin Durant,201142.0,,standard,43902439.0,VET-EXT,43902439.0,38.0,SF,,,,standard,spotrac_v3,,
2026-09-03T22:59:39Z,2026-27,HOU,Alperen Sengun,1630578.0,,standard,35642202.0,RK-EXT,35642202.0,24.0,C,,,,standard,spotrac_v3,,
2026-09-03T22:59:39Z,2026-27,HOU,Fred VanVleet,1627832.0,,standard,25000000.0,FA,25000000.0,32.0,PG,,,,standard,spotrac_v3,,
2026-09-03T22:59:39Z,2026-27,HOU,Jabari Smith Jr.,1631095.0,,standard,23643411.0,RK-EXT,23643411.0,23.0,PF,,,,standard,spotrac_v3,,
2026-09-03T22:59:39Z,2026-27,HOU,Tari Eason,1631106.0,,standard,14053356.0,FA,14053356.0,25.0,PF,,,,standard,spotrac_v3,,
2026-09-03T22:59:39Z,2026-27,HOU,Steven Adams,203500.0,,standard,13000000.0,VET-EXT,13000000.0,33.0,C,,,,standard,spotrac_v3,,
2026-09-03T22:59:39Z,2026-27,HOU,Amen Thompson,1641708.0,,standard,12258609.0,RK-1ST,12258609.0,24.0,PG,,,,standard,spotrac_v3,,
2026-09-03T22:59:39Z,2026-27,HOU,Reed Sheppard,1642263.0,,standard,11108880.0,RK-1ST,11108880.0,22.0,SG,,,,standard,spotrac_v3,,
2026-09-03T22:59:39Z,2026-27,HOU,Clint Capela,203991.0,,standard,7035000.0,S&T,7035000.0,32.0,C,,,,standard,spotrac_v3,,
2026-09-03T22:59:39Z,2026-27,HOU,Marcus Smart,203935.0,,standard,6064000.0,FA,6064000.0,32.0,PG,,,,standard,spotrac_v3,,
2026-09-03T22:59:39Z,2026-27,HOU,Isaiah Crawford,1642384.0,,standard,2449421.0,FA,0.0,25.0,G,,,,standard,spotrac_v3,,
2026-09-03T22:59:39Z,2026-27,HOU,Jae’Sean Tate,1630256.0,,standard,2449421.0,FA,1039669.0,31.0,SF,,,,non_guaranteed,spotrac_v3,,
2026-09-03T22:59:39Z,2026-27,HOU,Bogdan Bogdanovic,203992.0,,standard,2449421.0,FA,3524115.0,34.0,SG,,,,standard,spotrac_v3,,
2026-09-03T22:59:39Z,2026-27,HOU,Bruce Thornton,,,standard,1357763.0,RK-2ND,1357763.0,23.0,PG,,,,standard,spotrac_v3,,
2026-09-03T22:59:48Z,2026-27,IND,Pascal Siakam,1627783.0,,standard,48924624.0,FA,48924624.0,32.0,PF,,,,standard,spotrac_v3,,
2026-09-03T22:59:48Z,2026-27,IND,Tyrese Haliburton,1630169.0,,standard,48924624.0,DRK-EXT,48924624.0,26.0,PG,,,,standard,spotrac_v3,,
2026-09-03T22:59:48Z,2026-27,IND,Ivica Zubac,1627826.0,,standard,20342140.0,VET-EXT,19550160.0,29.0,C,,,,non_guaranteed,spotrac_v3,,
2026-09-03T22:59:48Z,2026-27,IND,Andrew Nembhard,1629614.0,,standard,19550160.0,VET-EXT,19550160.0,27.0,PG,,,,standard,spotrac_v3,,
2026-09-03T22:59:48Z,2026-27,IND,Obi Toppin,1630167.0,,standard,15000000.0,FA,15000000.0,28.0,PF,,,,standard,spotrac_v3,,
2026-09-03T22:59:48Z,2026-27,IND,Aaron Nesmith,1630174.0,,standard,11000000.0,RK-EXT,11000000.0,27.0,SF,,,,standard,spotrac_v3,,
2026-09-03T22:59:48Z,2026-27,IND,T.J. McConnell,204456.0,,standard,11000000.0,VET-EXT,11000000.0,34.0,PG,,,,standard,spotrac_v3,,
2026-09-03T22:59:48Z,2026-27,IND,Jarace Walker,1641716.0,,standard,8478542.0,RK-1ST,8478542.0,23.0,PF,,,,standard,spotrac_v3,,
2026-09-03T22:59:48Z,2026-27,IND,Kelly Oubre Jr.,1626162.0,,standard,8050000.0,FA,8050000.0,31.0,SF,,,,standard,spotrac_v3,,
2026-09-03T22:59:48Z,2026-27,IND,Ben Sheppard,1641767.0,,standard,5031669.0,RK-1ST,5031669.0,25.0,SF,,,,standard,spotrac_v3,,
2026-09-03T22:59:48Z,2026-27,IND,Jay Huff,1630643.0,,standard,2667944.0,,379382.0,28.0,C,,,,non_guaranteed,spotrac_v3,,
2026-09-03T22:59:48Z,2026-27,IND,Quenton Jackson,1631245.0,,standard,2584539.0,ROS,2584539.0,28.0,G,,,,standard,spotrac_v3,,
2026-09-03T22:59:48Z,2026-27,IND,Larry Nance Jr.,1626204.0,,standard,2449421.0,FA,3876529.0,34.0,PF,,,,standard,spotrac_v3,,
2026-09-03T22:59:48Z,2026-27,IND,Johnny Furphy,1642277.0,,standard,2296271.0,RK-2ND,2296271.0,22.0,SG,,,,standard,spotrac_v3,,
2026-09-03T22:59:55Z,2026-27,LAC,Brandon Ingram,1627742.0,,standard,40000000.0,VET-EXT,40000000.0,29.0,SF,,,,official,spotrac_v3,terms_not_released_by_team,2026-09-09
2026-09-03T22:59:55Z,2026-27,LAC,Gradey Dick,1641711.0,,standard,7131511.0,RK-1ST,7131511.0,23.0,SG,,,,official,spotrac_v3,terms_not_released_by_team,2026-09-09
2026-09-03T22:59:55Z,2026-27,LAC,Darius Garland,1629636.0,,standard,42166510.0,DRK-EXT,42166510.0,27.0,PG,,,,standard,spotrac_v3,,
2026-09-03T22:59:55Z,2026-27,LAC,Max Strus,1629622.0,,standard,16660836.0,S&T,16660836.0,30.0,SG,,,,standard,spotrac_v3,,
2026-09-03T22:59:55Z,2026-27,LAC,Rui Hachimura,1629060.0,,standard,14000000.0,FA,14000000.0,28.0,PF,,,,standard,spotrac_v3,,
2026-09-03T22:59:55Z,2026-27,LAC,Derrick Jones Jr.,1627884.0,,standard,10476190.0,FA,10476190.0,29.0,SF,,,,standard,spotrac_v3,,
2026-09-03T22:59:55Z,2026-27,LAC,Keaton Wagler,,,standard,9674760.0,RK-1ST,9674760.0,19.0,PG,,,,standard,spotrac_v3,,
2026-09-03T22:59:55Z,2026-27,LAC,Brook Lopez,201572.0,,standard,9187500.0,FA,9187500.0,38.0,C,,,,standard,spotrac_v3,,
2026-09-03T22:59:55Z,2026-27,LAC,Isaiah Jackson,1630543.0,,standard,7000000.0,FA,7000000.0,25.0,PF,,,,standard,spotrac_v3,,
2026-09-03T22:59:55Z,2026-27,LAC,Bradley Beal,203078.0,,standard,6424800.0,FA,6424800.0,33.0,SG,,,,standard,spotrac_v3,,
2026-09-03T22:59:55Z,2026-27,LAC,Kris Dunn,1627739.0,,standard,5684800.0,S&T,5684800.0,32.0,PG,,,,standard,spotrac_v3,,
2026-09-03T22:59:55Z,2026-27,LAC,Jordan Miller,1641757.0,,standard,5300000.0,FA,5300000.0,27.0,SF,,,,standard,spotrac_v3,,
2026-09-03T22:59:55Z,2026-27,LAC,Yanic Konan Niederhauser,1642949.0,,standard,2880960.0,RK-1ST,2880960.0,23.0,F,,,,standard,spotrac_v3,,
2026-09-03T22:59:55Z,2026-27,LAC,Kobe Sanders,1642920.0,,standard,2622139.0,FA,2622139.0,24.0,G,,,,standard,spotrac_v3,,
2026-09-03T22:59:55Z,2026-27,LAC,Cameron Christie,1642353.0,,standard,2296271.0,RK-2ND,0.0,21.0,SG,,,,standard,spotrac_v3,,
2026-09-03T22:59:55Z,2026-27,LAC,Johni Broome,1641780.0,,standard,2150917.0,RK-2ND,2150917.0,24.0,C,,,,standard,spotrac_v3,,
2026-09-03T22:59:55Z,2026-27,LAC,Baba Miller,1641706.0,,standard,1705630.0,RK-2ND,1705630.0,22.0,C,,,,standard,spotrac_v3,,
2026-09-03T23:00:01Z,2026-27,LAL,Luka Doncic,1629029.0,,standard,49488300.0,VET-EXT,49488300.0,27.0,PG,,,,standard,spotrac_v3,,
2026-09-03T23:00:01Z,2026-27,LAL,Austin Reaves,1630559.0,,standard,41240250.0,FA,41240250.0,28.0,SG,,,,standard,spotrac_v3,,
2026-09-03T23:00:01Z,2026-27,LAL,Walker Kessler,1631117.0,,standard,30108821.0,S&T,30108821.0,25.0,C,,,,standard,spotrac_v3,,
2026-09-03T23:00:01Z,2026-27,LAL,Quentin Grimes,1629656.0,,standard,13953489.0,FA,13953489.0,26.0,SG,,,,standard,spotrac_v3,,
2026-09-03T23:00:01Z,2026-27,LAL,Sandro Mamukelashvili,1630572.0,,standard,13000000.0,FA,13000000.0,27.0,C,,,,standard,spotrac_v3,,
2026-09-03T23:00:01Z,2026-27,LAL,Jarred Vanderbilt,1629020.0,,standard,12428571.0,VET-EXT,12428571.0,27.0,PF,,,,standard,spotrac_v3,,
2026-09-03T23:00:01Z,2026-27,LAL,Collin Sexton,1629012.0,,standard,9366000.0,FA,9366000.0,28.0,PG,,,,standard,spotrac_v3,,
2026-09-03T23:00:01Z,2026-27,LAL,Jake LaRavia,1631222.0,,standard,6000000.0,FA,6000000.0,25.0,PF,,,,standard,spotrac_v3,,
2026-09-03T23:00:01Z,2026-27,LAL,Jaden Hardy,1630702.0,,standard,6000000.0,VET-EXT,6000000.0,24.0,SG,,,,standard,spotrac_v3,,
2026-09-03T23:00:01Z,2026-27,LAL,Dalton Knecht,1642261.0,,standard,4201080.0,RK-1ST,4201080.0,25.0,SF,,,,standard,spotrac_v3,,
2026-09-03T23:00:01Z,2026-27,LAL,Cameron Carr,,,standard,3315360.0,RK-1ST,3315360.0,22.0,SG,,,,standard,spotrac_v3,,
2026-09-03T23:00:01Z,2026-27,LAL,Ziaire Williams,1630533.0,,standard,2449421.0,FA,2845883.0,25.0,SF,,,,standard,spotrac_v3,,
2026-09-03T23:00:01Z,2026-27,LAL,Matisse Thybulle,1629680.0,,standard,2449421.0,FA,3286399.0,29.0,SG,,,,standard,spotrac_v3,,
2026-09-03T23:00:01Z,2026-27,LAL,Kevon Looney,1626172.0,,standard,2449421.0,FA,3876529.0,30.0,C,,,,standard,spotrac_v3,,
2026-09-03T23:00:01Z,2026-27,LAL,Bronny James,1642355.0,,standard,2296271.0,RK-2ND,2296271.0,22.0,PG,,,,standard,spotrac_v3,,
2026-09-03T23:00:01Z,2026-27,LAL,Adou Thiero,1642876.0,,standard,2150917.0,RK-2ND,2150917.0,22.0,SF,,,,standard,spotrac_v3,,
2026-09-03T23:00:07Z,2026-27,MEM,Jerami Grant,203924.0,,standard,34206898.0,FA,34206898.0,32.0,PF,,,,standard,spotrac_v3,,
2026-09-03T23:00:07Z,2026-27,MEM,Isaiah Stewart,1630191.0,,standard,15000000.0,RK-EXT,15000000.0,25.0,C,,,,standard,spotrac_v3,,
2026-09-03T23:00:07Z,2026-27,MEM,Cameron Boozer,,,standard,11849760.0,RK-1ST,11849760.0,19.0,PF,,,,standard,spotrac_v3,,
2026-09-03T23:00:07Z,2026-27,MEM,Ty Jerome,1629660.0,,standard,9220050.0,FA,9220050.0,29.0,SG,,,,standard,spotrac_v3,,
2026-09-03T23:00:07Z,2026-27,MEM,Quinten Post,1642366.0,,standard,9000000.0,FA,9000000.0,26.0,C,,,,standard,spotrac_v3,,
2026-09-03T23:00:07Z,2026-27,MEM,Taylor Hendricks,1641707.0,,standard,7805900.0,RK-1ST,7805900.0,23.0,PF,,,,standard,spotrac_v3,,
2026-09-03T23:00:07Z,2026-27,MEM,Zach Edey,1641744.0,,standard,6332760.0,RK-1ST,0.0,24.0,C,,,,standard,spotrac_v3,,
2026-09-03T23:00:07Z,2026-27,MEM,Cedric Coward,1642907.0,,standard,6001080.0,RK-1ST,6001080.0,23.0,SG,,,,standard,spotrac_v3,,
2026-09-03T23:00:07Z,2026-27,MEM,D'Angelo Russell,1626156.0,,standard,5969250.0,FA,5969250.0,30.0,PG,,,,standard,spotrac_v3,,
2026-09-03T23:00:07Z,2026-27,MEM,Kris Murray,1631200.0,,standard,5315004.0,RK-1ST,5315004.0,26.0,PF,,,,standard,spotrac_v3,,
2026-09-03T23:00:07Z,2026-27,MEM,Walter Clayton Jr.,1642383.0,,standard,4190520.0,RK-1ST,4190520.0,23.0,PG,,,,standard,spotrac_v3,,
2026-09-03T23:00:07Z,2026-27,MEM,Taj Gibson,201959.0,,standard,3815861.0,ROS,0.0,41.0,C,,,,standard,spotrac_v3,,
2026-09-03T23:00:07Z,2026-27,MEM,Karim Lopez,,,standard,3746760.0,RK-1ST,3746760.0,19.0,PF,,,,standard,spotrac_v3,,
2026-09-03T23:00:07Z,2026-27,MEM,AJ Johnson,1642358.0,,standard,3237120.0,RK-1ST,3237120.0,22.0,PG,,,,standard,spotrac_v3,,
2026-09-03T23:00:07Z,2026-27,MEM,Olivier-Maxence Prosper,1641765.0,,standard,2497812.0,ROS,2497812.0,24.0,PF,,,,standard,spotrac_v3,,
2026-09-03T23:00:07Z,2026-27,MEM,Scotty Pippen Jr.,1630590.0,,standard,2461462.0,,2461462.0,26.0,PG,,,,standard,spotrac_v3,,
2026-09-03T23:00:07Z,2026-27,MEM,Cam Spencer,1642285.0,,standard,2411090.0,FA,2411090.0,26.0,SG,,,,standard,spotrac_v3,,
2026-09-03T23:00:07Z,2026-27,MEM,G.G. Jackson,1641713.0,,standard,2406205.0,ROS,2406205.0,22.0,PF,,,,standard,spotrac_v3,,
2026-09-03T23:00:07Z,2026-27,MEM,Jaylen Wells,1642377.0,,standard,2296271.0,RK-2ND,300000.0,23.0,SG,,,,non_guaranteed,spotrac_v3,,
2026-09-03T23:00:16Z,2026-27,MIA,Giannis Antetokounmpo,203507.0,,standard,58456566.0,VET-EXT,58456566.0,32.0,PF,,,,standard,spotrac_v3,,
2026-09-03T23:00:16Z,2026-27,MIA,Bam Adebayo,1628389.0,,standard,49488300.0,VET-EXT,49488300.0,29.0,C,,,,standard,spotrac_v3,,
2026-09-03T23:00:16Z,2026-27,MIA,Andrew Wiggins,203952.0,,standard,30169644.0,VET-EXT,30169644.0,31.0,SF,,,,standard,spotrac_v3,,
2026-09-03T23:00:16Z,2026-27,MIA,Nikola Jovic,1631107.0,,standard,16200000.0,RK-EXT,16200000.0,23.0,SF,,,,standard,spotrac_v3,,
2026-09-03T23:00:16Z,2026-27,MIA,Bobby Portis,1626171.0,,standard,14521414.0,FA,14521414.0,31.0,PF,,,,standard,spotrac_v3,,
2026-09-03T23:00:16Z,2026-27,MIA,Davion Mitchell,1630558.0,,standard,12400000.0,FA,12400000.0,28.0,PG,,,,standard,spotrac_v3,,
2026-09-03T23:00:16Z,2026-27,MIA,Tim Hardaway Jr.,203501.0,,standard,6065000.0,FA,6065000.0,34.0,SG,,,,standard,spotrac_v3,,
2026-09-03T23:00:16Z,2026-27,MIA,Klay Thompson,202691.0,,standard,5600000.0,FA,5600000.0,36.0,SG,,,,standard,spotrac_v3,,
2026-09-03T23:00:16Z,2026-27,MIA,Dru Smith,1630696.0,,standard,2584539.0,FA,2584539.0,29.0,SG,,,,standard,spotrac_v3,,
2026-09-03T23:00:16Z,2026-27,MIA,Myron Gardner,1642066.0,,standard,2584539.0,ROS,250000.0,25.0,G,,,,non_guaranteed,spotrac_v3,,
2026-09-03T23:00:16Z,2026-27,MIA,Simone Fontecchio,1631323.0,,standard,2449421.0,FA,2625627.0,31.0,SF,,,,standard,spotrac_v3,,
2026-09-03T23:00:16Z,2026-27,MIA,Nick Richards,1630208.0,,standard,2449421.0,FA,0.0,29.0,C,,,,standard,spotrac_v3,,
2026-09-03T23:00:16Z,2026-27,MIA,Pelle Larsson,1641796.0,,standard,2296271.0,RK-2ND,0.0,25.0,SG,,,,standard,spotrac_v3,,
2026-09-03T23:00:16Z,2026-27,MIA,Ryan Conwell,,,standard,1357763.0,RK-2ND,1357763.0,22.0,SG,,,,standard,spotrac_v3,,
2026-09-03T23:00:20Z,2026-27,MIL,Tyler Herro,1629639.0,,standard,33000000.0,RK-EXT,33000000.0,27.0,SG,,,,standard,spotrac_v3,,
2026-09-03T23:00:20Z,2026-27,MIL,Myles Turner,1626167.0,,standard,26584164.0,FA,26584164.0,30.0,C,,,,standard,spotrac_v3,,
2026-09-03T23:00:20Z,2026-27,MIL,Kyle Kuzma,1628398.0,,standard,20490152.0,FA,19431819.0,31.0,PF,,,,non_guaranteed,spotrac_v3,,
2026-09-03T23:00:20Z,2026-27,MIL,Gary Trent Jr.,1629018.0,,standard,15200000.0,FA,15200000.0,28.0,SG,,,,standard,spotrac_v3,,
2026-09-03T23:00:20Z,2026-27,MIL,Caris LeVert,1627747.0,,standard,14809200.0,FA,14809200.0,32.0,SG,,,,standard,spotrac_v3,,
2026-09-03T23:00:20Z,2026-27,MIL,AJ Green,1631260.0,,standard,10044644.0,VET-EXT,10044644.0,27.0,SG,,,,standard,spotrac_v3,,
2026-09-03T23:00:20Z,2026-27,MIL,Brayden Burries,,,standard,6417360.0,RK-1ST,6417360.0,21.0,SG,,,,standard,spotrac_v3,,
2026-09-03T23:00:20Z,2026-27,MIL,Jaime Jaquez Jr.,1631170.0,,standard,5939141.0,RK-1ST,5939141.0,25.0,SF,,,,standard,spotrac_v3,,
2026-09-03T23:00:20Z,2026-27,MIL,Ousmane Dieng,1631172.0,,standard,5750000.0,FA,5750000.0,23.0,SF,,,,standard,spotrac_v3,,
2026-09-03T23:00:20Z,2026-27,MIL,Nate Ament,,,standard,5502000.0,RK-1ST,5502000.0,20.0,PF,,,,standard,spotrac_v3,,
2026-09-03T23:00:20Z,2026-27,MIL,Kevin Porter Jr.,1629645.0,,standard,5390700.0,FA,5390700.0,26.0,PG,,,,standard,spotrac_v3,,
2026-09-03T23:00:20Z,2026-27,MIL,Kel'el Ware,1642276.0,,standard,4654920.0,RK-1ST,0.0,22.0,C,,,,standard,spotrac_v3,,
2026-09-03T23:00:20Z,2026-27,MIL,Ryan Rollins,1631157.0,,standard,4000000.0,FA,4000000.0,24.0,SG,,,,standard,spotrac_v3,,
2026-09-03T23:00:20Z,2026-27,MIL,Kasparas Jakucionis,1642857.0,,standard,3841680.0,RK-1ST,3841680.0,20.0,PG,,,,standard,spotrac_v3,,
2026-09-03T23:00:20Z,2026-27,MIL,Jericho Sims,1630579.0,,standard,2801346.0,FA,2801346.0,28.0,C,,,,standard,spotrac_v3,,
2026-09-03T23:00:20Z,2026-27,MIL,Pete Nance,1631250.0,,standard,2537526.0,FA,0.0,26.0,PF,,,,standard,spotrac_v3,,
2026-09-03T23:00:20Z,2026-27,MIL,Bogoljub Marković,,,standard,1357763.0,RK-2ND,1357763.0,21.0,PF,,,,standard,spotrac_v3,,
2026-09-03T22:56:03Z,2026-27,MIN,Jonathan Kuminga,1630228.0,,standard,6064000.0,FA,6064000.0,24.0,PF,,,,official,spotrac_v3,terms_not_released_by_team,2026-09-09
2026-09-03T22:56:03Z,2026-27,MIN,Anthony Edwards,1630162.0,,standard,48924624.0,DRK-EXT,48924624.0,25.0,SG,,,,standard,spotrac_v3,,
2026-09-03T22:56:03Z,2026-27,MIN,LaMelo Ball,1630163.0,,standard,40770520.0,DRK-EXT,40770520.0,25.0,PG,,,,standard,spotrac_v3,,
2026-09-03T22:56:03Z,2026-27,MIN,Rudy Gobert,203497.0,,standard,36500000.0,VET-EXT,36500000.0,34.0,C,,,,standard,spotrac_v3,,
2026-09-03T22:56:03Z,2026-27,MIN,Jaden McDaniels,1630183.0,,standard,26200000.0,RK-EXT,26200000.0,26.0,PF,,,,standard,spotrac_v3,,
2026-09-03T22:56:03Z,2026-27,MIN,Ayo Dosunmu,1630245.0,,standard,19310345.0,FA,19310345.0,27.0,PG,,,,standard,spotrac_v3,,
2026-09-03T22:56:03Z,2026-27,MIN,Donte DiVincenzo,1628978.0,,standard,12535000.0,FA,12535000.0,30.0,SG,,,,standard,spotrac_v3,,
2026-09-03T22:56:03Z,2026-27,MIN,Cody Williams,1642262.0,,standard,6015600.0,RK-1ST,6015600.0,22.0,SG,,,,standard,spotrac_v3,,
2026-09-03T22:56:03Z,2026-27,MIN,Joan Beringer,1642866.0,,standard,4411200.0,RK-1ST,4411200.0,20.0,C,,,,standard,spotrac_v3,,
2026-09-03T22:56:03Z,2026-27,MIN,Jaylen Clark,1641740.0,,standard,3086420.0,FA,3086420.0,25.0,SG,,,,standard,spotrac_v3,,
2026-09-03T22:56:03Z,2026-27,MIN,Nah'Shon Hyland,1630538.0,,standard,2845883.0,FA,2845883.0,26.0,PG,,,,standard,spotrac_v3,,
2026-09-03T22:56:03Z,2026-27,MIN,Terrence Shannon Jr.,1630545.0,,standard,2801640.0,RK-1ST,2801640.0,26.0,SG,,,,standard,spotrac_v3,,
2026-09-03T22:56:03Z,2026-27,MIN,Trey Lyles,1626168.0,,standard,2449421.0,FA,1500000.0,31.0,PF,,,,non_guaranteed,spotrac_v3,,
2026-09-03T22:56:03Z,2026-27,MIN,Isaiah Evans,,,standard,1357763.0,RK-2ND,1357763.0,21.0,SG,,,,standard,spotrac_v3,,
2026-09-03T23:00:26Z,2026-27,NOP,Bennedict Mathurin,1631097.0,,standard,7804878.0,FA,7804878.0,24.0,SG,,,,official,spotrac_v3,terms_not_released_by_team,2026-09-09
2026-09-03T23:00:26Z,2026-27,NOP,Zion Williamson,1629627.0,,standard,42166510.0,DRK-EXT,42166510.0,26.0,PF,,,,standard,spotrac_v3,,
2026-09-03T23:00:26Z,2026-27,NOP,Jordan Poole,1629673.0,,standard,34044642.0,RK-EXT,34044642.0,27.0,SG,,,,standard,spotrac_v3,,
2026-09-03T23:00:26Z,2026-27,NOP,Dejounte Murray,1627749.0,,standard,32785071.0,VET-EXT,28767536.0,30.0,PG,,,,non_guaranteed,spotrac_v3,,
2026-09-03T23:00:26Z,2026-27,NOP,Trey Murphy III,1630530.0,,standard,27000000.0,RK-EXT,27000000.0,26.0,SF,,,,standard,spotrac_v3,,
2026-09-03T23:00:26Z,2026-27,NOP,Herb Jones,1630529.0,,standard,14898786.0,FA,14898786.0,28.0,SF,,,,standard,spotrac_v3,,
2026-09-03T23:00:26Z,2026-27,NOP,Jeremiah Fears,1642847.0,,standard,7896240.0,RK-1ST,7896240.0,20.0,PG,,,,standard,spotrac_v3,,
2026-09-03T23:00:26Z,2026-27,NOP,Jordan Hawkins,1641722.0,,standard,7021895.0,RK-1ST,7021895.0,24.0,SG,,,,standard,spotrac_v3,,
2026-09-03T23:00:26Z,2026-27,NOP,Saddiq Bey,1630180.0,,standard,6557080.0,FA,6440678.0,27.0,SF,,,,non_guaranteed,spotrac_v3,,
2026-09-03T23:00:26Z,2026-27,NOP,Derik Queen,1642852.0,,standard,5416080.0,RK-1ST,5416080.0,22.0,C,,,,standard,spotrac_v3,,
2026-09-03T23:00:26Z,2026-27,NOP,DeAndre Jordan,201599.0,,standard,3876529.0,FA,3876529.0,38.0,C,,,,standard,spotrac_v3,,
2026-09-03T23:00:26Z,2026-27,NOP,Yves Missi,1642274.0,,standard,3512760.0,RK-1ST,3512760.0,22.0,C,,,,standard,spotrac_v3,,
2026-09-03T23:00:26Z,2026-27,NOP,Bryce McGowens,1631121.0,,standard,2584539.0,ROS,2584539.0,24.0,SG,,,,standard,spotrac_v3,,
2026-09-03T23:00:26Z,2026-27,NOP,Trendon Watford,1630570.0,,standard,2449421.0,FA,250000.0,26.0,PF,,,,non_guaranteed,spotrac_v3,,
2026-09-03T23:00:26Z,2026-27,NOP,Karlo Matkovic,1631255.0,,standard,2296271.0,RK-2ND,2296271.0,25.0,PF,,,,standard,spotrac_v3,,
2026-09-03T23:00:26Z,2026-27,NOP,Micah Peavy,1642877.0,,standard,2150917.0,RK-2ND,2150917.0,25.0,SG,,,,standard,spotrac_v3,,
2026-09-03T23:00:32Z,2026-27,NYK,Karl-Anthony Towns,1626157.0,,standard,57078728.0,DVET-EXT,57078728.0,31.0,C,,,,standard,spotrac_v3,,
2026-09-03T23:00:32Z,2026-27,NYK,OG Anunoby,1628384.0,,standard,42500000.0,FA,42500000.0,29.0,SF,,,,standard,spotrac_v3,,
2026-09-03T23:00:32Z,2026-27,NYK,Jalen Brunson,1628973.0,,standard,37739521.0,VET-EXT,37739521.0,30.0,PG,,,,standard,spotrac_v3,,
2026-09-03T23:00:32Z,2026-27,NYK,Mikal Bridges,1628969.0,,standard,33482145.0,VET-EXT,33482145.0,30.0,SF,,,,standard,spotrac_v3,,
2026-09-03T23:00:32Z,2026-27,NYK,Josh Hart,1628404.0,,standard,20923760.0,VET-EXT,20923760.0,31.0,SG,,,,standard,spotrac_v3,,
2026-09-03T23:00:32Z,2026-27,NYK,Landry Shamet,1629013.0,,standard,5490967.0,FA,5490967.0,29.0,SG,,,,standard,spotrac_v3,,
2026-09-03T23:00:32Z,2026-27,NYK,Jose Alvarado,1630631.0,,standard,4439656.0,FA,4439656.0,28.0,PG,,,,standard,spotrac_v3,,
2026-09-03T23:00:32Z,2026-27,NYK,Miles McBride,1630540.0,,standard,3956523.0,VET-EXT,3956523.0,26.0,PG,,,,standard,spotrac_v3,,
2026-09-03T23:00:32Z,2026-27,NYK,Pacome Dadiet,1642359.0,,standard,2983680.0,RK-1ST,2983680.0,21.0,SG,,,,standard,spotrac_v3,,
2026-09-03T23:00:32Z,2026-27,NYK,Mohamed Diawara,1642885.0,,standard,2622139.0,FA,2622139.0,21.0,PF,,,,standard,spotrac_v3,,
2026-09-03T23:00:32Z,2026-27,NYK,Andre Drummond,203083.0,,standard,2449421.0,FA,3876529.0,33.0,C,,,,standard,spotrac_v3,,
2026-09-03T23:00:32Z,2026-27,NYK,Jordan Clarkson,203903.0,,standard,2449421.0,FA,3876529.0,34.0,SG,,,,standard,spotrac_v3,,
2026-09-03T23:00:32Z,2026-27,NYK,Tyler Kolek,1642278.0,,standard,2296271.0,RK-2ND,2296271.0,25.0,PG,,,,standard,spotrac_v3,,
2026-09-03T23:00:41Z,2026-27,OKC,Jalen Williams,1631114.0,,standard,41240250.0,DRK-EXT,41240250.0,25.0,SF,,,,standard,spotrac_v3,,
2026-09-03T23:00:41Z,2026-27,OKC,Chet Holmgren,1631096.0,,standard,41240250.0,rookie-maximum-extension,41240250.0,24.0,C,,,,standard,spotrac_v3,,
2026-09-03T23:00:41Z,2026-27,OKC,Shai Gilgeous-Alexander,1628983.0,,standard,40806150.0,DRK-EXT,40806150.0,28.0,PG,,,,standard,spotrac_v3,,
2026-09-03T23:00:41Z,2026-27,OKC,Isaiah Hartenstein,1628392.0,,standard,23148148.0,FA,23148148.0,28.0,C,,,,standard,spotrac_v3,,
2026-09-03T23:00:41Z,2026-27,OKC,Alex Caruso,1627936.0,,standard,19550160.0,VET-EXT,19550160.0,32.0,SG,,,,standard,spotrac_v3,,
2026-09-03T23:00:41Z,2026-27,OKC,Jaylin Williams,1631119.0,,standard,7774648.0,VET-EXT,7774648.0,24.0,C,,,,standard,spotrac_v3,,
2026-09-03T23:00:41Z,2026-27,OKC,Cason Wallace,1641717.0,,standard,7420806.0,RK-1ST,7420806.0,23.0,PG,,,,standard,spotrac_v3,,
2026-09-03T23:00:41Z,2026-27,OKC,Aday Mara,,,standard,5791680.0,RK-1ST,5791680.0,21.0,C,,,,standard,spotrac_v3,,
2026-09-03T23:00:41Z,2026-27,OKC,Nikola Topic,1642260.0,,standard,5429760.0,RK-1ST,5429760.0,21.0,PG,,,,standard,spotrac_v3,,
2026-09-03T23:00:41Z,2026-27,OKC,Kenrich Williams,1629026.0,,standard,5000000.0,FA,5000000.0,32.0,PF,,,,standard,spotrac_v3,,
2026-09-03T23:00:41Z,2026-27,OKC,Thomas Sorber,,,standard,4887720.0,RK-1ST,4887720.0,21.0,C,,,,standard,spotrac_v3,,
2026-09-03T23:00:41Z,2026-27,OKC,Bennett Stirtz,,,standard,4717320.0,RK-1ST,4717320.0,23.0,PG,,,,standard,spotrac_v3,,
2026-09-03T23:00:41Z,2026-27,OKC,Jared McCain,1642272.0,,standard,4422600.0,RK-1ST,4422600.0,22.0,PG,,,,standard,spotrac_v3,,
2026-09-03T23:00:41Z,2026-27,OKC,Ajay Mitchell,1642349.0,,standard,2850000.0,FA,1500000.0,24.0,PG,,,,non_guaranteed,spotrac_v3,,
2026-09-03T23:00:49Z,2026-27,ORL,Franz Wagner,1630532.0,,standard,41754690.0,DRK-EXT,41754690.0,25.0,SF,,,,standard,spotrac_v3,,
2026-09-03T23:00:49Z,2026-27,ORL,Paolo Banchero,1631094.0,,standard,41240250.0,DRK-EXT,41240250.0,24.0,PF,,,,standard,spotrac_v3,,
2026-09-03T23:00:49Z,2026-27,ORL,Desmond Bane,1630217.0,,standard,39446090.0,RK-EXT,39446090.0,28.0,SG,,,,standard,spotrac_v3,,
2026-09-03T23:00:49Z,2026-27,ORL,Jalen Suggs,1630591.0,,standard,32400000.0,RK-EXT,32400000.0,25.0,SG,,,,standard,spotrac_v3,,
2026-09-03T23:00:49Z,2026-27,ORL,Wendell Carter Jr.,1628976.0,,standard,18102000.0,VET-EXT,18102000.0,27.0,C,,,,standard,spotrac_v3,,
2026-09-03T23:00:49Z,2026-27,ORL,Anthony Black,1641710.0,,standard,10106316.0,RK-1ST,10106316.0,23.0,SG,,,,standard,spotrac_v3,,
2026-09-03T23:00:49Z,2026-27,ORL,Goga Bitadze,1629048.0,,standard,7608696.0,FA,7608696.0,27.0,C,,,,standard,spotrac_v3,,
2026-09-03T23:00:49Z,2026-27,ORL,Tristan Da Silva,1641783.0,,standard,3991200.0,RK-1ST,3991200.0,25.0,SF,,,,standard,spotrac_v3,,
2026-09-03T23:00:49Z,2026-27,ORL,Jase Richardson,1642859.0,,standard,3132360.0,RK-1ST,3132360.0,21.0,SG,,,,standard,spotrac_v3,,
2026-09-03T23:00:49Z,2026-27,ORL,Jamal Cain,1631288.0,,standard,2584539.0,ROS,0.0,27.0,SF,,,,standard,spotrac_v3,,
2026-09-03T23:00:49Z,2026-27,ORL,Jevon Carter,1628975.0,,standard,2449421.0,FA,3506659.0,31.0,PG,,,,standard,spotrac_v3,,
2026-09-03T23:00:49Z,2026-27,ORL,Jonathan Isaac,1628371.0,,standard,2449421.0,FA,3524115.0,29.0,PF,,,,standard,spotrac_v3,,
2026-09-03T23:00:49Z,2026-27,ORL,Nikola Vucevic,202696.0,,standard,2449421.0,FA,3876529.0,36.0,C,,,,standard,spotrac_v3,,
2026-09-03T23:00:49Z,2026-27,ORL,Noah Penda,1642869.0,,standard,2150917.0,RK-2ND,2150917.0,22.0,SF,,,,standard,spotrac_v3,,
2026-09-03T23:00:55Z,2026-27,PHI,Joel Embiid,203954.0,,standard,57985752.0,VET-EXT,57985752.0,32.0,C,,,,standard,spotrac_v3,,
2026-09-03T23:00:55Z,2026-27,PHI,Jaylen Brown,1627759.0,,standard,57736350.0,DVET-EXT,57078728.0,30.0,SF,,,,non_guaranteed,spotrac_v3,,
2026-09-03T23:00:55Z,2026-27,PHI,Tyrese Maxey,1630178.0,,standard,40770520.0,FA,40770520.0,26.0,PG,,,,standard,spotrac_v3,,
2026-09-03T23:00:55Z,2026-27,PHI,VJ Edgecombe,1642845.0,,standard,11663880.0,RK-1ST,11663880.0,21.0,SG,,,,standard,spotrac_v3,,
2026-09-03T23:00:55Z,2026-27,PHI,Dean Wade,1629731.0,,standard,9000000.0,FA,9000000.0,30.0,PF,,,,standard,spotrac_v3,,
2026-09-03T23:00:55Z,2026-27,PHI,Anfernee Simons,1629014.0,,standard,6000000.0,FA,6000000.0,27.0,SG,,,,standard,spotrac_v3,,
2026-09-03T23:00:55Z,2026-27,PHI,LeBron James,2544.0,,standard,3876529.0,FA,3876529.0,42.0,PF,,,,standard,spotrac_v3,,
2026-09-03T23:00:55Z,2026-27,PHI,Labaron Philon Jr.,,,standard,3597120.0,RK-1ST,3597120.0,21.0,PG,,,,standard,spotrac_v3,,
2026-09-03T23:00:55Z,2026-27,PHI,Dominick Barlow,1631230.0,,standard,3415000.0,ROS,3415000.0,23.0,PF,,,,standard,spotrac_v3,,
2026-09-03T23:00:55Z,2026-27,PHI,Ariel Hukporti,1630574.0,,standard,3400000.0,FA,3400000.0,24.0,C,,,,standard,spotrac_v3,,
2026-09-03T23:00:55Z,2026-27,PHI,Jabari Walker,1631133.0,,standard,2584539.0,ROS,250000.0,24.0,SF,,,,non_guaranteed,spotrac_v3,,
2026-09-03T23:00:55Z,2026-27,PHI,Kentavious Caldwell-Pope,203484.0,,standard,2449421.0,FA,3876529.0,33.0,SG,,,,standard,spotrac_v3,,
2026-09-03T23:00:55Z,2026-27,PHI,Justin Edwards,1642348.0,,standard,2411090.0,FA,2411090.0,23.0,SG,,,,standard,spotrac_v3,,
2026-09-03T23:00:55Z,2026-27,PHI,Adem Bona,1641737.0,,standard,2296271.0,RK-2ND,2296271.0,23.0,C,,,,standard,spotrac_v3,,
2026-09-03T23:01:00Z,2026-27,PHX,Devin Booker,1626164.0,,standard,57078728.0,DVET-EXT,57078728.0,30.0,SG,,,,standard,spotrac_v3,,
2026-09-03T23:01:00Z,2026-27,PHX,Jalen Green,1630224.0,,standard,36251166.0,RK-EXT,36000000.0,24.0,SG,,,,non_guaranteed,spotrac_v3,,
2026-09-03T23:01:00Z,2026-27,PHX,Miles Bridges,1628970.0,,standard,22826087.0,FA,22826087.0,28.0,SF,,,,standard,spotrac_v3,,
2026-09-03T23:01:00Z,2026-27,PHX,Dillon Brooks,1628415.0,,standard,20992727.0,S&T,19992727.0,31.0,SF,,,,non_guaranteed,spotrac_v3,,
2026-09-03T23:01:00Z,2026-27,PHX,Mark Williams,1631109.0,,standard,11728395.0,FA,11728395.0,25.0,C,,,,standard,spotrac_v3,,
2026-09-03T23:01:00Z,2026-27,PHX,Collin Gillespie,1631221.0,,standard,10714286.0,FA,10714286.0,27.0,PG,,,,standard,spotrac_v3,,
2026-09-03T23:01:00Z,2026-27,PHX,Khaman Maluach,1642863.0,,standard,6316680.0,RK-1ST,6316680.0,20.0,C,,,,standard,spotrac_v3,,
2026-09-03T23:01:00Z,2026-27,PHX,Luke Kennard,1628379.0,,standard,6064000.0,FA,6064000.0,30.0,SG,,,,standard,spotrac_v3,,
2026-09-03T23:01:00Z,2026-27,PHX,Jordan Goodwin,1630692.0,,standard,5864198.0,FA,5864198.0,28.0,PG,,,,standard,spotrac_v3,,
2026-09-03T23:01:00Z,2026-27,PHX,Koa Peat,,,standard,2926800.0,RK-1ST,2926800.0,20.0,PF,,,,standard,spotrac_v3,,
2026-09-03T23:01:00Z,2026-27,PHX,Ryan Dunn,1642346.0,,standard,2784240.0,RK-1ST,2784240.0,24.0,SF,,,,standard,spotrac_v3,,
2026-09-03T23:01:00Z,2026-27,PHX,Jamaree Bouyea,1631123.0,,standard,2584539.0,ROS,0.0,27.0,PG,,,,standard,spotrac_v3,,
2026-09-03T23:01:00Z,2026-27,PHX,Haywood Highsmith,1629312.0,,standard,2449421.0,FA,0.0,30.0,F,,,,standard,spotrac_v3,,
2026-09-03T23:01:00Z,2026-27,PHX,Oso Ighodaro,1642345.0,,standard,2296271.0,RK-2ND,2296271.0,24.0,C,,,,standard,spotrac_v3,,
2026-09-03T23:01:00Z,2026-27,PHX,Rasheer Fleming,1642853.0,,standard,2150917.0,RK-2ND,2150917.0,22.0,PF,,,,standard,spotrac_v3,,
2026-09-03T23:01:09Z,2026-27,POR,Ja Morant,1629630.0,,standard,42166510.0,DRK-EXT,42166510.0,27.0,PG,,,,standard,spotrac_v3,,
2026-09-03T23:01:09Z,2026-27,POR,Jrue Holiday,201950.0,,standard,34800000.0,VET-EXT,34800000.0,36.0,PG,,,,standard,spotrac_v3,,
2026-09-03T23:01:09Z,2026-27,POR,Shaedon Sharpe,1631101.0,,standard,20089287.0,RK-EXT,20089287.0,23.0,SG,,,,standard,spotrac_v3,,
2026-09-03T23:01:09Z,2026-27,POR,Toumani Camara,1641739.0,,standard,18080358.0,VET-EXT,18080358.0,26.0,PF,,,,standard,spotrac_v3,,
2026-09-03T23:01:09Z,2026-27,POR,Robert Williams III,1629057.0,,standard,14000000.0,VET-EXT,14000000.0,29.0,C,,,,standard,spotrac_v3,,
2026-09-03T23:01:09Z,2026-27,POR,Scoot Henderson,1630703.0,,standard,13585523.0,RK-1ST,13585523.0,22.0,PG,,,,standard,spotrac_v3,,
2026-09-03T23:01:09Z,2026-27,POR,Damian Lillard,203081.0,,standard,13398000.0,FA,13398000.0,36.0,PG,,,,standard,spotrac_v3,,
2026-09-03T23:01:09Z,2026-27,POR,Deni Avdija,1630166.0,,standard,13125000.0,RK-EXT,13125000.0,26.0,SF,,,,standard,spotrac_v3,,
2026-09-03T23:01:09Z,2026-27,POR,Donovan Clingan,1642270.0,,standard,7519920.0,RK-1ST,0.0,22.0,C,,,,standard,spotrac_v3,,
2026-09-03T23:01:09Z,2026-27,POR,Yang Hansen,1642905.0,,standard,4643520.0,RK-1ST,4643520.0,21.0,C,,,,standard,spotrac_v3,,
2026-09-03T23:01:09Z,2026-27,POR,Micah Potter,1630695.0,,standard,2801346.0,ROS,0.0,28.0,C,,,,standard,spotrac_v3,,
2026-09-03T23:01:09Z,2026-27,POR,Vit Krejci,1630249.0,,standard,2667944.0,FA,250000.0,26.0,PG,,,,non_guaranteed,spotrac_v3,,
2026-09-03T23:01:09Z,2026-27,POR,Sidy Cissoko,1631321.0,,standard,2497812.0,ROS,2497812.0,22.0,SG,,,,standard,spotrac_v3,,
2026-09-03T23:01:09Z,2026-27,POR,Branden Carlson,1642382.0,,standard,2449421.0,FA,2449421.0,27.0,C,,,,standard,spotrac_v3,,
2026-09-03T23:01:17Z,2026-27,SAC,Zach LaVine,203897.0,,standard,48967380.0,FA,48967380.0,31.0,SG,,,,standard,spotrac_v3,,
2026-09-03T23:01:17Z,2026-27,SAC,Domantas Sabonis,1627734.0,,standard,45472000.0,VET-EXT,45472000.0,30.0,C,,,,standard,spotrac_v3,,
2026-09-03T23:01:17Z,2026-27,SAC,De'Andre Hunter,1629631.0,,standard,24910714.0,RK-EXT,24910714.0,29.0,SF,,,,standard,spotrac_v3,,
2026-09-03T23:01:17Z,2026-27,SAC,Keegan Murray,1631099.0,,standard,24137936.0,RK-EXT,24137936.0,26.0,PF,,,,standard,spotrac_v3,,
2026-09-03T23:01:17Z,2026-27,SAC,Malik Monk,1628370.0,,standard,20190035.0,FA,20190035.0,28.0,SG,,,,standard,spotrac_v3,,
2026-09-03T23:01:17Z,2026-27,SAC,Darius Acuff Jr.,,,standard,8021640.0,RK-1ST,8021640.0,20.0,PG,,,,standard,spotrac_v3,,
2026-09-03T23:01:17Z,2026-27,SAC,Precious Achiuwa,1630173.0,,standard,5477000.0,FA,5477000.0,27.0,PF,,,,standard,spotrac_v3,,
2026-09-03T23:01:17Z,2026-27,SAC,Nique Clifford,1642363.0,,standard,3263400.0,RK-1ST,3263400.0,24.0,SF,,,,standard,spotrac_v3,,
2026-09-03T23:01:17Z,2026-27,SAC,Alex Karaban,,,standard,2948280.0,RK-1ST,2948280.0,24.0,PF,,,,standard,spotrac_v3,,
2026-09-03T23:01:17Z,2026-27,SAC,Daeqwon Plowden,1631342.0,,standard,2449421.0,FA,2449421.0,28.0,G,,,,standard,spotrac_v3,,
2026-09-03T23:01:17Z,2026-27,SAC,Maxime Raynaud,1642875.0,,standard,2150918.0,RK-2ND,2150918.0,23.0,C,,,,standard,spotrac_v3,,
2026-09-03T23:01:17Z,2026-27,SAC,Dylan Cardwell,1642928.0,,standard,2150917.0,ROS,2150917.0,25.0,PF,,,,standard,spotrac_v3,,
2026-09-03T23:01:17Z,2026-27,SAC,Emanuel Sharp,,,standard,1357763.0,RK-2ND,1357763.0,22.0,PG,,,,standard,spotrac_v3,,
2026-09-03T23:01:27Z,2026-27,SAS,De'Aaron Fox,1628368.0,,standard,49488300.0,VET-EXT,49488300.0,29.0,PG,,,,standard,spotrac_v3,,
2026-09-03T23:01:27Z,2026-27,SAS,Devin Vassell,1630170.0,,standard,27500000.0,RK-EXT,27000000.0,26.0,SG,,,,non_guaranteed,spotrac_v3,,
2026-09-03T23:01:27Z,2026-27,SAS,Keldon Johnson,1629640.0,,standard,18000000.0,RK-EXT,17500000.0,27.0,SF,,,,non_guaranteed,spotrac_v3,,
2026-09-03T23:01:27Z,2026-27,SAS,Victor Wembanyama,1641705.0,,standard,16868246.0,RK-1ST,16868246.0,23.0,C,,,,standard,spotrac_v3,,
2026-09-03T23:01:27Z,2026-27,SAS,Julian Champagnie,1630577.0,,standard,15350000.0,VET-EXT,15350000.0,25.0,SF,,,,standard,spotrac_v3,,
2026-09-03T23:01:27Z,2026-27,SAS,Tobias Harris,202699.0,,standard,15044000.0,FA,15044000.0,34.0,PF,,,,standard,spotrac_v3,,
2026-09-03T23:01:27Z,2026-27,SAS,Dylan Harper,1642844.0,,standard,12989040.0,RK-1ST,12989040.0,20.0,PG,,,,standard,spotrac_v3,,
2026-09-03T23:01:27Z,2026-27,SAS,Luke Kornet,1628436.0,,standard,10450000.0,FA,10450000.0,31.0,C,,,,standard,spotrac_v3,,
2026-09-03T23:01:27Z,2026-27,SAS,Stephon Castle,1642264.0,,standard,10015920.0,RK-1ST,10015920.0,22.0,PG,,,,standard,spotrac_v3,,
2026-09-03T23:01:27Z,2026-27,SAS,Harrison Barnes,203084.0,,standard,8000000.0,FA,8000000.0,34.0,PF,,,,standard,spotrac_v3,,
2026-09-03T23:01:27Z,2026-27,SAS,Carter Bryant,1642868.0,,standard,5145360.0,RK-1ST,5145360.0,21.0,PF,,,,standard,spotrac_v3,,
2026-09-03T23:01:27Z,2026-27,SAS,Jayden Quaintance,,,standard,3902760.0,RK-1ST,3902760.0,19.0,C,,,,standard,spotrac_v3,,
2026-09-03T23:01:27Z,2026-27,SAS,Tarris Reed Jr.,,,standard,3076920.0,RK-1ST,3076920.0,23.0,C,,,,standard,spotrac_v3,,
2026-09-03T23:01:27Z,2026-27,SAS,Jordan McLaughlin,1629162.0,,standard,2449421.0,FA,3286399.0,30.0,PG,,,,standard,spotrac_v3,,
2026-09-03T23:01:36Z,2026-27,TOR,Kawhi Leonard,202695.0,,standard,50300000.0,VET-EXT,50300000.0,35.0,SF,,,,official,spotrac_v3,terms_not_released_by_team,2026-09-09
2026-09-03T23:01:36Z,2026-27,TOR,Scottie Barnes,1630567.0,,standard,41754690.0,DRK-EXT,41754690.0,25.0,PF,,,,standard,spotrac_v3,,
2026-09-03T23:01:36Z,2026-27,TOR,Immanuel Quickley,1630193.0,,standard,32500000.0,FA,32500000.0,27.0,PG,,,,standard,spotrac_v3,,
2026-09-03T23:01:36Z,2026-27,TOR,R.J. Barrett,1629628.0,,standard,29616071.0,RK-EXT,29616071.0,26.0,SG,,,,standard,spotrac_v3,,
2026-09-03T23:01:36Z,2026-27,TOR,Jakob Poeltl,1627751.0,,standard,19500000.0,FA,19500000.0,31.0,C,,,,standard,spotrac_v3,,
2026-09-03T23:01:36Z,2026-27,TOR,Collin Murray-Boyles,1642867.0,,standard,6649560.0,RK-1ST,6649560.0,21.0,PF,,,,standard,spotrac_v3,,
2026-09-03T23:01:36Z,2026-27,TOR,Allen Graves,,,standard,4065720.0,RK-1ST,4065720.0,20.0,PF,,,,standard,spotrac_v3,,
2026-09-03T23:01:36Z,2026-27,TOR,Ja'Kobe Walter,1642266.0,,standard,3811800.0,RK-1ST,3811800.0,22.0,SG,,,,standard,spotrac_v3,,
2026-09-03T23:01:36Z,2026-27,TOR,Kyle Anderson,203937.0,,standard,2449421.0,FA,3876529.0,33.0,PF,,,,standard,spotrac_v3,,
2026-09-03T23:01:36Z,2026-27,TOR,Trayce Jackson-Davis,1631218.0,,standard,2406205.0,RK-2ND,0.0,26.0,PF,,,,standard,spotrac_v3,,
2026-09-03T23:01:36Z,2026-27,TOR,Jamal Shead,1642347.0,,standard,2296271.0,RK-2ND,2296271.0,24.0,PG,,,,standard,spotrac_v3,,
2026-09-03T23:01:36Z,2026-27,TOR,Jamison Battle,1642419.0,,standard,2296271.0,ROS,0.0,25.0,SF,,,,standard,spotrac_v3,,
2026-09-03T23:01:36Z,2026-27,TOR,Alijah Martin,1642918.0,,standard,2185116.0,FA,2185116.0,25.0,SG,,,,standard,spotrac_v3,,
2026-09-03T22:56:08Z,2026-27,UTA,Jaren Jackson Jr.,1628991.0,,standard,49000000.0,VET-EXT,49000000.0,27.0,PF,,,,standard,spotrac_v3,,
2026-09-03T22:56:08Z,2026-27,UTA,Lauri Markkanen,1628374.0,,standard,46113154.0,VET-EXT,46113154.0,29.0,PF,,,,standard,spotrac_v3,,
2026-09-03T22:56:08Z,2026-27,UTA,Josh Green,1630182.0,,standard,14679012.0,RK-EXT,14679012.0,26.0,SG,,,,standard,spotrac_v3,,
2026-09-03T22:56:08Z,2026-27,UTA,Darryn Peterson,1641809.0,,standard,13195320.0,RK-1ST,13195320.0,20.0,PG,,,,standard,spotrac_v3,,
2026-09-03T22:56:08Z,2026-27,UTA,Jusuf Nurkic,203994.0,,standard,11458333.0,FA,11458333.0,32.0,C,,,,standard,spotrac_v3,,
2026-09-03T22:56:08Z,2026-27,UTA,Ace Bailey,1642846.0,,standard,9523080.0,RK-1ST,9523080.0,20.0,SF,,,,standard,spotrac_v3,,
2026-09-03T22:56:08Z,2026-27,UTA,Keyonte George,1641718.0,,standard,6563925.0,RK-1ST,6563925.0,23.0,SG,,,,standard,spotrac_v3,,
2026-09-03T22:56:08Z,2026-27,UTA,Josh Okogie,1629006.0,,standard,6000000.0,FA,6000000.0,28.0,SG,,,,standard,spotrac_v3,,
2026-09-03T22:56:08Z,2026-27,UTA,Jaxson Hayes,1629637.0,,standard,6000000.0,FA,6000000.0,26.0,C,,,,standard,spotrac_v3,,
2026-09-03T22:56:08Z,2026-27,UTA,Brice Sensabaugh,1641729.0,,standard,4862237.0,RK-1ST,4862237.0,23.0,SF,,,,standard,spotrac_v3,,
2026-09-03T22:56:08Z,2026-27,UTA,Sviatoslav Mykhailiuk,1629004.0,,standard,3850000.0,FA,0.0,29.0,SG,,,,standard,spotrac_v3,,
2026-09-03T22:56:08Z,2026-27,UTA,Mohamed Bamba,1628964.0,,standard,3506659.0,FA,200000.0,28.0,C,,,,non_guaranteed,spotrac_v3,,
2026-09-03T22:56:08Z,2026-27,UTA,Kyle Filipowski,1642271.0,,standard,3000000.0,RK,0.0,23.0,PF,,,,standard,spotrac_v3,,
2026-09-03T22:56:08Z,2026-27,UTA,Isaiah Collier,1642268.0,,standard,2763960.0,RK-1ST,2763960.0,22.0,PG,,,,standard,spotrac_v3,,
2026-09-03T23:01:42Z,2026-27,WAS,Anthony Davis,203076.0,,standard,58456566.0,VET-EXT,58456566.0,33.0,C,,,,standard,spotrac_v3,,
2026-09-03T23:01:42Z,2026-27,WAS,Trae Young,1629027.0,,standard,49488300.0,FA,49488300.0,28.0,PG,,,,standard,spotrac_v3,,
2026-09-03T23:01:42Z,2026-27,WAS,AJ Dybantsa,,,standard,14748000.0,RK-1ST,14748000.0,20.0,SF,,,,standard,spotrac_v3,,
2026-09-03T23:01:42Z,2026-27,WAS,Alex Sarr,1642259.0,,standard,12370680.0,RK-1ST,12370680.0,21.0,PF,,,,standard,spotrac_v3,,
2026-09-03T23:01:42Z,2026-27,WAS,Bilal Coulibaly,1641731.0,,standard,9240012.0,RK-1ST,9240012.0,22.0,SF,,,,standard,spotrac_v3,,
2026-09-03T23:01:42Z,2026-27,WAS,Tre Johnson,1642848.0,,standard,8649600.0,RK-1ST,8649600.0,20.0,SG,,,,standard,spotrac_v3,,
2026-09-03T23:01:42Z,2026-27,WAS,Deandre Ayton,1629028.0,,standard,8104000.0,FA,8104000.0,28.0,C,,,,standard,spotrac_v3,,
2026-09-03T23:01:42Z,2026-27,WAS,Tre Mann,1630544.0,,standard,8000000.0,FA,8000000.0,25.0,PG,,,,standard,spotrac_v3,,
2026-09-03T23:01:42Z,2026-27,WAS,Khris Middleton,203114.0,,standard,5591122.0,S&T,5591122.0,35.0,SF,,,,standard,spotrac_v3,,
2026-09-03T23:01:42Z,2026-27,WAS,Bub Carrington,1642267.0,,standard,4900560.0,RK-1ST,4900560.0,21.0,PG,,,,standard,spotrac_v3,,
2026-09-03T23:01:42Z,2026-27,WAS,Will Riley,1642860.0,,standard,3688320.0,RK-1ST,3688320.0,20.0,SF,,,,standard,spotrac_v3,,
2026-09-03T23:01:42Z,2026-27,WAS,Kyshawn George,1642273.0,,standard,3108000.0,RK-1ST,3108000.0,23.0,SG,,,,standard,spotrac_v3,,
2026-09-03T23:01:42Z,2026-27,WAS,Tristan Vukcevic,1641774.0,,standard,3000000.0,ROS,3000000.0,23.0,C,,,,standard,spotrac_v3,,
2026-09-03T23:01:42Z,2026-27,WAS,Justin Champagnie,1630551.0,,standard,2667944.0,ROS,0.0,25.0,SF,,,,standard,spotrac_v3,,
