trade,year,rnd,from_team,to_team,origin_team,asset_type,protection,condition,verified,source_url,source_url_2
2026-07-10 four-team (MIN/CHA/BRK/CHI),2022,2,MIN,CHA,MIN,draft_rights,n/a,"NOT a pick - the retained draft rights to a previously drafted stash player. Hoops Rumors: Hornets received ""the draft rights to Matteo Spagnolo (from Timberwolves)."" Spagnolo was Minnesota's No. 50 overall selection in the 2022 draft (CBS Sports: ""Drafted by Timberwolves at No. 50""), hence year=2022, round=2. Included because it is a draft asset that moved, but it must not be counted as future capital.",True,https://www.hoopsrumors.com/2026/07/wolves-hornets-nets-bulls-finalize-four-team-trade.html,https://www.si.com/nba/hornets/onsi/full-details-of-the-hornets-four-team-trade-every-pick-and-player-charlotte-received
2026-07-10 four-team (MIN/CHA/BRK/CHI),2026,1,MIN,BRK,MIN,pick,n/a - already exercised,"This is the '2026 first to Brooklyn with Randle' in your reported version, and it is REAL, but it moved as already-exercised draft rights, not as a future pick: Hoops Rumors has Brooklyn receiving ""Julius Randle and the draft rights to Joshua Jefferson (No. 28 pick; from Timberwolves)."" SI's Hornets breakdown independently: ""Brooklyn Nets receive: F Julius Randle, No. 28 pick via Minnesota (F Joshua Jefferson)."" Minnesota's own 2026 first landed at No. 28; Brooklyn used it on Iowa State's Joshua Jefferson on draft night.",True,https://www.hoopsrumors.com/2026/07/wolves-hornets-nets-bulls-finalize-four-team-trade.html,https://www.si.com/nba/hornets/onsi/full-details-of-the-hornets-four-team-trade-every-pick-and-player-charlotte-received
2026-07-10 four-team (MIN/CHA/BRK/CHI),2026,2,BRK,MIN,BRK,pick,n/a - already exercised,"Return leg your feed is missing entirely. Hoops Rumors: Timberwolves received ""LaMelo Ball, Josh Green, and the draft rights to Isaiah Evans (No. 33 pick; from Nets)."" SI: ""Minnesota Timberwolves receive: G LaMelo Ball, G Josh Green, No. 33 pick via Brooklyn (G Isaiah Evans)."" Minnesota made the No. 33 selection itself (Duke's Isaiah Evans) to complete the Randle leg.",True,https://www.hoopsrumors.com/2026/07/wolves-hornets-nets-bulls-finalize-four-team-trade.html,https://www.si.com/nba/hornets/onsi/full-details-of-the-hornets-four-team-trade-every-pick-and-player-charlotte-received
2026-07-10 four-team (MIN/CHA/BRK/CHI),2028,1,MIN,CHA,MIN,swap_right,none reported,"Hoops Rumors: ""the right to swap their 2028 first-round pick for the Timberwolves' 2028 first-round pick"". Their swap-explainer adds: ""The Timberwolves haven't previously included their 2028 first-round pick in any trades, so the Hornets should have free rein to swap their own first-rounder for Minnesota's pick if the Wolves' selection is more favorable."" This is the only one of the three swaps not already encumbered by a prior trade.",True,https://www.hoopsrumors.com/2026/06/examining-the-pick-swaps-in-the-lamelo-ball-trade.html,https://www.si.com/nba/hornets/onsi/full-details-of-the-hornets-four-team-trade-every-pick-and-player-charlotte-received
2026-07-10 four-team (MIN/CHA/BRK/CHI),2029,1,MIN,CHA,MIN,swap_right,6-30 protected (per Hoops Rumors' transaction breakdown),"Hoops Rumors: ""the right to swap their 2029 first-round pick for the Timberwolves' 2029 first-round pick (6-30 protected)"". Heavily encumbered by the 2022 Gobert trade: ""Minnesota will only actually control its 2029 first-rounder if it lands in the top five."" Charlotte separately already controls ""the least favorable of the Jazz's, Cavaliers', and the Timberwolves' first-rounders in 2029 - or just the least favorable of Utah's and Cleveland's picks, if Minnesota's lands in the top five."" Hoops Rumors explicitly flags the resulting ambiguity: ""In that scenario, would the Hornets be able to swap either their own first-rounder or that least favorable Utah/Cleveland first-rounder for Minnesota's pick? Or will the swap rights only apply to their own pick? That's to be determined."" DO NOT model this swap as a clean MIN/CHA swap.",True,https://www.hoopsrumors.com/2026/06/examining-the-pick-swaps-in-the-lamelo-ball-trade.html,https://www.si.com/nba/hornets/onsi/full-details-of-the-hornets-four-team-trade-every-pick-and-player-charlotte-received
2026-07-10 four-team (MIN/CHA/BRK/CHI),2029,2,MIN,CHA,MIN,pick,none stated in the trade breakdown,"Hoops Rumors: ""the Timberwolves' 2029 second-round pick"". CAUTION: a secondary Wolves blog's post-trade ledger lists Minnesota's 2029 second as ""To Utah or Charlotte,"" implying a prior encumbrance. Not resolved by any tier-1/tier-2 source I could reach.",True,https://www.hoopsrumors.com/2026/07/wolves-hornets-nets-bulls-finalize-four-team-trade.html,https://www.si.com/nba/hornets/onsi/full-details-of-the-hornets-four-team-trade-every-pick-and-player-charlotte-received
2026-07-10 four-team (MIN/CHA/BRK/CHI),2030,1,MIN,CHA,MIN,swap_right,no protection reported on the CHA swap itself; the underlying MIN pick is already subject to a San Antonio swap,"Hoops Rumors' transaction breakdown says only ""a 2030 first-round pick swap"" with no further detail. Their swap explainer: San Antonio has ""the right to swap either the Mavs' or their own pick (whichever one is most favorable) for the Timberwolves' first-rounder, unless Minnesota's pick is No. 1 overall, in which case the Wolves will get to keep it,"" leaving Minnesota ""with whichever pick is least favorable out of"" its own or the more favorable Spurs/Mavericks selection. So what Charlotte can swap into in 2030 is that already-degraded residual pick.",True,https://www.hoopsrumors.com/2026/06/examining-the-pick-swaps-in-the-lamelo-ball-trade.html,https://www.si.com/nba/hornets/onsi/full-details-of-the-hornets-four-team-trade-every-pick-and-player-charlotte-received
2026-07-10 four-team (MIN/CHA/BRK/CHI),2032,2,MIN,CHA,MIN,pick,none stated,"Hoops Rumors: ""the Timberwolves' 2032 second-round pick"".",True,https://www.hoopsrumors.com/2026/07/wolves-hornets-nets-bulls-finalize-four-team-trade.html,https://www.si.com/nba/hornets/onsi/full-details-of-the-hornets-four-team-trade-every-pick-and-player-charlotte-received
2026-07-10 four-team (MIN/CHA/BRK/CHI),2033,1,MIN,CHA,MIN,pick,unprotected,"Outright conveyance of Minnesota's own 2033 first-round pick. Hoops Rumors: ""the Timberwolves' 2033 first-round pick""; ESPN: ""a 2033 unprotected first-round pick"".",True,https://www.hoopsrumors.com/2026/07/wolves-hornets-nets-bulls-finalize-four-team-trade.html,https://www.si.com/nba/hornets/onsi/full-details-of-the-hornets-four-team-trade-every-pick-and-player-charlotte-received
2026-07-10 four-team (MIN/CHA/BRK/CHI),2033,2,MIN,CHA,MIN,pick,none stated,"Hoops Rumors: ""the Timberwolves' 2033 second-round pick"".",True,https://www.hoopsrumors.com/2026/07/wolves-hornets-nets-bulls-finalize-four-team-trade.html,https://www.si.com/nba/hornets/onsi/full-details-of-the-hornets-four-team-trade-every-pick-and-player-charlotte-received
