team_id,lineup_id,period_start,clock_start_sec,period_end,clock_end_sec,duration_sec,possessions_off,possessions_def,points_for,points_against,in_garbage_time,game_id
1610612743,"203932,203999,1627750,1629661,1631128",1,720.0,1,387.0,333.0,13,13,12,21,False,0042500161
1610612743,"203501,203932,203999,1627750,1631128",1,387.0,1,122.0,265.0,11,11,10,9,False,0042500161
1610612743,"203501,203932,203999,1628971,1629661",1,122.0,1,92.0,30.0,2,2,1,1,False,0042500161
1610612743,"203501,203999,1628971,1629661,1642461",1,92.0,2,720.0,92.0,3,4,0,2,False,0042500161
1610612743,"202685,203501,1627750,1628971,1629661",2,720.0,2,463.0,257.0,8,8,14,11,False,0042500161
1610612743,"202685,203501,1627750,1628971,1642461",2,463.0,2,429.0,34.0,1,1,2,0,False,0042500161
1610612743,"203501,203999,1627750,1628971,1642461",2,429.0,2,365.0,64.0,1,2,0,4,False,0042500161
1610612743,"203501,203999,1628971,1629661,1642461",2,365.0,2,281.0,84.0,3,2,7,0,False,0042500161
1610612743,"203999,1628971,1629661,1631128,1642461",2,281.0,2,175.0,106.0,4,2,5,2,False,0042500161
1610612743,"203999,1627750,1629661,1631128,1642461",2,175.0,3,720.0,175.0,6,6,12,11,False,0042500161
1610612743,"203932,203999,1627750,1629661,1631128",3,720.0,3,406.0,314.0,12,11,13,6,False,0042500161
1610612743,"203501,203932,203999,1627750,1631128",3,406.0,3,305.0,101.0,2,3,2,0,False,0042500161
1610612743,"203501,203932,203999,1627750,1628971",3,305.0,3,177.0,128.0,6,4,6,6,False,0042500161
1610612743,"203501,203932,203999,1628971,1629661",3,177.0,3,130.0,47.0,1,2,0,2,False,0042500161
1610612743,"203501,203999,1628971,1629661,1631128",3,130.0,3,25.3,104.7,4,3,4,5,False,0042500161
1610612743,"203501,203999,1627750,1629661,1631128",3,25.3,4,720.0,25.3,1,1,0,2,False,0042500161
1610612743,"202685,203501,1627750,1629661,1631128",4,720.0,4,537.0,183.0,6,7,2,7,False,0042500161
1610612743,"203932,203999,1627750,1629661,1631128",4,537.0,4,369.0,168.0,5,5,6,10,False,0042500161
1610612743,"203932,203999,1627750,1628971,1631128",4,369.0,4,99.0,270.0,8,9,9,6,False,0042500161
1610612743,"203932,203999,1627750,1629661,1631128",4,99.0,4,53.2,45.8,1,1,2,1,False,0042500161
1610612743,"203932,203999,1628971,1629661,1631128",4,53.2,4,38.4,14.800000000000004,1,2,2,2,False,0042500161
1610612743,"203501,203932,203999,1627750,1629661",4,38.4,4,33.9,4.5,1,0,2,0,False,0042500161
1610612743,"203501,203932,203999,1628971,1631128",4,33.9,4,0.0,33.9,1,1,0,2,False,0042500161
1610612750,"203497,203944,1628978,1630162,1630183",1,720.0,1,440.0,280.0,10,11,14,12,False,0042500161
1610612750,"203497,1628978,1629675,1630162,1630183",1,440.0,1,340.0,100.0,5,4,9,0,False,0042500161
1610612750,"203497,1629675,1630162,1630183,1630245",1,340.0,1,122.0,218.0,9,9,7,10,False,0042500161
1610612750,"201144,203937,1629675,1630245,1630538",1,122.0,2,720.0,122.0,6,5,3,1,False,0042500161
1610612750,"201144,203497,1629675,1630245,1630538",2,720.0,2,522.0,198.0,6,6,6,10,False,0042500161
1610612750,"201144,203497,203944,1628978,1630245",2,522.0,2,463.0,59.0,2,2,5,4,False,0042500161
1610612750,"203497,203944,1628978,1630183,1630245",2,463.0,2,429.0,34.0,1,1,0,2,False,0042500161
1610612750,"203944,1628978,1629675,1630162,1630183",2,429.0,2,281.0,148.0,4,4,4,7,False,0042500161
1610612750,"203497,203944,1628978,1630162,1630183",2,281.0,2,114.0,167.0,4,6,4,10,False,0042500161
1610612750,"203497,1628978,1630162,1630183,1630245",2,114.0,3,720.0,114.0,4,4,9,7,False,0042500161
1610612750,"203497,203944,1628978,1630162,1630183",3,720.0,3,406.0,314.0,11,12,6,13,False,0042500161
1610612750,"203497,203944,1629675,1630162,1630183",3,406.0,3,406.0,0.0,0,0,0,0,False,0042500161
1610612750,"203497,1628978,1629675,1630162,1630183",3,406.0,3,340.0,66.0,2,1,0,2,False,0042500161
1610612750,"203497,1628978,1629675,1630183,1630245",3,340.0,3,305.0,35.0,1,1,0,0,False,0042500161
1610612750,"203937,1628978,1629675,1630183,1630245",3,305.0,3,284.0,21.0,1,2,2,1,False,0042500161
1610612750,"201144,203937,1629675,1630183,1630245",3,284.0,3,156.0,128.0,4,4,4,5,False,0042500161
1610612750,"201144,203937,203944,1630162,1630245",3,156.0,3,25.3,130.7,4,5,7,4,False,0042500161
1610612750,"203937,203944,1630162,1630183,1630245",3,25.3,4,720.0,25.3,1,1,2,0,False,0042500161
1610612750,"203497,203944,1628978,1630162,1630245",4,720.0,4,345.0,375.0,13,12,17,10,False,0042500161
1610612750,"203497,203944,1628978,1630162,1630183",4,345.0,4,227.0,118.0,4,3,4,4,False,0042500161
1610612750,"203497,203944,1630162,1630183,1630245",4,227.0,4,53.2,173.8,5,5,3,5,False,0042500161
1610612750,"203497,203944,1628978,1630162,1630183",4,53.2,4,38.4,14.800000000000004,2,1,2,2,False,0042500161
1610612750,"203944,1628978,1630162,1630183,1630245",4,38.4,4,0.0,38.4,1,2,2,2,False,0042500161
1610612743,"203932,203999,1627750,1629661,1631128",1,720.0,1,392.0,328.0,12,13,17,12,False,0042500162
1610612743,"203501,203932,203999,1627750,1631128",1,392.0,1,272.0,120.0,4,5,5,1,False,0042500162
1610612743,"203501,203999,1627750,1631128,1642461",1,272.0,1,200.0,72.0,1,3,3,6,False,0042500162
1610612743,"203501,203999,1627750,1628971,1642461",1,200.0,1,129.0,71.0,3,2,3,3,False,0042500162
1610612743,"203501,203999,1628971,1629661,1642461",1,129.0,1,35.0,94.0,3,4,4,4,False,0042500162
1610612743,"203501,203932,1628971,1629661,1642461",1,35.0,1,24.7,10.3,1,0,2,0,False,0042500162
1610612743,"203501,203932,203999,1628971,1629661",1,24.7,1,24.7,0.0,0,0,0,0,False,0042500162
1610612743,"203501,203932,203999,1627750,1629661",1,24.7,2,720.0,24.7,2,1,2,2,False,0042500162
1610612743,"202685,203501,1627750,1628971,1629661",2,720.0,2,560.0,160.0,5,4,5,5,False,0042500162
1610612743,"202685,203501,203932,1627750,1628971",2,560.0,2,546.0,14.0,1,2,0,4,False,0042500162
1610612743,"203501,203932,1627750,1628971,1642461",2,546.0,2,510.0,36.0,1,1,2,0,False,0042500162
1610612743,"203501,203932,203999,1627750,1631128",2,510.0,2,408.0,102.0,3,4,5,6,False,0042500162
1610612743,"203932,203999,1627750,1629661,1631128",2,408.0,2,245.0,163.0,4,4,8,9,False,0042500162
1610612743,"203932,203999,1628971,1629661,1631128",2,245.0,2,189.0,56.0,3,2,3,5,False,0042500162
1610612743,"203501,203932,203999,1628971,1631128",2,189.0,2,170.0,19.0,0,0,0,0,False,0042500162
1610612743,"203501,203932,203999,1627750,1631128",2,170.0,2,0.0,170.0,5,5,8,4,False,0042500162
1610612743,"203932,203999,1627750,1629661,1631128",2,0.0,3,381.0,339.0,15,15,10,11,False,0042500162
1610612743,"203501,203932,203999,1627750,1631128",3,381.0,3,161.0,220.0,8,8,12,7,False,0042500162
1610612743,"203501,203999,1628971,1629661,1642461",3,161.0,3,33.4,127.6,4,4,6,7,False,0042500162
1610612743,"203501,203999,1627750,1628971,1629661",3,33.4,4,720.0,33.4,2,2,0,2,False,0042500162
1610612743,"203932,1627750,1628971,1629661,1642461",4,720.0,4,532.0,188.0,4,5,8,10,False,0042500162
1610612743,"203932,1627750,1628971,1629661,1631128",4,532.0,4,476.0,56.0,3,2,4,0,False,0042500162
1610612743,"203999,1627750,1628971,1629661,1631128",4,476.0,4,367.0,109.0,3,4,0,4,False,0042500162
1610612743,"203501,203999,1627750,1628971,1631128",4,367.0,4,367.0,0.0,0,0,0,0,False,0042500162
1610612743,"203501,203932,203999,1628971,1631128",4,367.0,4,354.0,13.0,1,0,2,0,False,0042500162
1610612743,"203501,203932,203999,1627750,1631128",4,354.0,4,19.1,334.9,11,11,7,11,False,0042500162
1610612743,"203932,203999,1627750,1628971,1631128",4,19.1,4,18.8,0.3000000000000007,1,0,2,0,False,0042500162
1610612743,"203501,203932,203999,1627750,1631128",4,18.8,4,0.0,18.8,1,1,0,2,False,0042500162
1610612750,"203497,203944,1628978,1630162,1630183",1,720.0,1,392.0,328.0,13,12,12,17,False,0042500162
1610612750,"203497,1628978,1629675,1630162,1630183",1,392.0,1,384.0,8.0,1,0,0,0,False,0042500162
1610612750,"203497,1629675,1630162,1630183,1630245",1,384.0,1,282.0,102.0,3,3,0,2,False,0042500162
1610612750,"203497,1629675,1630162,1630245,1630538",1,282.0,1,272.0,10.0,1,1,1,3,False,0042500162
1610612750,"203944,1629675,1630162,1630245,1630538",1,272.0,1,129.0,143.0,5,4,9,6,False,0042500162
1610612750,"203937,203944,1629675,1630245,1630538",1,129.0,1,46.4,82.6,4,2,4,2,False,0042500162
1610612750,"201144,203937,203944,1629675,1630245",1,46.4,1,24.7,21.7,0,2,0,4,False,0042500162
1610612750,"203497,203937,203944,1629675,1630183",1,24.7,2,720.0,24.7,1,2,2,2,False,0042500162
1610612750,"203497,1628978,1629675,1630162,1630183",2,720.0,2,546.0,174.0,6,6,9,5,False,0042500162
1610612750,"203944,1628978,1629675,1630162,1630183",2,546.0,2,408.0,138.0,5,4,6,7,False,0042500162
1610612750,"203944,1628978,1630162,1630183,1630245",2,408.0,2,245.0,163.0,4,4,9,8,False,0042500162
1610612750,"201144,203944,1630162,1630183,1630245",2,245.0,2,245.0,0.0,0,0,0,0,False,0042500162
1610612750,"201144,203944,1629675,1630162,1630245",2,245.0,2,30.1,214.9,6,7,9,8,False,0042500162
1610612750,"203944,1628978,1629675,1630162,1630183",2,30.1,2,0.0,30.1,1,1,0,3,False,0042500162
1610612750,"203497,203944,1628978,1630162,1630183",2,0.0,3,429.0,291.0,13,12,6,7,False,0042500162
1610612750,"203944,1628978,1629675,1630162,1630183",3,429.0,3,349.0,80.0,2,4,5,5,False,0042500162
1610612750,"203944,1629675,1630162,1630183,1630245",3,349.0,3,161.0,188.0,8,7,7,10,False,0042500162
1610612750,"203497,203937,1628978,1630183,1630245",3,161.0,3,161.0,0.0,0,0,0,0,False,0042500162
1610612750,"203937,1628978,1629675,1630245,1630538",3,161.0,4,720.0,161.0,6,6,9,6,False,0042500162
1610612750,"203497,1629675,1630183,1630245,1630538",4,720.0,4,532.0,188.0,5,4,10,8,False,0042500162
1610612750,"203497,1629675,1630162,1630183,1630245",4,532.0,4,476.0,56.0,2,3,0,4,False,0042500162
1610612750,"203497,203944,1630162,1630183,1630245",4,476.0,4,461.0,15.0,1,0,0,0,False,0042500162
1610612750,"203497,203944,1628978,1630162,1630183",4,461.0,4,19.1,441.9,14,15,15,9,False,0042500162
1610612750,"203944,1628978,1630162,1630183,1630245",4,19.1,4,18.8,0.3000000000000007,0,1,0,2,False,0042500162
1610612750,"203497,203944,1628978,1630162,1630183",4,18.8,4,0.0,18.8,1,1,2,0,False,0042500162
1610612743,"203999,1627750,1629661,1631128,1642461",1,720.0,1,400.0,320.0,10,10,5,9,False,0042500163
1610612743,"203501,203999,1627750,1631128,1642461",1,400.0,1,312.0,88.0,3,2,0,2,False,0042500163
1610612743,"203501,203999,1627750,1629661,1631128",1,312.0,1,205.0,107.0,3,4,2,6,False,0042500163
1610612743,"203501,203999,1628971,1629661,1631124",1,205.0,2,720.0,205.0,9,8,6,6,False,0042500163
1610612743,"1627750,1628971,1630192,1631124,1642461",2,720.0,2,474.0,246.0,10,8,12,10,False,0042500163
1610612743,"203501,203999,1627750,1630192,1631128",2,474.0,2,400.0,74.0,3,3,3,7,False,0042500163
1610612743,"203501,203999,1628971,1629661,1631128",2,400.0,2,222.0,178.0,6,6,7,12,False,0042500163
1610612743,"203501,203999,1627750,1629661,1631128",2,222.0,3,720.0,222.0,9,8,7,6,False,0042500163
1610612743,"203999,1627750,1629661,1631128,1642461",3,720.0,3,335.0,385.0,14,14,15,11,False,0042500163
1610612743,"203501,203999,1627750,1631128,1642461",3,335.0,3,289.0,46.0,2,1,1,2,False,0042500163
1610612743,"203501,203999,1627750,1628971,1642461",3,289.0,3,158.0,131.0,4,4,4,5,False,0042500163
1610612743,"203501,203999,1628971,1630192,1631124",3,158.0,3,19.4,138.6,5,5,8,6,False,0042500163
1610612743,"203501,1628971,1630192,1631124,1642461",3,19.4,4,720.0,19.4,1,2,2,2,False,0042500163
1610612743,"203501,1627750,1628971,1630192,1642461",4,720.0,4,467.0,253.0,8,8,8,4,False,0042500163
1610612743,"203501,203999,1627750,1628971,1642461",4,467.0,4,250.0,217.0,7,8,10,11,False,0042500163
1610612743,"1626145,1629618,1630192,1631124,1641747",4,250.0,4,0.0,250.0,8,7,10,10,False,0042500163
1610612750,"203497,203944,1628978,1630162,1630183",1,720.0,1,332.0,388.0,12,13,11,5,False,0042500163
1610612750,"203497,1629675,1630162,1630183,1630245",1,332.0,1,218.0,114.0,3,2,4,2,False,0042500163
1610612750,"203497,1629675,1630183,1630245,1630538",1,218.0,1,205.0,13.0,1,1,2,0,False,0042500163
1610612750,"203497,1628978,1629675,1630245,1630538",1,205.0,2,720.0,205.0,8,9,6,6,False,0042500163
1610612750,"203944,1629675,1630162,1630183,1630538",2,720.0,2,573.0,147.0,3,6,5,7,False,0042500163
1610612750,"203944,1630162,1630183,1630245,1630538",2,573.0,2,536.0,37.0,2,1,1,3,False,0042500163
1610612750,"203944,1628978,1630162,1630183,1630245",2,536.0,2,474.0,62.0,3,3,4,2,False,0042500163
1610612750,"203497,1628978,1630162,1630183,1630245",2,474.0,2,365.0,109.0,4,4,7,5,False,0042500163
1610612750,"203497,203944,1628978,1630162,1630245",2,365.0,2,298.0,67.0,2,3,5,3,False,0042500163
1610612750,"203497,203944,1628978,1630183,1630245",2,298.0,3,720.0,298.0,11,11,13,9,False,0042500163
1610612750,"203497,203944,1628978,1630162,1630183",3,720.0,3,477.0,243.0,8,8,8,9,False,0042500163
1610612750,"203497,203944,1628978,1630183,1630245",3,477.0,3,436.0,41.0,2,3,0,4,False,0042500163
1610612750,"203497,1628978,1629675,1630183,1630245",3,436.0,3,382.0,54.0,2,1,0,0,False,0042500163
1610612750,"203497,1629675,1630183,1630245,1630538",3,382.0,3,158.0,224.0,7,8,10,7,False,0042500163
1610612750,"203497,1628978,1629675,1630245,1630538",3,158.0,3,76.0,82.0,4,2,6,2,False,0042500163
1610612750,"203497,1629675,1630183,1630245,1630538",3,76.0,4,720.0,76.0,3,4,2,8,False,0042500163
1610612750,"203944,1629675,1630162,1630183,1630538",4,720.0,4,579.0,141.0,5,5,0,4,False,0042500163
1610612750,"203937,203944,1630162,1630183,1630245",4,579.0,4,467.0,112.0,3,3,4,4,False,0042500163
1610612750,"203497,203944,1628978,1630183,1630245",4,467.0,4,204.0,263.0,9,8,11,13,False,0042500163
1610612750,"203937,203944,1628978,1630183,1630245",4,204.0,4,81.0,123.0,4,4,5,5,False,0042500163
1610612750,"203937,203944,1628978,1630245,1641763",4,81.0,4,42.1,38.9,2,3,5,2,False,0042500163
1610612750,"201144,203937,204060,1641763,1642866",4,42.1,4,0.0,42.1,0,0,0,0,False,0042500163
1610612743,"203932,203999,1627750,1629661,1631128",1,720.0,1,328.0,392.0,9,9,12,13,False,0042500164
1610612743,"203501,203999,1627750,1631128,1642461",1,328.0,1,170.0,158.0,4,5,5,5,False,0042500164
1610612743,"203501,203999,1628971,1631128,1642461",1,170.0,2,720.0,170.0,5,4,6,4,False,0042500164
1610612743,"203501,203932,1628971,1631128,1642461",2,720.0,2,720.0,0.0,0,0,0,0,False,0042500164
1610612743,"203501,203932,1627750,1628971,1642461",2,720.0,2,439.0,281.0,9,9,9,9,False,0042500164
1610612743,"203501,203999,1627750,1628971,1642461",2,439.0,2,369.0,70.0,3,2,6,2,False,0042500164
1610612743,"203999,1627750,1628971,1629661,1642461",2,369.0,2,302.0,67.0,2,3,0,2,False,0042500164
1610612743,"203999,1628971,1629661,1631128,1642461",2,302.0,2,243.0,59.0,1,2,2,2,False,0042500164
1610612743,"203932,203999,1627750,1629661,1631128",2,243.0,3,423.0,540.0,17,17,22,29,False,0042500164
1610612743,"203501,203932,203999,1627750,1631128",3,423.0,3,408.0,15.0,1,2,2,1,False,0042500164
1610612743,"203501,203999,1627750,1631128,1642461",3,408.0,3,274.0,134.0,5,6,7,7,False,0042500164
1610612743,"203501,203999,1627750,1628971,1642461",3,274.0,3,138.0,136.0,4,4,2,2,False,0042500164
1610612743,"203501,203999,1628971,1629661,1642461",3,138.0,3,7.6,130.4,7,3,7,4,False,0042500164
1610612743,"203501,203999,1627750,1628971,1629661",3,7.6,4,720.0,7.6,1,0,0,0,False,0042500164
1610612743,"203501,203932,1627750,1628971,1642461",4,720.0,4,556.0,164.0,5,5,4,8,False,0042500164
1610612743,"203999,1627750,1628971,1631128,1642461",4,556.0,4,446.0,110.0,3,2,2,5,False,0042500164
1610612743,"203501,203999,1627750,1629661,1631128",4,446.0,4,82.0,364.0,13,13,10,9,False,0042500164
1610612743,"203999,1627750,1628971,1631128,1642461",4,82.0,4,62.0,20.0,1,0,2,0,False,0042500164
1610612743,"203501,203999,1627750,1629661,1631128",4,62.0,4,27.7,34.3,1,2,0,4,False,0042500164
1610612743,"203999,1627750,1628971,1631128,1642461",4,27.7,4,1.3,26.4,2,1,2,2,False,0042500164
1610612743,"1628971,1629618,1629661,1641747,1642461",4,1.3,4,0.0,1.3,0,0,0,0,False,0042500164
1610612750,"203497,203944,1628978,1630162,1630183",1,720.0,1,641.0,79.0,2,2,5,0,False,0042500164
1610612750,"203497,203944,1630162,1630183,1630245",1,641.0,1,328.0,313.0,7,7,8,12,False,0042500164
1610612750,"203497,1629675,1630162,1630183,1630245",1,328.0,1,229.0,99.0,3,2,2,3,False,0042500164
1610612750,"203497,1629675,1630162,1630245,1630538",1,229.0,1,170.0,59.0,2,2,3,2,False,0042500164
1610612750,"201144,203497,1629675,1630162,1630538",1,170.0,1,53.8,116.2,3,3,4,4,False,0042500164
1610612750,"201144,203497,203937,1629675,1630538",1,53.8,2,720.0,53.8,1,2,0,2,False,0042500164
1610612750,"203944,1629675,1630183,1630245,1630538",2,720.0,2,543.0,177.0,5,5,5,5,False,0042500164
1610612750,"203944,1629675,1630162,1630245,1630538",2,543.0,2,439.0,104.0,4,4,4,4,False,0042500164
1610612750,"201144,203497,203944,1630162,1630245",2,439.0,2,302.0,137.0,5,5,4,6,False,0042500164
1610612750,"203497,1629675,1630162,1630245,1630545",2,302.0,2,156.0,146.0,4,4,4,6,False,0042500164
1610612750,"203497,1629675,1630245,1630538,1630545",2,156.0,3,720.0,156.0,6,5,11,10,False,0042500164
1610612750,"201144,203497,203944,1630183,1630245",3,720.0,3,363.0,357.0,13,12,17,15,False,0042500164
1610612750,"201144,203497,1629675,1630183,1630245",3,363.0,3,336.0,27.0,1,1,3,2,False,0042500164
1610612750,"203497,1629675,1630183,1630245,1630538",3,336.0,3,274.0,62.0,3,2,4,0,False,0042500164
1610612750,"203944,1629675,1630183,1630245,1630538",3,274.0,3,138.0,136.0,4,4,2,2,False,0042500164
1610612750,"203937,203944,1629675,1630183,1630538",3,138.0,3,129.0,9.0,0,1,0,1,False,0042500164
1610612750,"203937,203944,1629675,1630538,1630545",3,129.0,3,27.9,101.1,3,5,4,4,False,0042500164
1610612750,"203944,1629675,1630245,1630538,1630545",3,27.9,3,7.6,20.299999999999997,0,1,0,2,False,0042500164
1610612750,"203497,203937,1629675,1630245,1630545",3,7.6,4,720.0,7.6,0,1,0,0,False,0042500164
1610612750,"201144,203944,1629675,1630183,1630245",4,720.0,4,556.0,164.0,5,5,8,4,False,0042500164
1610612750,"201144,203497,1629675,1630183,1630245",4,556.0,4,333.0,223.0,7,8,9,8,False,0042500164
1610612750,"203497,203944,1630183,1630245,1630538",4,333.0,4,153.0,180.0,6,5,2,2,False,0042500164
1610612750,"201144,203497,203944,1630183,1630245",4,153.0,4,66.0,87.0,2,3,3,2,False,0042500164
1610612750,"201144,203944,1629675,1630183,1630245",4,66.0,4,62.0,4.0,0,1,0,2,False,0042500164
1610612750,"201144,203497,203944,1630183,1630245",4,62.0,4,27.7,34.3,2,1,4,0,False,0042500164
1610612750,"201144,203937,203944,1630183,1630245",4,27.7,4,1.3,26.4,1,2,2,2,False,0042500164
1610612750,"201144,203937,1630245,1630538,1630545",4,1.3,4,0.0,1.3,0,0,0,0,False,0042500164
1610612743,"203999,1627750,1629661,1631128,1642461",1,720.0,1,295.0,425.0,16,18,21,15,False,0042500165
1610612743,"203501,203999,1627750,1629661,1631128",1,295.0,1,286.0,9.0,0,0,0,0,False,0042500165
1610612743,"203501,203999,1627750,1628971,1629661",1,286.0,1,214.0,72.0,2,1,0,0,False,0042500165
1610612743,"203501,203999,1628971,1629661,1631124",1,214.0,2,720.0,214.0,8,8,10,17,False,0042500165
1610612743,"202685,1626145,1627750,1628971,1642461",2,720.0,2,394.0,326.0,11,11,10,13,False,0042500165
1610612743,"203999,1626145,1628971,1629661,1642461",2,394.0,2,283.0,111.0,4,4,5,0,False,0042500165
1610612743,"203999,1628971,1629661,1631128,1642461",2,283.0,2,212.0,71.0,3,2,4,2,False,0042500165
1610612743,"203999,1627750,1629661,1631128,1642461",2,212.0,2,50.3,161.7,4,4,4,5,False,0042500165
1610612743,"203501,203999,1627750,1629661,1631128",2,50.3,3,720.0,50.3,1,2,3,2,False,0042500165
1610612743,"203999,1627750,1629661,1631128,1642461",3,720.0,3,349.0,371.0,12,12,18,8,False,0042500165
1610612743,"203501,203999,1627750,1629661,1631128",3,349.0,3,243.0,106.0,4,4,4,2,False,0042500165
1610612743,"203501,203999,1627750,1631128,1642461",3,243.0,3,213.0,30.0,0,0,0,0,False,0042500165
1610612743,"203501,203999,1627750,1629661,1631128",3,213.0,3,148.0,65.0,3,4,2,7,False,0042500165
1610612743,"203501,203999,1628971,1629661,1631128",3,148.0,3,20.4,127.6,7,7,9,11,False,0042500165
1610612743,"203501,203999,1627750,1629661,1631128",3,20.4,4,720.0,20.4,1,1,0,0,False,0042500165
1610612743,"202685,1626145,1627750,1628971,1642461",4,720.0,4,417.0,303.0,10,11,10,13,False,0042500165
1610612743,"203999,1626145,1627750,1631128,1642461",4,417.0,4,338.0,79.0,3,4,2,8,False,0042500165
1610612743,"203999,1627750,1629661,1631128,1642461",4,338.0,4,20.3,317.7,14,10,19,14,False,0042500165
1610612743,"203999,1629661,1631124,1631128,1642461",4,20.3,4,0.0,20.3,0,1,0,0,False,0042500165
1610612750,"201144,203497,203944,1630183,1630245",1,720.0,1,584.0,136.0,6,4,7,6,False,0042500165
1610612750,"201144,203497,203944,1630245,1630545",1,584.0,1,337.0,247.0,9,10,7,13,False,0042500165
1610612750,"203497,1629675,1630245,1630538,1630545",1,337.0,1,145.0,192.0,6,6,7,7,False,0042500165
1610612750,"201144,203497,203937,1629675,1630538",1,145.0,2,720.0,145.0,6,6,11,5,False,0042500165
1610612750,"203937,203944,1629675,1630183,1630245",2,720.0,2,394.0,326.0,11,11,13,10,False,0042500165
1610612750,"203497,203944,1630183,1630245,1630538",2,394.0,2,244.0,150.0,5,6,0,7,False,0042500165
1610612750,"201144,203497,203944,1630245,1630538",2,244.0,2,186.0,58.0,2,1,5,2,False,0042500165
1610612750,"201144,203497,203944,1630183,1630538",2,186.0,2,135.0,51.0,1,2,0,0,False,0042500165
1610612750,"201144,203497,1629675,1630183,1630538",2,135.0,2,50.3,84.7,2,2,2,4,False,0042500165
1610612750,"201144,203497,1629675,1630183,1630245",2,50.3,3,720.0,50.3,2,1,2,3,False,0042500165
1610612750,"201144,203497,203944,1630183,1630245",3,720.0,3,476.0,244.0,7,7,4,9,False,0042500165
1610612750,"203497,203944,1629675,1630183,1630245",3,476.0,3,432.0,44.0,2,2,0,5,False,0042500165
1610612750,"203497,1629675,1630183,1630245,1630538",3,432.0,3,349.0,83.0,3,3,4,4,False,0042500165
1610612750,"203944,1629675,1630183,1630245,1630538",3,349.0,3,323.0,26.0,1,0,0,0,False,0042500165
1610612750,"203937,203944,1629675,1630245,1630538",3,323.0,3,243.0,80.0,3,4,2,4,False,0042500165
1610612750,"203497,203937,203944,1630245,1630538",3,243.0,3,221.0,22.0,0,0,0,0,False,0042500165
1610612750,"203497,203937,1630245,1630538,1630545",3,221.0,3,156.0,65.0,4,3,7,2,False,0042500165
1610612750,"203497,203937,1630183,1630538,1630545",3,156.0,3,20.4,135.6,7,7,11,9,False,0042500165
1610612750,"203497,203937,1630245,1630538,1630545",3,20.4,3,20.4,0.0,0,0,0,0,False,0042500165
1610612750,"203497,203937,1630245,1630545,1641740",3,20.4,4,720.0,20.4,1,1,0,0,False,0042500165
1610612750,"203937,203944,1630183,1630245,1641740",4,720.0,4,621.0,99.0,3,2,0,2,False,0042500165
1610612750,"203944,1629675,1630183,1630245,1641740",4,621.0,4,476.0,145.0,5,5,9,6,False,0042500165
1610612750,"203944,1629675,1630245,1630538,1641740",4,476.0,4,235.0,241.0,10,11,16,12,False,0042500165
1610612750,"203944,1629675,1630183,1630245,1630538",4,235.0,4,206.0,29.0,2,2,1,4,False,0042500165
1610612750,"203497,203944,1630183,1630245,1630538",4,206.0,4,175.0,31.0,0,1,0,2,False,0042500165
1610612750,"204060,1630545,1641740,1641763,1642866",4,175.0,4,0.0,175.0,6,6,9,5,False,0042500165
1610612743,"203999,1627750,1629661,1631128,1642461",1,720.0,1,287.0,433.0,13,13,11,17,False,0042500166
1610612743,"203501,203999,1627750,1631128,1642461",1,287.0,1,239.0,48.0,1,2,0,4,False,0042500166
1610612743,"203501,203999,1627750,1628971,1642461",1,239.0,1,181.0,58.0,2,2,3,3,False,0042500166
1610612743,"203501,203999,1627750,1628971,1629661",1,181.0,1,103.0,78.0,3,2,8,5,False,0042500166
1610612743,"203501,203999,1626145,1628971,1629661",1,103.0,1,35.5,67.5,3,4,4,3,False,0042500166
1610612743,"203501,1626145,1628971,1629661,1630192",1,35.5,1,17.4,18.1,1,1,1,0,False,0042500166
1610612743,"203501,1628971,1629661,1630192,1631128",1,17.4,2,720.0,17.4,1,1,0,0,False,0042500166
1610612743,"202685,1626145,1627750,1628971,1642461",2,720.0,2,497.0,223.0,7,6,7,9,False,0042500166
1610612743,"203999,1626145,1627750,1628971,1642461",2,497.0,2,410.0,87.0,3,3,2,2,False,0042500166
1610612743,"203999,1627750,1629661,1631128,1642461",2,410.0,2,364.0,46.0,1,2,3,2,False,0042500166
1610612743,"203999,1627750,1629661,1630192,1631128",2,364.0,2,237.0,127.0,4,4,0,6,False,0042500166
1610612743,"203501,203999,1627750,1629661,1631128",2,237.0,3,720.0,237.0,7,9,7,10,False,0042500166
1610612743,"203999,1627750,1629661,1631128,1642461",3,720.0,3,295.0,425.0,13,12,19,12,False,0042500166
1610612743,"203501,203999,1627750,1628971,1642461",3,295.0,3,225.0,70.0,2,2,1,2,False,0042500166
1610612743,"203501,203999,1627750,1628971,1629661",3,225.0,3,133.0,92.0,2,3,2,7,False,0042500166
1610612743,"203501,203999,1628971,1629661,1642461",3,133.0,3,50.2,82.8,2,1,2,2,False,0042500166
1610612743,"203501,203999,1627750,1628971,1642461",3,50.2,3,10.2,40.0,0,0,0,0,False,0042500166
1610612743,"203501,203999,1627750,1628971,1629661",3,10.2,3,2.4,7.799999999999999,1,1,0,2,False,0042500166
1610612743,"203501,203999,1628971,1629661,1642461",3,2.4,4,720.0,2.4,0,1,0,0,False,0042500166
1610612743,"203501,203999,1626145,1629661,1642461",4,720.0,4,464.0,256.0,6,6,13,9,False,0042500166
1610612743,"203999,1626145,1627750,1629661,1642461",4,464.0,4,370.0,94.0,3,1,1,2,False,0042500166
1610612743,"203501,203999,1627750,1629661,1631128",4,370.0,4,252.0,118.0,3,4,5,7,False,0042500166
1610612743,"203999,1627750,1629661,1631128,1642461",4,252.0,4,66.0,186.0,4,6,3,7,False,0042500166
1610612743,"203501,203999,1627750,1629661,1642461",4,66.0,4,43.6,22.4,1,1,0,3,False,0042500166
1610612743,"203501,1628971,1629661,1631128,1642461",4,43.6,4,25.7,17.900000000000002,1,0,2,0,False,0042500166
1610612743,"203501,203999,1627750,1629661,1642461",4,25.7,4,0.0,25.7,1,0,0,0,False,0042500166
1610612750,"201144,203497,203944,1630183,1630545",1,720.0,1,287.0,433.0,13,13,17,11,False,0042500166
1610612750,"203497,203944,1629675,1630183,1630538",1,287.0,1,181.0,106.0,4,3,7,3,False,0042500166
1610612750,"203497,1629675,1630183,1630538,1641740",1,181.0,1,103.0,78.0,2,3,5,8,False,0042500166
1610612750,"203497,1629675,1630538,1630545,1641740",1,103.0,1,17.4,85.6,5,4,3,5,False,0042500166
1610612750,"201144,203497,1629675,1630538,1630545",1,17.4,2,720.0,17.4,1,1,0,0,False,0042500166
1610612750,"203944,1629675,1630183,1630538,1641740",2,720.0,2,645.0,75.0,2,2,5,4,False,0042500166
1610612750,"201144,203944,1629675,1630183,1641740",2,645.0,2,524.0,121.0,4,4,4,3,False,0042500166
1610612750,"201144,203944,1629675,1630183,1630545",2,524.0,2,497.0,27.0,0,1,0,0,False,0042500166
1610612750,"201144,203497,203944,1630183,1630545",2,497.0,2,364.0,133.0,5,4,4,5,False,0042500166
1610612750,"203497,203944,1629675,1630183,1630545",2,364.0,3,720.0,364.0,13,11,16,7,False,0042500166
1610612750,"201144,203497,203944,1630183,1630545",3,720.0,3,496.0,224.0,6,7,8,10,False,0042500166
1610612750,"203497,203944,1629675,1630183,1630545",3,496.0,3,295.0,201.0,6,6,4,9,False,0042500166
1610612750,"203497,203944,1629675,1630183,1630538",3,295.0,3,240.0,55.0,2,2,2,1,False,0042500166
1610612750,"203497,1629675,1630183,1630538,1641740",3,240.0,3,133.0,107.0,3,2,7,2,False,0042500166
1610612750,"201144,203497,1629675,1630183,1641740",3,133.0,3,133.0,0.0,0,0,0,0,False,0042500166
1610612750,"201144,203497,1629675,1630545,1641740",3,133.0,3,50.2,82.8,1,2,2,2,False,0042500166
1610612750,"203497,1629675,1630183,1630545,1641740",3,50.2,3,10.2,40.0,0,0,0,0,False,0042500166
1610612750,"201144,203497,1630183,1630545,1641740",3,10.2,3,2.4,7.799999999999999,1,1,2,0,False,0042500166
1610612750,"201144,203497,1629675,1630183,1630545",3,2.4,4,720.0,2.4,1,0,0,0,False,0042500166
1610612750,"201144,203944,1629675,1630183,1641740",4,720.0,4,587.0,133.0,3,3,4,7,False,0042500166
1610612750,"201144,203497,203944,1629675,1630183",4,587.0,4,464.0,123.0,3,3,5,6,False,0042500166
1610612750,"201144,203497,1629675,1630183,1630545",4,464.0,4,252.0,212.0,5,6,9,6,False,0042500166
1610612750,"201144,203497,203944,1630183,1630545",4,252.0,4,209.0,43.0,1,1,0,0,False,0042500166
1610612750,"203497,203944,1629675,1630183,1630545",4,209.0,4,55.6,153.4,6,4,10,3,False,0042500166
1610612750,"201144,203497,203944,1630183,1630545",4,55.6,4,43.6,12.0,0,0,0,0,False,0042500166
1610612750,"201144,203944,1629675,1630183,1630545",4,43.6,4,25.7,17.900000000000002,0,1,0,2,False,0042500166
1610612750,"203497,203944,1629675,1630183,1630545",4,25.7,4,0.0,25.7,0,1,0,0,False,0042500166
1610612750,"201144,203497,203944,1630183,1630545",1,720.0,1,413.0,307.0,11,11,8,11,False,0042500231
1610612750,"203497,203944,1630162,1630183,1630545",1,413.0,1,336.0,77.0,3,2,0,0,False,0042500231
1610612750,"203497,1629675,1630162,1630183,1630545",1,336.0,1,196.0,140.0,4,4,6,6,False,0042500231
1610612750,"203497,1629675,1630162,1630538,1641740",1,196.0,1,67.0,129.0,4,5,8,4,False,0042500231
1610612750,"203944,1629675,1630538,1630545,1641740",1,67.0,2,720.0,67.0,4,4,2,2,False,0042500231
1610612750,"203944,1629675,1630162,1630183,1630538",2,720.0,2,518.0,202.0,6,6,5,6,False,0042500231
1610612750,"203944,1629675,1630162,1630538,1630545",2,518.0,2,405.0,113.0,3,3,0,4,False,0042500231
1610612750,"201144,203497,203944,1629675,1630545",2,405.0,2,213.0,192.0,6,5,12,2,False,0042500231
1610612750,"201144,203497,203944,1630545,1641740",2,213.0,2,99.0,114.0,4,4,2,8,False,0042500231
1610612750,"201144,203497,203944,1629675,1641740",2,99.0,3,720.0,99.0,4,3,4,0,False,0042500231
1610612750,"201144,203497,203944,1630183,1630545",3,720.0,3,418.0,302.0,8,9,9,10,False,0042500231
1610612750,"203497,203944,1630162,1630183,1630545",3,418.0,3,360.0,58.0,2,1,1,0,False,0042500231
1610612750,"203497,1629675,1630162,1630183,1630545",3,360.0,3,237.0,123.0,3,6,6,9,False,0042500231
1610612750,"203944,1629675,1630162,1630183,1641740",3,237.0,3,218.0,19.0,2,1,1,2,False,0042500231
1610612750,"203944,1629675,1630162,1630183,1630538",3,218.0,3,201.0,17.0,1,0,1,0,False,0042500231
1610612750,"203944,1629675,1630162,1630183,1641740",3,201.0,3,188.0,13.0,0,1,0,0,False,0042500231
1610612750,"203944,1629675,1630162,1630538,1630545",3,188.0,3,169.0,19.0,1,1,0,1,False,0042500231
1610612750,"203497,203944,1630162,1630538,1630545",3,169.0,3,156.0,13.0,1,0,1,0,False,0042500231
1610612750,"203497,203944,1630183,1630538,1630545",3,156.0,4,720.0,156.0,7,7,4,6,False,0042500231
1610612750,"201144,203944,1629675,1630162,1630183",4,720.0,4,409.0,311.0,10,9,19,12,False,0042500231
1610612750,"201144,203944,1629675,1630183,1630545",4,409.0,4,281.0,128.0,4,4,7,2,False,0042500231
1610612750,"203944,1629675,1630162,1630183,1630545",4,281.0,4,104.0,177.0,7,6,6,8,False,0042500231
1610612750,"203497,203944,1630162,1630183,1630545",4,104.0,4,34.4,69.6,2,3,3,6,False,0042500231
1610612750,"203944,1629675,1630162,1630183,1630545",4,34.4,4,0.0,34.4,2,1,0,2,False,0042500231
1610612759,"1628368,1630170,1630577,1641705,1642264",1,720.0,1,413.0,307.0,11,11,11,8,False,0042500231
1610612759,"1629640,1630170,1641705,1642264,1642844",1,413.0,1,336.0,77.0,2,3,0,0,False,0042500231
1610612759,"1628436,1629640,1630170,1642264,1642844",1,336.0,1,196.0,140.0,4,4,6,6,False,0042500231
1610612759,"1628368,1628436,1629640,1630577,1642844",1,196.0,1,163.0,33.0,2,1,0,0,False,0042500231
1610612759,"1628368,1629640,1630577,1641705,1642844",1,163.0,2,720.0,163.0,7,7,6,10,False,0042500231
1610612759,"203084,1628368,1630577,1641705,1642844",2,720.0,2,626.0,94.0,2,2,0,5,False,0042500231
1610612759,"203084,1630577,1641705,1642264,1642844",2,626.0,2,543.0,83.0,2,3,5,0,False,0042500231
1610612759,"203084,1630170,1630577,1641705,1642264",2,543.0,2,405.0,138.0,5,4,5,0,False,0042500231
1610612759,"203084,1628368,1628436,1630170,1642264",2,405.0,2,345.0,60.0,1,2,0,5,False,0042500231
1610612759,"1628368,1628436,1629640,1630170,1642844",2,345.0,2,213.0,132.0,4,4,2,7,False,0042500231
1610612759,"1629640,1630170,1630577,1641705,1642844",2,213.0,2,47.1,165.9,5,6,8,6,False,0042500231
1610612759,"1628368,1629640,1630170,1630577,1641705",2,47.1,3,720.0,47.1,2,2,0,0,False,0042500231
1610612759,"1628368,1630170,1630577,1641705,1642264",3,720.0,3,418.0,302.0,9,8,10,9,False,0042500231
1610612759,"1630170,1630577,1641705,1642264,1642844",3,418.0,3,360.0,58.0,1,2,0,1,False,0042500231
1610612759,"1629640,1630170,1641705,1642264,1642844",3,360.0,3,360.0,0.0,0,0,0,0,False,0042500231
1610612759,"1628436,1629640,1630170,1642264,1642844",3,360.0,3,237.0,123.0,6,3,9,6,False,0042500231
1610612759,"1629640,1630170,1641705,1642264,1642844",3,237.0,3,201.0,36.0,1,3,2,2,False,0042500231
1610612759,"1628368,1629640,1630170,1641705,1642844",3,201.0,4,720.0,201.0,9,9,7,5,False,0042500231
1610612759,"203084,1628368,1630577,1641705,1642264",4,720.0,4,502.0,218.0,7,7,12,12,False,0042500231
1610612759,"1628368,1629640,1630577,1641705,1642264",4,502.0,4,430.0,72.0,2,2,0,5,False,0042500231
1610612759,"1629640,1630577,1641705,1642264,1642844",4,430.0,4,399.0,31.0,1,1,2,2,False,0042500231
1610612759,"1629640,1630170,1641705,1642264,1642844",4,399.0,4,357.0,42.0,1,1,0,2,False,0042500231
1610612759,"1628368,1629640,1630170,1641705,1642844",4,357.0,4,209.0,148.0,5,5,5,7,False,0042500231
1610612759,"1628368,1630170,1641705,1642264,1642844",4,209.0,4,200.0,9.0,0,1,0,2,False,0042500231
1610612759,"1628368,1630170,1630577,1641705,1642844",4,200.0,4,0.0,200.0,7,8,11,5,False,0042500231
1610612750,"201144,203497,203944,1630183,1630545",1,720.0,1,423.0,297.0,11,10,12,12,False,0042500232
1610612750,"201144,203497,203944,1630183,1630245",1,423.0,1,384.0,39.0,2,2,1,0,False,0042500232
1610612750,"203497,1629675,1630162,1630183,1630245",1,384.0,1,173.0,211.0,7,8,2,4,False,0042500232
1610612750,"203497,1629675,1630162,1630245,1630545",1,173.0,2,720.0,173.0,6,5,3,7,False,0042500232
1610612750,"201144,203944,1629675,1630183,1630245",2,720.0,2,611.0,109.0,3,3,5,5,False,0042500232
1610612750,"201144,203944,1629675,1630162,1630183",2,611.0,2,589.0,22.0,1,1,2,0,False,0042500232
1610612750,"201144,203944,1629675,1630162,1641740",2,589.0,2,415.0,174.0,5,5,5,4,False,0042500232
1610612750,"203497,203944,1630162,1630245,1630545",2,415.0,2,318.0,97.0,4,4,4,5,False,0042500232
1610612750,"203497,203944,1630162,1630538,1630545",2,318.0,2,49.8,268.2,10,11,6,14,False,0042500232
1610612750,"201144,203497,203944,1629675,1630162",2,49.8,2,8.2,41.599999999999994,1,1,0,2,False,0042500232
1610612750,"203497,203944,1629675,1630162,1641740",2,8.2,3,720.0,8.2,2,1,1,0,False,0042500232
1610612750,"201144,203497,203944,1630183,1630545",3,720.0,3,453.0,267.0,10,9,9,12,False,0042500232
1610612750,"203497,203944,1630162,1630183,1630545",3,453.0,3,426.0,27.0,1,1,2,2,False,0042500232
1610612750,"203944,1629675,1630162,1630183,1630545",3,426.0,3,379.0,47.0,2,1,3,2,False,0042500232
1610612750,"203944,1629675,1630162,1630538,1630545",3,379.0,3,295.0,84.0,3,2,7,1,False,0042500232
1610612750,"203937,203944,1629675,1630162,1630538",3,295.0,3,254.0,41.0,1,3,0,8,False,0042500232
1610612750,"203497,203937,1629675,1630162,1630538",3,254.0,3,34.0,220.0,10,10,5,13,False,0042500232
1610612750,"203497,1629675,1630162,1630183,1630538",3,34.0,4,720.0,34.0,3,2,3,0,False,0042500232
1610612750,"203944,1629675,1630183,1630545,1641740",4,720.0,4,598.0,122.0,4,4,4,6,False,0042500232
1610612750,"203937,204060,1630545,1641740,1641763",4,598.0,4,503.0,95.0,3,3,5,5,False,0042500232
1610612750,"203937,204060,1641740,1641763,1642866",4,503.0,4,0.0,503.0,18,18,23,24,False,0042500232
1610612759,"1628368,1630170,1630577,1641705,1642264",1,720.0,1,423.0,297.0,10,11,12,12,False,0042500232
1610612759,"1629640,1630170,1641705,1642264,1642844",1,423.0,1,264.0,159.0,7,6,2,3,False,0042500232
1610612759,"1628368,1628436,1629640,1642264,1642844",1,264.0,1,173.0,91.0,3,3,2,0,False,0042500232
1610612759,"1628368,1628436,1629640,1630577,1642844",1,173.0,2,720.0,173.0,5,6,7,3,False,0042500232
1610612759,"1628368,1629640,1630577,1641705,1642264",2,720.0,2,611.0,109.0,3,3,5,5,False,0042500232
1610612759,"1629640,1630577,1641705,1642264,1642868",2,611.0,2,604.0,7.0,0,0,0,0,False,0042500232
1610612759,"203084,1630577,1641705,1642264,1642868",2,604.0,2,536.0,68.0,3,3,2,4,False,0042500232
1610612759,"203084,1628368,1630577,1641705,1642868",2,536.0,2,415.0,121.0,3,3,2,3,False,0042500232
1610612759,"203084,1628368,1630170,1641705,1642868",2,415.0,2,318.0,97.0,4,4,5,4,False,0042500232
1610612759,"1628368,1628436,1629640,1630170,1642868",2,318.0,2,318.0,0.0,0,0,0,0,False,0042500232
1610612759,"1628368,1628436,1629640,1630170,1642844",2,318.0,2,274.0,44.0,2,2,0,2,False,0042500232
1610612759,"1628436,1629640,1630170,1642264,1642844",2,274.0,2,49.8,224.2,9,8,14,4,False,0042500232
1610612759,"1628368,1629640,1630170,1641705,1642844",2,49.8,3,720.0,49.8,2,3,2,1,False,0042500232
1610612759,"1628368,1630170,1630577,1641705,1642264",3,720.0,3,469.0,251.0,8,8,9,7,False,0042500232
1610612759,"1629640,1630170,1641705,1642264,1642844",3,469.0,3,345.0,124.0,3,6,7,9,False,0042500232
1610612759,"1628436,1629640,1630170,1642264,1642844",3,345.0,3,342.0,3.0,2,0,1,0,False,0042500232
1610612759,"1628368,1628436,1629640,1630170,1642844",3,342.0,3,295.0,47.0,0,2,0,5,False,0042500232
1610612759,"1628368,1628436,1629640,1630577,1642844",3,295.0,3,182.0,113.0,6,4,13,0,False,0042500232
1610612759,"1628368,1628436,1630577,1641705,1642844",3,182.0,3,113.0,69.0,3,3,0,3,False,0042500232
1610612759,"203084,1628368,1630577,1641705,1642868",3,113.0,3,34.0,79.0,4,4,8,2,False,0042500232
1610612759,"203084,1630577,1641705,1642844,1642868",3,34.0,4,720.0,34.0,2,3,0,3,False,0042500232
1610612759,"203084,1641705,1642264,1642844,1642868",4,720.0,4,631.0,89.0,3,2,4,2,False,0042500232
1610612759,"203084,1628436,1642264,1642844,1642868",4,631.0,4,598.0,33.0,1,2,2,2,False,0042500232
1610612759,"203084,203482,1629162,1642844,1642868",4,598.0,4,503.0,95.0,3,3,5,5,False,0042500232
1610612759,"203084,203482,1629162,1630322,1642868",4,503.0,4,192.0,311.0,11,11,18,13,False,0042500232
1610612759,"202687,203482,203486,1629162,1630322",4,192.0,4,0.0,192.0,7,7,6,10,False,0042500232
1610612750,"201144,203497,203944,1630162,1630183",1,720.0,1,467.0,253.0,8,8,4,8,False,0042500233
1610612750,"203944,1629675,1630162,1630183,1630245",1,467.0,1,333.0,134.0,5,5,0,0,False,0042500233
1610612750,"203497,1629675,1630162,1630183,1630245",1,333.0,1,282.0,51.0,3,2,5,0,False,0042500233
1610612750,"203497,1629675,1630183,1630245,1630545",1,282.0,1,201.0,81.0,3,4,3,4,False,0042500233
1610612750,"203497,1629675,1630162,1630245,1630545",1,201.0,1,72.0,129.0,5,4,10,2,False,0042500233
1610612750,"203497,203944,1630162,1630245,1630545",1,72.0,2,720.0,72.0,3,3,7,2,False,0042500233
1610612750,"203944,1629675,1630162,1630183,1630545",2,720.0,2,564.0,156.0,6,5,9,4,False,0042500233
1610612750,"203944,1629675,1630162,1630183,1630245",2,564.0,2,436.0,128.0,6,6,3,8,False,0042500233
1610612750,"203944,1629675,1630183,1630245,1630545",2,436.0,2,350.0,86.0,1,1,2,3,False,0042500233
1610612750,"203497,203944,1630183,1630245,1630545",2,350.0,2,307.0,43.0,2,2,2,0,False,0042500233
1610612750,"203497,203944,1630162,1630183,1630545",2,307.0,2,239.0,68.0,4,3,2,4,False,0042500233
1610612750,"203497,1629675,1630162,1630183,1630545",2,239.0,2,120.0,119.0,4,4,7,2,False,0042500233
1610612750,"203944,1629675,1630162,1630183,1630545",2,120.0,2,65.0,55.0,2,2,0,1,False,0042500233
1610612750,"203944,1630162,1630183,1630245,1630545",2,65.0,3,720.0,65.0,3,4,5,5,False,0042500233
1610612750,"203497,203944,1630162,1630183,1630245",3,720.0,3,507.0,213.0,7,6,4,8,False,0042500233
1610612750,"203497,1629675,1630162,1630183,1630245",3,507.0,3,359.0,148.0,5,6,13,13,False,0042500233
1610612750,"203497,1629675,1630162,1630183,1630545",3,359.0,3,258.0,101.0,3,2,2,2,False,0042500233
1610612750,"203497,1629675,1630162,1630245,1630545",3,258.0,4,720.0,258.0,9,9,9,12,False,0042500233
1610612750,"203944,1629675,1630183,1630245,1630545",4,720.0,4,483.0,237.0,8,8,12,9,False,0042500233
1610612750,"203497,203944,1630162,1630183,1630545",4,483.0,4,278.0,205.0,5,6,8,8,False,0042500233
1610612750,"203497,203944,1630162,1630183,1630245",4,278.0,4,235.0,43.0,1,1,0,2,False,0042500233
1610612750,"203497,1629675,1630162,1630183,1630245",4,235.0,4,146.0,89.0,2,3,3,5,False,0042500233
1610612750,"203944,1629675,1630162,1630183,1630245",4,146.0,4,31.8,114.2,4,3,2,2,False,0042500233
1610612750,"1629675,1630162,1630183,1630245,1630545",4,31.8,4,0.0,31.8,2,2,2,5,False,0042500233
1610612759,"1628368,1630170,1630577,1641705,1642264",1,720.0,1,346.0,374.0,13,13,8,4,False,0042500233
1610612759,"1629640,1630170,1641705,1642264,1642844",1,346.0,1,333.0,13.0,0,0,0,0,False,0042500233
1610612759,"1628436,1629640,1630170,1642264,1642844",1,333.0,1,225.0,108.0,5,6,4,8,False,0042500233
1610612759,"1628368,1628436,1629640,1630170,1642844",1,225.0,1,72.0,153.0,5,5,2,10,False,0042500233
1610612759,"1628368,1629640,1630577,1641705,1642264",1,72.0,2,720.0,72.0,3,3,2,7,False,0042500233
1610612759,"203084,1628368,1630577,1641705,1642264",2,720.0,2,564.0,156.0,5,6,4,9,False,0042500233
1610612759,"203084,1628368,1641705,1642264,1642868",2,564.0,2,436.0,128.0,6,6,8,3,False,0042500233
1610612759,"203084,1641705,1642264,1642844,1642868",2,436.0,2,412.0,24.0,0,0,0,0,False,0042500233
1610612759,"203084,1630170,1641705,1642844,1642868",2,412.0,2,350.0,62.0,1,1,3,2,False,0042500233
1610612759,"1628368,1628436,1630170,1642844,1642868",2,350.0,2,307.0,43.0,2,2,0,2,False,0042500233
1610612759,"1628436,1629640,1630170,1642264,1642844",2,307.0,2,159.0,148.0,7,7,6,6,False,0042500233
1610612759,"1628368,1629640,1630170,1641705,1642264",2,159.0,2,120.0,39.0,0,1,0,3,False,0042500233
1610612759,"1628368,1630170,1630577,1641705,1642264",2,120.0,3,359.0,481.0,18,17,27,22,False,0042500233
1610612759,"1628436,1629640,1630170,1642264,1642844",3,359.0,3,258.0,101.0,2,3,2,2,False,0042500233
1610612759,"1629640,1630170,1641705,1642264,1642844",3,258.0,3,156.0,102.0,4,3,3,2,False,0042500233
1610612759,"1628368,1629640,1630577,1641705,1642844",3,156.0,3,65.0,91.0,3,3,6,5,False,0042500233
1610612759,"1628368,1629640,1630170,1630577,1641705",3,65.0,3,31.4,33.6,1,2,3,2,False,0042500233
1610612759,"1628368,1629640,1630170,1630577,1642264",3,31.4,4,720.0,31.4,1,1,0,0,False,0042500233
1610612759,"1628368,1629640,1641705,1642264,1642868",4,720.0,4,518.0,202.0,6,6,9,8,False,0042500233
1610612759,"1628368,1629640,1630577,1641705,1642264",4,518.0,4,483.0,35.0,2,2,0,4,False,0042500233
1610612759,"1628368,1628436,1630170,1630577,1642844",4,483.0,4,405.0,78.0,3,2,5,4,False,0042500233
1610612759,"1628368,1630170,1630577,1641705,1642844",4,405.0,4,378.0,27.0,1,1,0,2,False,0042500233
1610612759,"1630170,1630577,1641705,1642264,1642844",4,378.0,4,146.0,232.0,6,5,10,5,False,0042500233
1610612759,"1628368,1630170,1630577,1641705,1642264",4,146.0,4,21.6,124.4,5,4,7,2,False,0042500233
1610612759,"1628368,1630170,1641705,1642264,1642844",4,21.6,4,0.0,21.6,0,2,0,2,False,0042500233
1610612750,"203497,203944,1630162,1630183,1630245",1,720.0,1,353.0,367.0,11,13,11,17,False,0042500234
1610612750,"203944,1629675,1630162,1630183,1630545",1,353.0,1,248.0,105.0,2,4,2,4,False,0042500234
1610612750,"203497,1629675,1630162,1630183,1630545",1,248.0,1,225.0,23.0,1,0,2,0,False,0042500234
1610612750,"201144,203497,1629675,1630162,1630545",1,225.0,1,161.0,64.0,3,3,4,1,False,0042500234
1610612750,"201144,203497,1629675,1630245,1630545",1,161.0,1,76.0,85.0,4,5,5,5,False,0042500234
1610612750,"201144,203944,1629675,1630245,1630545",1,76.0,2,720.0,76.0,3,3,8,5,False,0042500234
1610612750,"201144,203944,1629675,1630183,1630545",2,720.0,2,519.0,201.0,8,7,4,4,False,0042500234
1610612750,"203497,1629675,1630162,1630183,1630245",2,519.0,2,517.0,2.0,0,0,0,0,False,0042500234
1610612750,"203497,203944,1630162,1630183,1630245",2,517.0,2,261.0,256.0,8,8,9,11,False,0042500234
1610612750,"203497,1629675,1630162,1630183,1630245",2,261.0,2,196.0,65.0,2,1,3,2,False,0042500234
1610612750,"203944,1629675,1630162,1630183,1630245",2,196.0,2,41.5,154.5,6,7,6,9,False,0042500234
1610612750,"203944,1629675,1630162,1630183,1630545",2,41.5,3,720.0,41.5,2,2,2,2,False,0042500234
1610612750,"203497,203944,1630162,1630183,1630245",3,720.0,3,462.0,258.0,8,6,6,6,False,0042500234
1610612750,"203497,1629675,1630162,1630183,1630245",3,462.0,3,404.0,58.0,3,3,3,4,False,0042500234
1610612750,"203497,1629675,1630162,1630183,1630545",3,404.0,3,326.0,78.0,3,2,5,2,False,0042500234
1610612750,"201144,203497,1629675,1630162,1630545",3,326.0,3,255.0,71.0,2,2,0,2,False,0042500234
1610612750,"201144,203944,1629675,1630162,1630545",3,255.0,3,113.0,142.0,5,5,10,6,False,0042500234
1610612750,"203944,1629675,1630183,1630245,1630545",3,113.0,4,720.0,113.0,4,4,2,2,False,0042500234
1610612750,"203497,1629675,1630162,1630183,1630245",4,720.0,4,542.0,178.0,5,5,6,7,False,0042500234
1610612750,"203497,203944,1630162,1630183,1630245",4,542.0,4,428.0,114.0,3,3,5,3,False,0042500234
1610612750,"203497,203944,1630162,1630183,1630545",4,428.0,4,377.0,51.0,2,2,2,3,False,0042500234
1610612750,"203944,1629675,1630162,1630183,1630545",4,377.0,4,238.0,139.0,4,3,7,2,False,0042500234
1610612750,"203497,203944,1629675,1630162,1630183",4,238.0,4,91.0,147.0,5,7,6,5,False,0042500234
1610612750,"203944,1629675,1630162,1630183,1630245",4,91.0,4,0.0,91.0,3,5,4,9,False,0042500234
1610612759,"1628368,1630170,1630577,1641705,1642264",1,720.0,1,353.0,367.0,13,11,17,11,False,0042500234
1610612759,"1629640,1630170,1641705,1642264,1642844",1,353.0,1,248.0,105.0,4,2,4,2,False,0042500234
1610612759,"1628368,1628436,1629640,1630170,1642844",1,248.0,1,76.0,172.0,8,8,6,11,False,0042500234
1610612759,"1628368,1629640,1630577,1641705,1642844",1,76.0,2,720.0,76.0,3,3,5,8,False,0042500234
1610612759,"1628368,1630577,1641705,1642844,1642868",2,720.0,2,620.0,100.0,3,3,0,2,False,0042500234
1610612759,"1630577,1641705,1642264,1642844,1642868",2,620.0,2,519.0,101.0,4,5,4,2,False,0042500234
1610612759,"1628436,1630577,1642264,1642844,1642868",2,519.0,2,517.0,2.0,0,0,0,0,False,0042500234
1610612759,"203084,1628436,1630577,1642264,1642844",2,517.0,2,456.0,61.0,2,2,3,1,False,0042500234
1610612759,"203084,1628368,1628436,1630170,1642264",2,456.0,2,261.0,195.0,6,6,8,8,False,0042500234
1610612759,"1628368,1628436,1630170,1642264,1642868",2,261.0,2,117.0,144.0,4,5,7,7,False,0042500234
1610612759,"1629640,1630170,1642264,1642844,1642868",2,117.0,2,19.9,97.1,4,4,4,4,False,0042500234
1610612759,"1628368,1630170,1642264,1642844,1642868",2,19.9,2,7.5,12.399999999999999,0,0,0,0,False,0042500234
1610612759,"1628368,1630170,1630577,1642264,1642844",2,7.5,2,6.8,0.7000000000000002,1,0,2,0,False,0042500234
1610612759,"1628368,1629640,1630577,1642844,1642868",2,6.8,3,720.0,6.8,1,1,0,0,False,0042500234
1610612759,"1628368,1628436,1630170,1630577,1642264",3,720.0,3,462.0,258.0,6,8,6,6,False,0042500234
1610612759,"1628436,1629640,1630170,1642264,1642844",3,462.0,3,255.0,207.0,7,8,8,8,False,0042500234
1610612759,"1629640,1630170,1642264,1642844,1642868",3,255.0,3,236.0,19.0,0,1,0,2,False,0042500234
1610612759,"1628368,1629640,1630577,1642844,1642868",3,236.0,4,720.0,236.0,9,8,8,10,False,0042500234
1610612759,"203084,1628368,1628436,1630577,1642264",4,720.0,4,428.0,292.0,8,8,10,11,False,0042500234
1610612759,"1629640,1630170,1630577,1642264,1642844",4,428.0,4,351.0,77.0,3,3,3,4,False,0042500234
1610612759,"1628368,1630170,1630577,1642264,1642844",4,351.0,4,332.0,19.0,0,0,0,0,False,0042500234
1610612759,"1628368,1628436,1630170,1630577,1642844",4,332.0,4,238.0,94.0,2,3,2,5,False,0042500234
1610612759,"1628368,1628436,1630170,1642264,1642844",4,238.0,4,91.0,147.0,7,5,5,6,False,0042500234
1610612759,"1628368,1630170,1630577,1642264,1642844",4,91.0,4,9.8,81.2,5,3,9,4,False,0042500234
1610612759,"1628436,1629640,1630170,1630577,1642264",4,9.8,4,9.8,0.0,0,0,0,0,False,0042500234
1610612759,"1628368,1630170,1630577,1642264,1642844",4,9.8,4,0.0,9.8,0,0,0,0,False,0042500234
1610612750,"203497,203944,1630162,1630183,1630245",1,720.0,1,446.0,274.0,9,8,12,14,False,0042500235
1610612750,"201144,203497,1629675,1630162,1630183",1,446.0,1,344.0,102.0,3,4,2,7,False,0042500235
1610612750,"201144,1629675,1630162,1630183,1630545",1,344.0,1,229.0,115.0,5,4,5,2,False,0042500235
1610612750,"201144,1629675,1630162,1630245,1630545",1,229.0,1,103.0,126.0,4,5,10,4,False,0042500235
1610612750,"201144,1629675,1630183,1630245,1630545",1,103.0,2,720.0,103.0,4,4,4,4,False,0042500235
1610612750,"203944,1629675,1630183,1630245,1630545",2,720.0,2,615.0,105.0,4,3,4,5,False,0042500235
1610612750,"203944,1629675,1630162,1630183,1630245",2,615.0,2,542.0,73.0,2,3,3,2,False,0042500235
1610612750,"203497,203944,1630162,1630183,1630545",2,542.0,2,381.0,161.0,7,6,4,4,False,0042500235
1610612750,"201144,203944,1630162,1630183,1630245",2,381.0,2,306.0,75.0,2,3,2,3,False,0042500235
1610612750,"201144,203944,1629675,1630162,1630245",2,306.0,2,144.0,162.0,7,5,6,6,False,0042500235
1610612750,"203944,1629675,1630162,1630183,1630245",2,144.0,2,91.0,53.0,1,1,3,0,False,0042500235
1610612750,"203497,203944,1629675,1630162,1630245",2,91.0,3,720.0,91.0,3,3,0,0,False,0042500235
1610612750,"203497,203944,1630162,1630183,1630245",3,720.0,3,407.0,313.0,9,9,14,5,False,0042500235
1610612750,"203497,203944,1630162,1630245,1630545",3,407.0,3,372.0,35.0,1,1,2,0,False,0042500235
1610612750,"203497,1629675,1630162,1630245,1630545",3,372.0,3,309.0,63.0,3,2,6,2,False,0042500235
1610612750,"203944,1629675,1630162,1630245,1630545",3,309.0,3,228.0,81.0,4,4,3,6,False,0042500235
1610612750,"201144,203944,1629675,1630162,1630245",3,228.0,3,198.0,30.0,1,1,0,2,False,0042500235
1610612750,"201144,203497,203944,1629675,1630162",3,198.0,3,138.0,60.0,2,2,2,4,False,0042500235
1610612750,"201144,203497,203944,1629675,1630245",3,138.0,3,8.3,129.7,4,4,4,8,False,0042500235
1610612750,"201144,203944,1629675,1630162,1630245",3,8.3,4,720.0,8.3,1,0,0,0,False,0042500235
1610612750,"203944,1629675,1630162,1630183,1630545",4,720.0,4,462.0,258.0,10,11,13,11,False,0042500235
1610612750,"203944,1629675,1630162,1630183,1630245",4,462.0,4,415.0,47.0,3,3,0,4,False,0042500235
1610612750,"203497,203944,1629675,1630162,1630245",4,415.0,4,286.0,129.0,3,5,4,5,False,0042500235
1610612750,"203944,1629675,1630162,1630183,1630245",4,286.0,4,188.0,98.0,3,3,2,5,False,0042500235
1610612750,"203937,1630538,1641740,1641763,1642866",4,188.0,4,0.0,188.0,8,7,4,11,False,0042500235
1610612759,"1628368,1630170,1630577,1641705,1642264",1,720.0,1,344.0,376.0,12,12,21,14,False,0042500235
1610612759,"1628436,1629640,1630170,1642264,1642844",1,344.0,1,191.0,153.0,5,6,4,8,False,0042500235
1610612759,"1628436,1629640,1630577,1642264,1642844",1,191.0,1,171.0,20.0,2,1,0,3,False,0042500235
1610612759,"1628368,1628436,1629640,1630577,1642844",1,171.0,1,144.0,27.0,1,1,0,2,False,0042500235
1610612759,"1628368,1629640,1630577,1641705,1642844",1,144.0,2,720.0,144.0,5,5,6,6,False,0042500235
1610612759,"1628368,1630170,1641705,1642264,1642868",2,720.0,2,577.0,143.0,4,5,5,7,False,0042500235
1610612759,"1630170,1641705,1642264,1642844,1642868",2,577.0,2,542.0,35.0,2,1,2,0,False,0042500235
1610612759,"1628436,1630170,1642264,1642844,1642868",2,542.0,2,468.0,74.0,3,3,0,2,False,0042500235
1610612759,"1628436,1629640,1630170,1642844,1642868",2,468.0,2,381.0,87.0,3,4,4,2,False,0042500235
1610612759,"1628368,1629640,1630170,1642844,1642868",2,381.0,2,306.0,75.0,3,2,3,2,False,0042500235
1610612759,"203084,1628368,1629640,1630170,1641705",2,306.0,2,242.0,64.0,2,2,4,1,False,0042500235
1610612759,"203084,1628368,1629640,1630577,1641705",2,242.0,2,168.0,74.0,2,3,2,2,False,0042500235
1610612759,"203084,1628368,1630577,1641705,1642844",2,168.0,2,91.0,77.0,2,3,0,6,False,0042500235
1610612759,"1628368,1630170,1630577,1641705,1642844",2,91.0,3,720.0,91.0,3,3,0,0,False,0042500235
1610612759,"1628368,1630170,1630577,1641705,1642264",3,720.0,3,407.0,313.0,9,9,5,14,False,0042500235
1610612759,"1629640,1630577,1641705,1642264,1642844",3,407.0,3,261.0,146.0,5,6,4,10,False,0042500235
1610612759,"1628368,1629640,1630577,1641705,1642844",3,261.0,3,228.0,33.0,2,2,4,1,False,0042500235
1610612759,"1628368,1629640,1630170,1641705,1642844",3,228.0,3,198.0,30.0,1,1,2,0,False,0042500235
1610612759,"1628368,1628436,1629640,1630170,1642844",3,198.0,3,8.3,189.7,6,6,12,6,False,0042500235
1610612759,"1628368,1629640,1630170,1630577,1641705",3,8.3,4,720.0,8.3,0,1,0,0,False,0042500235
1610612759,"1628368,1630170,1641705,1642264,1642868",4,720.0,4,574.0,146.0,6,6,2,8,False,0042500235
1610612759,"1628368,1630170,1630577,1641705,1642264",4,574.0,4,462.0,112.0,5,4,9,5,False,0042500235
1610612759,"1628436,1630170,1630577,1642264,1642844",4,462.0,4,415.0,47.0,3,3,4,0,False,0042500235
1610612759,"1628436,1629640,1630577,1642264,1642844",4,415.0,4,354.0,61.0,2,1,1,2,False,0042500235
1610612759,"1628368,1629640,1630577,1641705,1642844",4,354.0,4,188.0,166.0,6,5,9,4,False,0042500235
1610612759,"1629162,1629640,1630577,1642844,1642868",4,188.0,4,128.0,60.0,2,3,3,0,False,0042500235
1610612759,"202687,203482,1629162,1630322,1642868",4,128.0,4,0.0,128.0,5,5,8,4,False,0042500235
1610612750,"203497,203944,1630162,1630183,1630245",1,720.0,1,417.0,303.0,10,10,10,19,False,0042500236
1610612750,"203944,1629675,1630162,1630245,1630545",1,417.0,1,268.0,149.0,5,5,7,9,False,0042500236
1610612750,"201144,203944,1629675,1630162,1630545",1,268.0,1,211.0,57.0,1,1,3,0,False,0042500236
1610612750,"201144,203497,1629675,1630162,1630545",1,211.0,1,195.0,16.0,1,0,0,0,False,0042500236
1610612750,"201144,203497,1629675,1630183,1630545",1,195.0,1,120.0,75.0,2,5,0,6,False,0042500236
1610612750,"201144,203497,1629675,1630183,1630245",1,120.0,2,720.0,120.0,3,3,7,2,False,0042500236
1610612750,"203944,1629675,1630162,1630183,1630245",2,720.0,2,562.0,158.0,6,4,2,8,False,0042500236
1610612750,"203497,203944,1630162,1630183,1630245",2,562.0,2,562.0,0.0,0,0,0,0,False,0042500236
1610612750,"201144,203497,203944,1630162,1630245",2,562.0,2,526.0,36.0,2,1,0,0,False,0042500236
1610612750,"201144,203497,203944,1630162,1630545",2,526.0,2,490.0,36.0,1,2,0,6,False,0042500236
1610612750,"201144,203497,1629675,1630162,1630545",2,490.0,2,206.0,284.0,11,11,19,11,False,0042500236
1610612750,"201144,203497,1629675,1630162,1630183",2,206.0,2,151.0,55.0,2,1,5,2,False,0042500236
1610612750,"201144,203944,1629675,1630162,1630183",2,151.0,2,75.0,76.0,4,5,5,2,False,0042500236
1610612750,"203944,1629675,1630162,1630183,1630545",2,75.0,2,32.1,42.9,1,1,2,2,False,0042500236
1610612750,"201144,203944,1629675,1630162,1630545",2,32.1,3,720.0,32.1,2,2,5,3,False,0042500236
1610612750,"203497,203944,1630162,1630183,1630245",3,720.0,3,627.0,93.0,3,2,5,2,False,0042500236
1610612750,"203497,203944,1630162,1630245,1630545",3,627.0,3,589.0,38.0,2,2,0,2,False,0042500236
1610612750,"203944,1629675,1630162,1630245,1630545",3,589.0,3,427.0,162.0,5,5,4,7,False,0042500236
1610612750,"1629675,1630162,1630183,1630245,1630545",3,427.0,3,395.0,32.0,2,2,5,4,False,0042500236
1610612750,"201144,1629675,1630162,1630183,1630545",3,395.0,3,239.0,156.0,6,8,2,14,False,0042500236
1610612750,"201144,203497,1629675,1630162,1630183",3,239.0,3,72.0,167.0,6,6,7,4,False,0042500236
1610612750,"203497,1629675,1630162,1630183,1630245",3,72.0,4,720.0,72.0,1,2,0,3,False,0042500236
1610612750,"203944,1629675,1630183,1630245,1630545",4,720.0,4,665.0,55.0,2,2,4,5,False,0042500236
1610612750,"203944,1629675,1630162,1630245,1630545",4,665.0,4,481.0,184.0,5,6,7,13,False,0042500236
1610612750,"203937,1630538,1641740,1641763,1642866",4,481.0,4,0.0,481.0,14,14,16,9,False,0042500236
1610612759,"1628368,1630170,1630577,1641705,1642264",1,720.0,1,452.0,268.0,9,8,18,8,False,0042500236
1610612759,"1630170,1630577,1641705,1642264,1642844",1,452.0,1,417.0,35.0,1,2,1,2,False,0042500236
1610612759,"1629640,1630170,1641705,1642264,1642844",1,417.0,1,325.0,92.0,2,3,4,5,False,0042500236
1610612759,"1629640,1630577,1641705,1642264,1642844",1,325.0,1,268.0,57.0,3,2,5,2,False,0042500236
1610612759,"1628436,1629640,1630577,1642264,1642844",1,268.0,1,211.0,57.0,1,1,0,3,False,0042500236
1610612759,"1628368,1628436,1629640,1630577,1642844",1,211.0,1,74.0,137.0,6,4,8,3,False,0042500236
1610612759,"1628368,1629640,1630577,1641705,1642844",1,74.0,2,720.0,74.0,2,2,0,4,False,0042500236
1610612759,"1628368,1630577,1641705,1642844,1642868",2,720.0,2,671.0,49.0,1,1,2,0,False,0042500236
1610612759,"1628368,1630577,1641705,1642264,1642868",2,671.0,2,526.0,145.0,4,7,6,2,False,0042500236
1610612759,"1630170,1641705,1642264,1642844,1642868",2,526.0,2,395.0,131.0,7,6,9,6,False,0042500236
1610612759,"1628368,1628436,1630170,1642264,1642868",2,395.0,2,308.0,87.0,4,4,3,8,False,0042500236
1610612759,"1628368,1628436,1630170,1642844,1642868",2,308.0,2,299.0,9.0,0,0,0,0,False,0042500236
1610612759,"1628368,1628436,1629640,1630170,1642844",2,299.0,2,264.0,35.0,0,1,0,3,False,0042500236
1610612759,"1628368,1629640,1630170,1641705,1642844",2,264.0,2,206.0,58.0,2,1,5,2,False,0042500236
1610612759,"1629640,1630170,1641705,1642264,1642844",2,206.0,2,157.0,49.0,1,2,2,5,False,0042500236
1610612759,"1628368,1629640,1630170,1641705,1642264",2,157.0,2,117.0,40.0,2,2,0,5,False,0042500236
1610612759,"1628368,1630170,1630577,1641705,1642264",2,117.0,2,75.0,42.0,3,2,2,0,False,0042500236
1610612759,"1630170,1630577,1641705,1642264,1642844",2,75.0,2,1.5,73.5,2,2,5,4,False,0042500236
1610612759,"1628436,1629640,1630170,1630577,1641705",2,1.5,3,720.0,1.5,1,1,0,3,False,0042500236
1610612759,"1628368,1630170,1630577,1641705,1642264",3,720.0,3,452.0,268.0,8,10,9,9,False,0042500236
1610612759,"1630170,1630577,1641705,1642264,1642844",3,452.0,3,427.0,25.0,1,0,2,0,False,0042500236
1610612759,"1630170,1641705,1642264,1642844,1642868",3,427.0,3,395.0,32.0,2,2,4,5,False,0042500236
1610612759,"1628436,1630170,1642264,1642844,1642868",3,395.0,3,321.0,74.0,4,3,7,2,False,0042500236
1610612759,"1628368,1628436,1630170,1642844,1642868",3,321.0,3,72.0,249.0,10,9,11,7,False,0042500236
1610612759,"1630170,1630577,1641705,1642264,1642844",3,72.0,3,5.5,66.5,1,1,3,0,False,0042500236
1610612759,"1630170,1630577,1641705,1642264,1642868",3,5.5,4,720.0,5.5,1,0,0,0,False,0042500236
1610612759,"203084,1630577,1641705,1642264,1642844",4,720.0,4,590.0,130.0,5,4,10,6,False,0042500236
1610612759,"203084,1628436,1630577,1642264,1642844",4,590.0,4,481.0,109.0,3,3,8,5,False,0042500236
1610612759,"203084,203482,1628436,1629162,1630322",4,481.0,4,390.0,91.0,3,3,2,0,False,0042500236
1610612759,"202687,203084,203482,1629162,1630322",4,390.0,4,302.0,88.0,2,3,0,6,False,0042500236
1610612759,"202687,203482,203486,1629162,1630322",4,302.0,4,0.0,302.0,9,8,7,10,False,0042500236
