player,player_id,season_year,weighted_distance,similarity_score
Anthony Edwards,1630162,2025-26,0.0,1.0
Jaylen Brown,1627759,2020-21,0.6498358600117045,0.6061209022289682
Devin Booker,1626164,2020-21,0.70752951703237,0.585641413530565
Zach LaVine,203897,2019-20,0.8213053115526114,0.5490567636611833
Donovan Mitchell,1628378,2020-21,0.889801931198894,0.5291559837520106
Brandon Roy,1717,2008-09,1.4346762221977634,0.41073223243512347
Kobe Bryant,977,2002-03,1.449122145967568,0.40830956579543437
Tracy McGrady,1503,2003-04,1.5729384054709739,0.38866068378226526
Dwyane Wade,2548,2005-06,1.6250440411973566,0.3809459895933296
Bradley Beal,1626156,2017-18,1.835853933470293,0.352627470758439
John Wall,202326,2014-15,1.88916599164434,0.34612064619757615
Russell Westbrook,101108,2012-13,1.920095527230954,0.34245455009078846
Vince Carter,1495,2000-01,1.950860593273455,0.3388841893376867
DeMar DeRozan,201942,2013-14,2.0110247618663344,0.33211284499041
Allen Iverson,947,1999-00,2.1218188411428556,0.3203260826095577
Jimmy Butler,202710,2013-14,2.8815955619439193,0.2576260159106313
