Player,Age,2025-26,2026-27,2027-28,2028-29,2029-30,2030-31,Guaranteed
Anthony Edwards,24,$45550512,$48924624,$52298736,$55672848,,,$202446720
Rudy Gobert,33,$35000000,$36500000,$38000000,,,,$71500000
Julius Randle,31,$30864198,$33333334,$35802468,,,,$64197532
Jaden McDaniels,25,$24393104,$26200001,$28006898,$29813790,,,$108413793
Naz Reid,26,$21551724,$23275862,$25000000,$26724138,$28448276,,$96551724
Donte DiVincenzo,29,$11990000,$12535000,,,,,$24525000
Ayo Dosunmu,26,$7518518,,,,,,$7518518
Joan Beringer,19,$4201080,$4411200,$4621200,$7098163,,,$8612280
Terrence Shannon Jr.,25,$2674080,$2801640,$5054159,,,,$5475720
Bones Hyland,25,$2296274,,,,,,$2296274
Joe Ingles,38,$2296274,,,,,,$2296274
Julian Phillips,22,$2221677,$2406205,,,,,$2221677
Jaylen Clark,24,$2191897,,,,,,$2191897
Mike Conley,38,$725834,,,,,,$725834
Kyle Anderson,32,,,,,,,
Enrique Freeman,25,,,,,,,
Zyon Pullin,25,,,,,,,
Rocco Zikarsky,19,,,,,,,
Johnny Juzang,25,,,,,,,
Jules Bernard,26,,,,,,,
Team Totals,,$193475172,$190387866,$188783461,$119308939,$28448276,,$598973243