PLAYER_ID,PLAYER_NAME,season,AGE,MIN,draft_number,position
200753,Patrick O'Bryant,2006-07,21.0,118.75,9.0,Center
1627740,Henry Ellenson,2016-17,20.0,146.24333333333334,18.0,Forward-Center
1630188,Jalen Smith,2020-21,21.0,155.725,10.0,Forward-Center
200754,Mouhamed Sene,2006-07,21.0,169.45333333333335,10.0,Center
201582,Alexis Ajinca,2008-09,21.0,182.25666666666663,20.0,Center
1627790,Ante Zizic,2017-18,21.0,214.24,23.0,Center
101115,Andrew Bynum,2005-06,18.0,338.32166666666666,10.0,Center
1627834,Georgios Papagiannis,2016-17,19.0,355.01666666666665,13.0,Center
2740,Andris Biedrins,2004-05,19.0,382.305,11.0,Center
1630192,Zeke Nnaji,2020-21,20.0,397.2783333333333,22.0,Forward-Center
1629048,Goga Bitadze,2019-20,20.0,471.2916666666667,18.0,Center-Forward
2212,Steven Hunter,2001-02,20.0,514.0466666666666,15.0,Center
1627748,Thon Maker,2016-17,20.0,562.1883333333334,10.0,Forward-Center
201585,Kosta Koufos,2008-09,20.0,565.1883333333334,23.0,Center
201577,Robin Lopez,2008-09,21.0,614.3333333333334,15.0,Center
1627751,Jakob Poeltl,2016-17,21.0,626.43,9.0,Center
202338,Kevin Seraphin,2010-11,21.0,634.6283333333333,17.0,Forward-Center
2053,Dalibor Bagaric,2001-02,21.0,634.8816666666667,24.0,Center
201581,JJ Hickson,2008-09,20.0,704.7016666666667,19.0,Center-Forward
202696,Nikola Vučević,2011-12,21.0,811.5733333333334,16.0,Center
1628385,Harry Giles III,2018-19,21.0,819.99,20.0,Forward-Center
203096,Jared Sullinger,2012-13,21.0,891.5316666666666,21.0,Center-Forward
201150,Spencer Hawes,2007-08,20.0,931.2533333333332,10.0,Forward-Center
2744,Al Jefferson,2004-05,20.0,1044.215,15.0,Center
1628380,Zach Collins,2017-18,20.0,1045.45,10.0,Forward-Center
203994,Jusuf Nurkić,2014-15,20.0,1103.2583333333334,16.0,Center
201580,JaVale McGee,2008-09,21.0,1142.5916666666667,18.0,Center-Forward
203500,Steven Adams,2013-14,20.0,1197.3233333333333,12.0,Center
