player,direction,how,date,detail,salary_2026_27,salary_source,spotrac_cap_hit,contract_years,contract_total,options,reported_terms,sources,n_sources,bref,slug_guessed
Joe Ingles,out,contract expired (signed in the NBL),2026-05-18,"Two-year contract with Melbourne United (NBL), reported 2026-05-18, after Minnesota's second-round elimination; not re-signed",,none,,,,,"Two-year contract with Melbourne United (NBL), reported 2026-05-18, after Minnesota's second-round elimination; not re-signed",https://www.basketball-reference.com/players/i/inglejo01.html https://www.hoopsrumors.com/2026/05/joe-ingles-signs-two-year-contract-with-melbourne-united.html https://www.abc.net.au/news/2026-05-19/basketball-joe-ingles-signs-nbl-melbourne-united/106693056,3,/players/i/inglejo01.html,False
Joshua Jefferson,in,drafted,2026-06-23,Drafted by the Minnesota Timberwolves in the 1st round (28th pick) of the 2026 NBA Draft.,,none,,,,,Drafted No. 28 by Minnesota on 2026-06-23 (a pick acquired from Detroit); rights to Brooklyn with Randle,https://www.basketball-reference.com/players/j/jeffejo01.html https://www.hoopsrumors.com/2026/07/wolves-hornets-nets-bulls-finalize-four-team-trade.html https://www.nba.com/news/lamelo-ball-trade-timberwolves-2026,3,/players/j/jeffejo01.html,False
Trey Kaufman-Renn,retained,"drafted and unsigned, rights retained",2026-06-24,Drafted No. 59 on 2026-06-25; never signed; granted a temporary restraining order against the NCAA on 2026-09-09 to pursue a sixth college season; Minnesota retains his draft rights,,none,,,,,Drafted No. 59 on 2026-06-25; never signed; granted a temporary restraining order against the NCAA on 2026-09-09 to pursue a sixth college season; Minnesota retains his draft rights,https://www.basketball-reference.com/players/k/kaufmtr01.html https://www.hoopsrumors.com/2026/09/kaufman-renn-receives-temporary-restraining-order-in-eligibility-case.html https://ca.sports.yahoo.com/news/wolves-draft-pick-trey-kaufman-210345224.html,3,/players/k/kaufmtr01.html,False
Enrique Freeman,retained,re-signed,2026-07-02,Signed a two-way contract with the Minnesota Timberwolves .,,none,,,,,"Two-way contract, one year, accepted his two-way qualifying offer; Hoops Rumors check-in: $91K partial guarantee rising to $339.4K at the start of the season",https://www.basketball-reference.com/players/f/freemen01.html https://www.hoopsrumors.com/2026/07/enrique-freeman-returning-to-wolves-on-two-way-deal.html https://sports.yahoo.com/articles/minnesota-timberwolves-signing-enrique-freeman-210358829.html,3,/players/f/freemen01.html,False
Bones Hyland,retained,re-signed,2026-07-03,Signed a contract with the Minnesota Timberwolves .,2845883.0,contract book + Spotrac,2845883.0,1.0,2845883.0,,"One year at the veteran minimum, fully guaranteed; about $2.85M salary with a $2.45M cap hit (Hoops Rumors); agreed 2026-06-30",https://www.basketball-reference.com/players/h/hylanbo01.html https://www.hoopsrumors.com/2026/06/bones-hyland-re-signing-with-timberwolves-on-one-year-deal.html https://www.si.com/nba/timberwolves/onsi/timberwolves-re-sign-fan-favorite-guard-bones-hyland https://www.spotrac.com/nba/player/_/id/74133/nahshon-hyland,4,/players/h/hylanbo01.html,False
Kyle Anderson,out,signed elsewhere,2026-07-06,Signed a contract with the Toronto Raptors .,2449421.0,contract book,,1.0,2449421.0,,"One year at the minimum with Toronto (about $3.88M salary, $2.45M cap hit per Hoops Rumors; terms not disclosed per the Canadian Press); agreed 2026-07-02; the Raptors' announcement was reported 2026-07-08",https://www.basketball-reference.com/players/a/anderky01.html https://www.hoopsrumors.com/2026/07/raptors-kyle-anderson-agree-to-one-year-deal.html https://www.cp24.com/news/sports/2026/07/08/toronto-raptors-sign-kyle-anderson-veteran-forward-joins-seventh-nba-team/,3,/players/a/anderky01.html,False
Mike Conley,out,signed elsewhere,2026-07-06,Signed a contract with the Boston Celtics .,2449421.0,contract book,,1.0,2449421.0,,"One year, veteran minimum with Boston (about $2.45M cap hit per Hoops Rumors); agreed 2026-07-01",https://www.basketball-reference.com/players/c/conlemi01.html https://www.nba.com/news/mike-conley-free-agency-2026 https://www.hoopsrumors.com/2026/07/celtics-to-sign-mike-conley.html,3,/players/c/conlemi01.html,False
2026 second-round pick,in,from BRK,2026-07-10,"Return leg your feed is missing entirely. Hoops Rumors: Timberwolves received ""LaMelo Ball, Josh Green, and the draft rights to Isaiah Evans (No. 33 pick; from Nets)."" SI: ""Minnesota Timberwolves rece",,n/a,,,,,,https://www.hoopsrumors.com/2026/07/wolves-hornets-nets-bulls-finalize-four-team-trade.html https://www.si.com/nba/hornets/onsi/full-details-of-the-hornets-four-team-trade-every-pick-and-player-charlotte-received,2,,False
Isaiah Evans,in,traded for,2026-07-10,"As part of a 4-team trade, traded by the Brooklyn Nets to the Minnesota Timberwolves ",1357763.0,contract book + Spotrac,1357763.0,4.0,9264648.0,2029-30 team_option,"Drafted No. 33 by Brooklyn on 2026-06-25 on behalf of Minnesota; rights via the four-team trade; four years, $9.3M, first three guaranteed, fourth-year team option, second-round pick exception (Hoops Rumors: $1.36M, $2.29M, $2.69M, $2.92M)",https://www.basketball-reference.com/players/e/evansis01.html https://www.hoopsrumors.com/2026/07/timberwolves-sign-isaiah-evans-to-four-year-contract.html https://sports.yahoo.com/articles/timberwolves-sign-isaiah-evans-contract-172341772.html https://www.spotrac.com/nba/player/_/id/107937/isaiah-evans,4,/players/e/evansis01.html,False
Josh Green,in,traded for,2026-07-10,"As part of a 4-team trade, traded by the Charlotte Hornets with LaMelo Ball to the Minnesota Timberwolves ",14679012.0,contract book,,1.0,14679012.0,,Acquired with Ball from Charlotte; $14.68M expiring contract; traded to Utah with cash on 2026-08-29 for Cody Williams and John Konchar (cash reported as $4M only in the Hoops Rumors check-in),https://www.basketball-reference.com/players/g/greenjo02.html https://www.hoopsrumors.com/2026/07/wolves-hornets-nets-bulls-finalize-four-team-trade.html https://www.espn.com/nba/story/_/id/49759209/wolves-trade-3-d-wing-josh-green-jazaz,3,/players/g/greenjo02.html,False
LaMelo Ball,in,traded for,2026-07-10,"As part of a 4-team trade, traded by the Charlotte Hornets with Josh Green to the Minnesota Timberwolves ",40770520.0,contract book + Spotrac,40770520.0,3.0,130746840.0,,"Three years remaining on a five-year, $203.9M designated rookie extension (NBA.com); the deal was first reported 2026-06-25 and finalized 2026-07-10",https://www.basketball-reference.com/players/b/ballla01.html https://www.hoopsrumors.com/2026/07/wolves-hornets-nets-bulls-finalize-four-team-trade.html https://www.nba.com/news/lamelo-ball-trade-timberwolves-2026 https://www.spotrac.com/nba/player/_/id/70645/lamelo-ball,4,/players/b/ballla01.html,False
Trey Lyles,in,signed,2026-07-10,Signed a contract with the Minnesota Timberwolves .,2449421.0,contract book + Spotrac,2449421.0,1.0,2449421.0,,One year at the minimum with a $1.5M partial guarantee via the minimum salary exception (Hoops Rumors check-in); agreed 2026-07-03; the exact dollar figure is not on any fetched page,https://www.basketball-reference.com/players/l/lylestr01.html https://www.hoopsrumors.com/2026/07/timberwolves-trey-lyles-agree-to-one-year-deal.html https://www.nbcsports.com/fantasy/basketball/player-news/2026-07-03/trey-lyles-returns-to-nba-signs-with-timberwolves https://www.spotrac.com/nba/player/_/id/17840/trey-lyles,4,/players/l/lylestr01.html,False
2022 second-round draft rights,out,to CHA,2026-07-10,"NOT a pick - the retained draft rights to a previously drafted stash player. Hoops Rumors: Hornets received ""the draft rights to Matteo Spagnolo (from Timberwolves)."" Spagnolo was Minnesota's No. 50 o",,n/a,,,,,,https://www.hoopsrumors.com/2026/07/wolves-hornets-nets-bulls-finalize-four-team-trade.html https://www.si.com/nba/hornets/onsi/full-details-of-the-hornets-four-team-trade-every-pick-and-player-charlotte-received,2,,False
2026 first-round pick,out,to BRK,2026-07-10,"This is the '2026 first to Brooklyn with Randle' in your reported version, and it is REAL, but it moved as already-exercised draft rights, not as a future pick: Hoops Rumors has Brooklyn receiving ""Ju",,n/a,,,,,,https://www.hoopsrumors.com/2026/07/wolves-hornets-nets-bulls-finalize-four-team-trade.html https://www.si.com/nba/hornets/onsi/full-details-of-the-hornets-four-team-trade-every-pick-and-player-charlotte-received,2,,False
2028 first-round swap right (none reported),out,to CHA,2026-07-10,"Hoops Rumors: ""the right to swap their 2028 first-round pick for the Timberwolves' 2028 first-round pick"". Their swap-explainer adds: ""The Timberwolves haven't previously included their 2028 first-rou",,n/a,,,,,,https://www.hoopsrumors.com/2026/06/examining-the-pick-swaps-in-the-lamelo-ball-trade.html https://www.si.com/nba/hornets/onsi/full-details-of-the-hornets-four-team-trade-every-pick-and-player-charlotte-received,2,,False
2029 first-round swap right (6-30 protected (per Hoops Rumors' transaction breakdown)),out,to CHA,2026-07-10,"Hoops Rumors: ""the right to swap their 2029 first-round pick for the Timberwolves' 2029 first-round pick (6-30 protected)"". Heavily encumbered by the 2022 Gobert trade: ""Minnesota will only actually c",,n/a,,,,,,https://www.hoopsrumors.com/2026/06/examining-the-pick-swaps-in-the-lamelo-ball-trade.html https://www.si.com/nba/hornets/onsi/full-details-of-the-hornets-four-team-trade-every-pick-and-player-charlotte-received,2,,False
2029 second-round pick (none stated in the trade breakdown),out,to CHA,2026-07-10,"Hoops Rumors: ""the Timberwolves' 2029 second-round pick"". CAUTION: a secondary Wolves blog's post-trade ledger lists Minnesota's 2029 second as ""To Utah or Charlotte,"" implying a prior encumbrance. No",,n/a,,,,,,https://www.hoopsrumors.com/2026/07/wolves-hornets-nets-bulls-finalize-four-team-trade.html https://www.si.com/nba/hornets/onsi/full-details-of-the-hornets-four-team-trade-every-pick-and-player-charlotte-received,2,,False
2030 first-round swap right (no protection reported on the CHA swap itself; the underlying MIN pick is already subject to a San Antonio swap),out,to CHA,2026-07-10,"Hoops Rumors' transaction breakdown says only ""a 2030 first-round pick swap"" with no further detail. Their swap explainer: San Antonio has ""the right to swap either the Mavs' or their own pick (whiche",,n/a,,,,,,https://www.hoopsrumors.com/2026/06/examining-the-pick-swaps-in-the-lamelo-ball-trade.html https://www.si.com/nba/hornets/onsi/full-details-of-the-hornets-four-team-trade-every-pick-and-player-charlotte-received,2,,False
2032 second-round pick (none stated),out,to CHA,2026-07-10,"Hoops Rumors: ""the Timberwolves' 2032 second-round pick"".",,n/a,,,,,,https://www.hoopsrumors.com/2026/07/wolves-hornets-nets-bulls-finalize-four-team-trade.html https://www.si.com/nba/hornets/onsi/full-details-of-the-hornets-four-team-trade-every-pick-and-player-charlotte-received,2,,False
2033 first-round pick (unprotected),out,to CHA,2026-07-10,"Outright conveyance of Minnesota's own 2033 first-round pick. Hoops Rumors: ""the Timberwolves' 2033 first-round pick""; ESPN: ""a 2033 unprotected first-round pick"".",,n/a,,,,,,https://www.hoopsrumors.com/2026/07/wolves-hornets-nets-bulls-finalize-four-team-trade.html https://www.si.com/nba/hornets/onsi/full-details-of-the-hornets-four-team-trade-every-pick-and-player-charlotte-received,2,,False
2033 second-round pick (none stated),out,to CHA,2026-07-10,"Hoops Rumors: ""the Timberwolves' 2033 second-round pick"".",,n/a,,,,,,https://www.hoopsrumors.com/2026/07/wolves-hornets-nets-bulls-finalize-four-team-trade.html https://www.si.com/nba/hornets/onsi/full-details-of-the-hornets-four-team-trade-every-pick-and-player-charlotte-received,2,,False
Joshua Jefferson,out,traded away,2026-07-10,"As part of a 4-team trade, traded by the Minnesota Timberwolves with Julius Randle to the Brooklyn Nets ",,none,,,,,Drafted No. 28 by Minnesota on 2026-06-23 (a pick acquired from Detroit); rights to Brooklyn with Randle,https://www.basketball-reference.com/players/j/jeffejo01.html https://www.hoopsrumors.com/2026/07/wolves-hornets-nets-bulls-finalize-four-team-trade.html https://www.nba.com/news/lamelo-ball-trade-timberwolves-2026,3,/players/j/jeffejo01.html,False
Julius Randle,out,traded away,2026-07-10,"As part of a 4-team trade, traded by the Minnesota Timberwolves with Joshua Jefferson to the Brooklyn Nets ",33333334.0,contract book,,2.0,69135802.0,2027-28 player_option,To Brooklyn with the draft rights to Joshua Jefferson (No. 28),https://www.basketball-reference.com/players/r/randlju01.html https://www.hoopsrumors.com/2026/07/wolves-hornets-nets-bulls-finalize-four-team-trade.html https://www.nba.com/news/lamelo-ball-trade-timberwolves-2026,3,/players/r/randlju01.html,False
Naz Reid,out,traded away,2026-07-10,"As part of a 4-team trade, traded by the Minnesota Timberwolves with Matteo Spagnolo , a 2028 1st round draft pick, a 2029 1st round draft pick, a 2029 2nd round draft pick, a 2030 1st round draft pic",23275862.0,contract book,,4.0,103448276.0,2029-30 player_option,"To Charlotte with Mouhamadou Gueye (from Chicago), the draft rights to Matteo Spagnolo, Minnesota's 2033 first (unprotected), 2029, 2032 and 2033 seconds, and first-round swap rights in 2028, 2029 (6-30 protected per Hoops Rumors) and 2030",https://www.basketball-reference.com/players/r/reidna01.html https://www.hoopsrumors.com/2026/07/wolves-hornets-nets-bulls-finalize-four-team-trade.html https://www.nba.com/news/lamelo-ball-trade-timberwolves-2026,3,/players/r/reidna01.html,False
Ayo Dosunmu,retained,re-signed,2026-07-10,Signed a multi-year contract with the Minnesota Timberwolves .,19310345.0,contract book + Spotrac,19310345.0,5.0,112000000.0,2030-31 player_option,"Five years, $112M, fifth-year player option (ESPN, Charania, 2026-06-23); ascending from about $18M to about $24M (Hoops Rumors)",https://www.basketball-reference.com/players/d/dosunay01.html https://www.espn.com/nba/story/_/id/49150075/dosunmu-gets-5-year-112m-deal-timberwolves https://www.nba.com/news/reports-ayo-dosunmu-to-re-sign-with-timberwolves https://www.spotrac.com/nba/player/_/id/74145/ayo-dosunmu,4,/players/d/dosunay01.html,False
Jaylen Clark,retained,re-signed,2026-07-10,Signed a multi-year contract with the Minnesota Timberwolves .,3086420.0,contract book + Spotrac,3086420.0,3.0,10000000.0,,"Three years, $10M fully guaranteed; about $3.1M, $3.3M and $3.6M by season (Yahoo, citing Keith Smith); agreed 2026-06-26",https://www.basketball-reference.com/players/c/clarkja02.html https://www.hoopsrumors.com/2026/06/wolves-jaylen-clark-agree-to-three-year-deal.html https://sports.yahoo.com/articles/timberwolves-sign-jaylen-clark-three-215542838.html https://www.spotrac.com/nba/player/_/id/84479/jaylen-clark,4,/players/c/clarkja02.html,False
Julian Phillips,out,signed elsewhere,2026-07-24,Signed a contract with the Houston Rockets .,2537526.0,contract book,,1.0,2537526.0,,"$2,406,205 team option declined on 2026-06-29 with no qualifying offer; signed with Houston 2026-07-24, terms undisclosed and likely non-guaranteed",https://www.basketball-reference.com/players/p/phillju01.html https://www.hoopsrumors.com/2026/06/timberwolves-decline-team-option-on-julian-phillips.html https://kstp.com/minnesota-sports/source-timberwolves-decline-team-option-on-forward-julian-phillips/,3,/players/p/phillju01.html,False
Cody Williams,in,traded for,2026-08-29,Traded by the Utah Jazz with John Konchar to the Minnesota Timberwolves for cash and Josh Green .  Minnesota received a trade exception,6015600.0,contract book + Spotrac,6015600.0,2.0,13685490.0,2026-27 team_option; 2027-28 team_option,From Utah with John Konchar for Josh Green and cash; $6.02M,https://www.basketball-reference.com/players/w/willico04.html https://www.espn.com/nba/story/_/id/49759209/wolves-trade-3-d-wing-josh-green-jazaz https://www.nba.com/news/jazz-trade-cody-williams-john-konchar-to-timberwolves-for-josh-green https://www.spotrac.com/nba/player/_/id/91752/cody-williams,4,/players/w/willico04.html,False
John Konchar,in,traded for,2026-08-29,Traded by the Utah Jazz with Cody Williams to the Minnesota Timberwolves for cash and Josh Green .  Minnesota received a trade exception,4504421.0,contract book + Spotrac,2055000.0,3.0,8614421.0,,"$6.17M salary waived and stretched over three seasons at about $2.05M to $2.06M a year, 2026-27 through 2028-29 (ESPN: $2.05M; Hoops Rumors: $2.06M)",https://www.basketball-reference.com/players/k/konchjo01.html https://www.espn.com/nba/story/_/id/49759209/wolves-trade-3-d-wing-josh-green-jazaz https://www.hoopsrumors.com/2026/08/timberwolves-waive-john-konchar.html https://www.spotrac.com/nba/player/_/id/32170/john-konchar,4,/players/k/konchjo01.html,False
John Konchar,out,waived,2026-08-29,Waived by the Minnesota Timberwolves .,2055000.0,Spotrac dead money (stretched),2055000.0,3.0,8614421.0,,"$6.17M salary waived and stretched over three seasons at about $2.05M to $2.06M a year, 2026-27 through 2028-29 (ESPN: $2.05M; Hoops Rumors: $2.06M)",https://www.basketball-reference.com/players/k/konchjo01.html https://www.espn.com/nba/story/_/id/49759209/wolves-trade-3-d-wing-josh-green-jazaz https://www.hoopsrumors.com/2026/08/timberwolves-waive-john-konchar.html https://www.spotrac.com/nba/player/_/id/32170/john-konchar,4,/players/k/konchjo01.html,False
Josh Green,out,traded away,2026-08-29,Traded by the Minnesota Timberwolves with cash to the Utah Jazz for John Konchar and Cody Williams .  Minnesota received a trade exception,14679012.0,contract book,,1.0,14679012.0,,Acquired with Ball from Charlotte; $14.68M expiring contract; traded to Utah with cash on 2026-08-29 for Cody Williams and John Konchar (cash reported as $4M only in the Hoops Rumors check-in),https://www.basketball-reference.com/players/g/greenjo02.html https://www.hoopsrumors.com/2026/07/wolves-hornets-nets-bulls-finalize-four-team-trade.html https://www.espn.com/nba/story/_/id/49759209/wolves-trade-3-d-wing-josh-green-jazaz,3,/players/g/greenjo02.html,False
Jonathan Kuminga,in,signed,2026-09-03,Signed a multi-year contract with the Minnesota Timberwolves .,6064000.0,contract book + Spotrac,6064000.0,2.0,12431200.0,2027-28 player_option,"Two years, $12.4M, second-year player option, taxpayer mid-level exception; agreed 2026-08-26; chose Minnesota over the Lakers, Bulls and Blazers | Chose Minnesota over a Lakers sign-and-trade offer of $12 million-plus a year over three years, plus Chicago and Portland; Edwards called him throughout the summer (The Athletic, via ClutchPoints and Hoops Rumors) and LaMelo Ball called him regularly during free agency (AP); Connelly flew to Miami for a four-hour meeting (ESPN); GM Matt Lloyd: 94 phone calls with Kuminga's agent between July 15 and the signing (Yahoo/Roundtable); a shorter-term prove-it deal so he can control his future (ESPN)",https://www.basketball-reference.com/players/k/kuminjo01.html https://www.espn.com/nba/story/_/id/49736014/jonathan-kuminga-reaches-2-year-deal-minnesota-timberwolves https://www.hoopsrumors.com/2026/09/timberwolves-sign-jonathan-kuminga-to-two-year-deal.html https://sports.yahoo.com/articles/jonathan-kuminga-picked-timberwolves-court-201601646.html https://www.spotrac.com/nba/player/_/id/74114/jonathan-kuminga,5,/players/k/kuminjo01.html,False
Jules Bernard,in,signed,2026-09-17,Signed an Exhibit 10 contract with the Minnesota Timberwolves .,,none,,,,,"Non-guaranteed training camp deal signed 2026-09-17 (Exhibit 10 per RotoWire), waived 2026-09-18",https://www.basketball-reference.com/players/b/bernaju01.html https://www.hoopshype.com/story/sports/nba/rumors/2026/09/17/timberwolves-have-signed-guard-jules-bernard/91816409007/ https://www.hoopsrumors.com/2026/09/minor-roster-moves-pelicans-wolves-spurs-more.html,3,/players/b/bernaju01.html,True
Jules Bernard,out,waived,2026-09-18,Waived by the Minnesota Timberwolves .,,none,,,,,"Non-guaranteed training camp deal signed 2026-09-17 (Exhibit 10 per RotoWire), waived 2026-09-18",https://www.basketball-reference.com/players/b/bernaju01.html https://www.hoopshype.com/story/sports/nba/rumors/2026/09/17/timberwolves-have-signed-guard-jules-bernard/91816409007/ https://www.hoopsrumors.com/2026/09/minor-roster-moves-pelicans-wolves-spurs-more.html,3,/players/b/bernaju01.html,True
Stephen Thompson,in then waived,camp deal then waived,2026-09-19,"Non-guaranteed training camp contract reported 2026-09-18, waived 2026-09-19 (Exhibit 10 language assumed by Hoops Rumors, not confirmed)",,none,,,,,"Non-guaranteed training camp contract reported 2026-09-18, waived 2026-09-19 (Exhibit 10 language assumed by Hoops Rumors, not confirmed)",https://www.basketball-reference.com/players/t/thompst01.html https://www.hoopsrumors.com/2026/09/minor-roster-moves-pelicans-wolves-spurs-more.html https://www.yardbarker.com/nba/articles/nowell_pelicans_thompson_wolves_latest_players_waived/s1_14822_44327161,3,/players/t/thompst01.html,True
Rocco Zikarsky,retained,two-way carried over,,Two-way contract carried over from 2025-26,,none,,,,,Two-way contract carried over from 2025-26,https://www.basketball-reference.com/players/z/zikarro01.html https://www.si.com/nba/timberwolves/onsi/key-takeaways-from-minnesota-timberwolves-summer-league-joan-beringer-rocco-zikarsky-two-way-contract-questions-01ky00bcpf82 https://www.hoopsrumors.com/2026/09/nba-2026-offseason-check-in-minnesota-timberwolves.html,3,/players/z/zikarro01.html,False
Zyon Pullin,retained,two-way carried over,,"Two-way contract carried over from 2025-26; the three two-way slots are Zikarsky, Pullin and Freeman",,none,,,,,"Two-way contract carried over from 2025-26; the three two-way slots are Zikarsky, Pullin and Freeman",https://www.basketball-reference.com/players/p/pullizy01.html https://www.si.com/nba/timberwolves/onsi/key-takeaways-from-minnesota-timberwolves-summer-league-joan-beringer-rocco-zikarsky-two-way-contract-questions-01ky00bcpf82 https://www.hoopsrumors.com/2026/09/nba-2026-offseason-check-in-minnesota-timberwolves.html,3,/players/p/pullizy01.html,False
