team,player,mpg,poss,reliable,net_sd,rs_avail,returning,injury,consensus,rapm,box,darko
BOS,Derrick White,34.5,34187.0,True,1.54,1.0,False,,4.5,4.52,1.59,2.0
BOS,Jayson Tatum,32.3,27912.0,True,1.61,1.0,False,,4.32,4.06,1.81,4.0
BOS,Payton Pritchard,31.0,28044.0,True,1.5,1.0,False,,2.75,3.08,0.86,1.0
BOS,Paul George,27.8,22107.0,True,1.53,1.0,False,,2.69,2.54,0.91,1.0
BOS,Neemias Queta,24.9,12078.0,True,1.81,1.0,False,,4.52,4.97,1.61,2.0
BOS,Sam Hauser,23.3,22179.0,True,1.54,1.0,False,,1.72,1.94,0.53,1.0
BOS,Mitchell Robinson,19.5,11805.0,True,1.77,1.0,False,,2.88,2.5,1.55,3.0
BOS,Luka Garza,16.6,6030.0,True,2.03,1.0,False,,2.06,2.47,2.3,1.0
SAS,Victor Wembanyama,31.6,24823.0,True,1.55,1.0,False,,9.05,8.88,4.85,6.0
SAS,De'Aaron Fox,31.0,31481.0,True,1.43,1.0,False,,2.34,2.39,1.42,2.0
SAS,Tobias Harris,29.0,29161.0,True,1.46,1.0,False,,2.68,3.02,0.24,1.0
SAS,Julian Champagnie,26.9,24840.0,True,1.52,1.0,False,,1.96,2.54,0.65,2.0
SAS,Stephon Castle,25.5,19685.0,True,1.63,1.0,False,,1.27,1.5,0.27,2.0
SAS,Devin Vassell,23.4,27551.0,True,1.51,1.0,False,,0.72,0.78,0.57,2.0
SAS,Dylan Harper,23.2,8520.0,True,1.92,1.0,False,,3.58,4.15,0.91,1.0
SAS,Harrison Barnes,20.3,25949.0,True,1.47,1.0,False,,-0.4,-0.67,-0.23,1.0
PHI,Tyrese Maxey,33.5,31485.0,True,1.54,1.0,False,,2.69,2.31,1.69,3.0
PHI,Joel Embiid,31.9,14567.0,True,1.75,1.0,False,,4.7,3.56,2.58,4.0
PHI,VJ Edgecombe,29.6,12002.0,True,1.85,1.0,False,,1.46,1.75,0.23,0.0
PHI,LeBron James,29.2,28286.0,True,1.5,1.0,False,,2.77,1.27,1.52,2.0
PHI,Jaylen Brown,23.4,32763.0,True,1.53,1.0,False,,-0.57,-1.79,0.46,2.0
PHI,Dean Wade,23.1,16627.0,True,1.62,1.0,False,,3.73,4.72,0.24,1.0
PHI,Dominick Barlow,20.6,10136.0,True,1.83,1.0,False,,1.01,1.28,0.32,0.0
PHI,Kentavious Caldwell-Pope,17.3,23646.0,True,1.47,1.0,False,,1.08,1.5,-0.58,-1.0
OKC,Shai Gilgeous-Alexander,34.6,37420.0,True,1.55,1.0,False,,7.54,6.82,4.22,6.0
OKC,Chet Holmgren,31.0,30933.0,True,1.5,1.0,False,,4.82,4.78,2.5,5.0
OKC,Jalen Williams,29.5,24660.0,True,1.51,1.0,False,,2.78,1.92,1.65,2.0
OKC,Isaiah Hartenstein,26.0,24440.0,True,1.45,1.0,False,,4.74,4.69,1.36,3.0
OKC,Ajay Mitchell,25.5,9940.0,True,1.81,1.0,False,,2.81,2.94,0.83,1.0
OKC,Cason Wallace,24.6,27323.0,True,1.47,1.0,False,,1.53,0.77,0.82,2.0
OKC,Alex Caruso,19.1,21281.0,True,1.5,1.0,False,,4.26,4.22,1.9,2.0
OKC,Jaylin Williams,18.6,9600.0,True,1.83,1.0,False,,2.63,1.72,1.76,1.0
CHA,Kon Knueppel,32.8,10074.0,True,1.94,1.0,False,,3.7,4.1,0.9,0.0
CHA,Naz Reid,28.8,29463.0,True,1.47,1.0,False,,3.15,3.27,0.87,1.0
CHA,Moussa Diabate,28.7,10786.0,True,1.85,1.0,False,,6.29,6.29,0.51,1.0
CHA,Brandon Miller,28.2,20772.0,True,1.61,1.0,False,,1.09,1.18,0.01,2.0
CHA,Grayson Allen,25.1,22029.0,True,1.55,1.0,False,,0.93,0.84,0.83,0.0
CHA,Royce O'Neale,23.0,24482.0,True,1.47,1.0,False,,0.76,0.38,0.54,-1.0
CHA,Coby White,21.9,25785.0,True,1.51,1.0,False,,1.19,2.08,0.05,1.0
CHA,Sion James,19.5,6859.0,True,2.01,1.0,False,,1.5,2.23,-1.11,-2.0
DET,Cade Cunningham,36.0,30366.0,True,1.58,1.0,False,,3.63,3.34,0.99,4.0
DET,Duncan Robinson,30.4,23161.0,True,1.48,1.0,False,,1.18,1.48,-0.07,1.0
DET,Ausar Thompson,29.0,21715.0,True,1.59,1.0,False,,3.39,3.57,1.13,1.0
DET,Kevin Huerter,25.3,19161.0,True,1.54,1.0,False,,1.53,2.31,0.51,0.0
DET,Isaiah Joe,24.2,21455.0,True,1.52,1.0,False,,1.97,1.96,1.26,1.0
DET,John Collins,20.6,20496.0,True,1.55,1.0,False,,-0.28,-0.82,0.71,1.0
DET,Javonte Green,20.6,12133.0,True,1.72,1.0,False,,2.41,2.56,0.95,1.0
DET,Daniss Jenkins,19.2,6955.0,True,1.99,1.0,False,,0.27,0.11,-0.09,-1.0
NYK,Jalen Brunson,33.9,36515.0,True,1.53,1.0,False,,2.7,2.75,1.15,3.0
NYK,Karl-Anthony Towns,30.5,33296.0,True,1.45,1.0,False,,3.85,3.86,1.2,3.0
NYK,OG Anunoby,30.4,32031.0,True,1.47,1.0,False,,2.65,2.8,0.58,4.0
NYK,Mikal Bridges,28.9,37523.0,True,1.43,1.0,False,,1.61,1.43,0.07,0.0
NYK,Josh Hart,26.5,35827.0,True,1.49,1.0,False,,2.13,1.64,-0.04,0.0
NYK,Miles McBride,23.3,18664.0,True,1.57,1.0,False,,3.03,3.84,0.13,1.0
NYK,Landry Shamet,20.5,11457.0,True,1.73,1.0,False,,1.2,1.85,-0.45,0.0
NYK,Jose Alvarado,17.9,15370.0,True,1.63,1.0,False,,1.34,1.71,0.82,1.0
HOU,Amen Thompson,34.2,28927.0,True,1.51,1.0,False,,3.48,3.11,1.09,1.0
HOU,Kevin Durant,31.2,32027.0,True,1.45,1.0,False,,1.78,1.02,1.06,3.0
HOU,Alperen Sengun,30.8,29974.0,True,1.59,1.0,False,,2.37,2.37,1.45,2.0
HOU,Jabari Smith Jr.,26.9,28572.0,True,1.52,1.0,False,,0.38,0.15,-0.12,
HOU,Marcus Smart,26.0,13546.0,True,1.7,1.0,False,,2.27,3.27,-0.17,1.0
HOU,Tari Eason,23.7,15866.0,True,1.65,1.0,False,,3.08,3.68,1.38,2.0
HOU,Reed Sheppard,20.4,12130.0,True,1.8,1.0,False,,0.04,-1.34,1.38,1.0
HOU,Steven Adams,19.9,7157.0,True,1.95,1.0,False,,3.22,4.2,0.2,2.0
IND,Pascal Siakam,35.8,34405.0,True,1.44,1.0,False,,3.22,3.75,1.23,1.0
IND,Ivica Zubac,32.7,24588.0,True,1.63,1.0,False,,2.74,2.61,0.67,2.0
IND,Aaron Nesmith,31.2,22349.0,True,1.58,1.0,False,,0.84,1.65,0.23,0.0
IND,Andrew Nembhard,29.3,25943.0,True,1.59,1.0,False,,-1.01,-1.34,-0.14,0.0
IND,Jay Huff,24.0,10286.0,True,1.81,1.0,False,,1.75,1.21,2.89,-1.0
IND,Kelly Oubre Jr.,23.0,24974.0,True,1.56,1.0,False,,-1.4,-1.7,-0.29,0.0
IND,T.J. McConnell,20.2,18387.0,True,1.66,1.0,False,,1.9,1.47,1.92,-1.0
IND,Obi Toppin,18.3,19183.0,True,1.62,1.0,False,,1.48,1.34,1.35,0.0
TOR,Kawhi Leonard,34.3,23329.0,True,1.54,1.0,False,,5.95,5.94,2.48,6.0
TOR,Scottie Barnes,32.5,28956.0,True,1.5,1.0,False,,2.82,1.82,1.71,2.0
TOR,Immanuel Quickley,30.5,20531.0,True,1.59,1.0,False,,1.59,1.14,1.31,1.0
TOR,R.J. Barrett,28.4,23107.0,True,1.53,1.0,False,,0.99,1.2,0.15,2.0
TOR,Jakob Poeltl,24.5,16688.0,True,1.68,1.0,False,,1.95,1.49,1.34,3.0
TOR,Collin Murray-Boyles,21.7,5678.0,True,2.07,1.0,False,,2.09,1.85,1.23,1.0
TOR,Kyle Anderson,19.5,16017.0,True,1.58,1.0,False,,0.58,-0.77,0.16,-1.0
TOR,Jamal Shead,18.8,14218.0,True,1.75,1.0,False,,-0.54,-0.03,-0.29,1.0
