team,player,mpg,contribution,possessions,net_sd,consensus,rapm,box,darko
BOS,Derrick White,34.5,3.24,34187,1.54,4.5,4.52,1.59,2.0
BOS,Jayson Tatum,32.3,2.91,27912,1.61,4.32,4.06,1.81,4.0
BOS,Neemias Queta,24.9,2.34,12078,1.81,4.52,4.97,1.61,2.0
BOS,Payton Pritchard,31.0,1.77,28044,1.5,2.75,3.08,0.86,1.0
BOS,Paul George,27.8,1.56,22107,1.53,2.69,2.54,0.91,1.0
BOS,Mitchell Robinson,19.5,1.17,11805,1.77,2.88,2.5,1.55,3.0
CHA,Moussa Diabate,28.7,3.76,10786,1.85,6.29,6.29,0.51,1.0
CHA,Kon Knueppel,32.8,2.53,10074,1.94,3.7,4.1,0.9,0.0
CHA,Naz Reid,28.8,1.89,29463,1.47,3.15,3.27,0.87,1.0
DET,Cade Cunningham,36.0,2.72,30366,1.58,3.63,3.34,0.99,4.0
DET,Ausar Thompson,29.0,2.05,21715,1.59,3.39,3.57,1.13,1.0
DET,Paul Reed,16.9,1.34,11888,1.76,3.82,3.67,2.57,2.0
DET,Javonte Green,20.6,1.04,12133,1.72,2.41,2.56,0.95,1.0
HOU,Amen Thompson,34.2,2.48,28927,1.51,3.48,3.11,1.09,1.0
HOU,Alperen Sengun,30.8,1.52,29974,1.59,2.37,2.37,1.45,2.0
HOU,Tari Eason,23.7,1.52,15866,1.65,3.08,3.68,1.38,2.0
HOU,Steven Adams,19.9,1.33,7157,1.95,3.22,4.2,0.2,2.0
HOU,Marcus Smart,26.0,1.23,13546,1.7,2.27,3.27,-0.17,1.0
HOU,Kevin Durant,31.2,1.16,32027,1.45,1.78,1.02,1.06,3.0
IND,Pascal Siakam,35.8,2.4,34405,1.44,3.22,3.75,1.23,1.0
IND,Ivica Zubac,32.7,1.87,24588,1.63,2.74,2.61,0.67,2.0
NYK,Karl-Anthony Towns,30.5,2.45,33296,1.45,3.85,3.86,1.2,3.0
NYK,Jalen Brunson,33.9,1.91,36515,1.53,2.7,2.75,1.15,3.0
NYK,OG Anunoby,30.4,1.68,32031,1.47,2.65,2.8,0.58,4.0
NYK,Miles McBride,23.3,1.47,18664,1.57,3.03,3.84,0.13,1.0
NYK,Josh Hart,26.5,1.17,35827,1.49,2.13,1.64,-0.04,0.0
OKC,Shai Gilgeous-Alexander,34.6,5.44,37420,1.55,7.54,6.82,4.22,6.0
OKC,Chet Holmgren,31.0,3.11,30933,1.5,4.82,4.78,2.5,5.0
OKC,Isaiah Hartenstein,26.0,2.57,24440,1.45,4.74,4.69,1.36,3.0
OKC,Jalen Williams,29.5,1.71,24660,1.51,2.78,1.92,1.65,2.0
OKC,Alex Caruso,19.1,1.7,21281,1.5,4.26,4.22,1.9,2.0
OKC,Ajay Mitchell,25.5,1.49,9940,1.81,2.81,2.94,0.83,1.0
OKC,Jaylin Williams,18.6,1.02,9600,1.83,2.63,1.72,1.76,1.0
PHI,Joel Embiid,31.9,3.12,14567,1.75,4.7,3.56,2.58,4.0
PHI,Tyrese Maxey,33.5,1.88,31485,1.54,2.69,2.31,1.69,3.0
PHI,Dean Wade,23.1,1.8,16627,1.62,3.73,4.72,0.24,1.0
PHI,LeBron James,29.2,1.69,28286,1.5,2.77,1.27,1.52,2.0
SAS,Victor Wembanyama,31.6,5.96,24823,1.55,9.05,8.88,4.85,6.0
SAS,Dylan Harper,23.2,1.73,8520,1.92,3.58,4.15,0.91,1.0
SAS,Tobias Harris,29.0,1.62,29161,1.46,2.68,3.02,0.24,1.0
SAS,Luke Kornet,19.9,1.59,17657,1.59,3.84,3.52,1.74,1.0
SAS,De'Aaron Fox,31.0,1.51,31481,1.43,2.34,2.39,1.42,2.0
SAS,Julian Champagnie,26.9,1.1,24840,1.52,1.96,2.54,0.65,2.0
TOR,Kawhi Leonard,34.3,4.26,23329,1.54,5.95,5.94,2.48,6.0
TOR,Scottie Barnes,32.5,1.91,28956,1.5,2.82,1.82,1.71,2.0
TOR,Immanuel Quickley,30.5,1.01,20531,1.59,1.59,1.14,1.31,1.0
