player_id,off_rapm,def_rapm,net_rapm,intercept,player_name
203497,-0.7108672857284546,-6.890079498291016,6.1792120933532715,115.61036682128906,Rudy Gobert
1629675,0.03653720021247864,-2.3797621726989746,2.416299343109131,115.61036682128906,Naz Reid
1641740,1.5527130365371704,0.09778936207294464,1.4549236297607422,115.61036682128906,Jaylen Clark
1628978,0.38420650362968445,-0.9647641181945801,1.348970651626587,115.61036682128906,Donte DiVincenzo
201144,-1.057061791419983,-0.6619603633880615,-0.3951014280319214,115.61036682128906,Mike Conley
203937,-1.8136215209960938,-1.4168472290039062,-0.3967742919921875,115.61036682128906,Kyle Anderson
1630183,-0.19547973573207855,0.28888261318206787,-0.4843623638153076,115.61036682128906,Jaden McDaniels
1642866,0.9951600432395935,1.5747345685958862,-0.5795745253562927,115.61036682128906,Joan Beringer
1630162,3.969515800476074,4.576308727264404,-0.6067929267883301,115.61036682128906,Anthony Edwards
203944,1.06978440284729,1.9505720138549805,-0.8807876110076904,115.61036682128906,Julius Randle
204060,-0.1538076549768448,0.9497292041778564,-1.10353684425354,115.61036682128906,Joe Ingles
1630538,-1.0574424266815186,0.38337889313697815,-1.4408212900161743,115.61036682128906,Bones Hyland
1630245,-0.33287087082862854,1.453153371810913,-1.7860242128372192,115.61036682128906,Ayo Dosunmu
1642265,-1.6408045291900635,0.8221427202224731,-2.462947368621826,115.61036682128906,Rob Dillingham
1630545,0.3034588396549225,3.0703272819519043,-2.7668683528900146,115.61036682128906,Terrence Shannon Jr.
