season,team,franchise,record,conf,seed_bref,seed_warehouse,net_rs,net_rs_rank,net_rs_bref,net_rs_rank_bref,all_star_break,net_post_asb,net_post_asb_rank,post_asb_games,net_po,net_po_minus_rs,po_games,top8_drafted,top8_traded,top8_signed,top8_unknown,top8_mean_age,top8_oldest,top8_returning,returning_po_minutes_share,top8_rs_games_missed,top8_po_games_missed,top5_share_rs,top5_share_po,in_season_moves,preseason_title_odds,preseason_odds_source,paragraph
2015-16,CLE,Cleveland Cavaliers,57-25,E,1,1,6.29,4,6.4,4,2016-02-11 to 2016-02-18 (7 days),6.3,2,30,9.49,3.2,21,2,3,3,0,28.0,35.6,7,0.856,88,2,0.589,0.713,none,,,"The 2015-16 Cleveland Cavaliers went 57-25 and finished 1st in the East, 4th in net rating over the regular season (+6.3 per 100 possessions). After the All-Star break they were 2nd (+6.3, unchanged), and in the playoffs +9.5, 3.2 better than the regular season. The top eight by playoff minutes: 2 drafted, 3 traded for, 3 signed; average age 28.0, the oldest 35.6; 7 of the eight had played for the franchise the season before and returning players took 86% of the playoff minutes. Those eight missed 88 regular-season games between them and 2 of the 21 playoff games. The top five's share of the minutes went from 59% in the regular season to 71% in the playoffs. No in-season move touched the top eight; the roster that started in October was the one that won in June."
2016-17,GSW,Golden State Warriors,67-15,W,1,1,11.37,1,11.6,1,2017-02-16 to 2017-02-23 (7 days),9.23,1,26,12.84,1.47,17,3,1,4,0,29.7,36.4,6,0.666,64,7,0.603,0.678,none,,,"The 2016-17 Golden State Warriors went 67-15 and finished 1st in the West, 1st in net rating over the regular season (+11.4 per 100 possessions). After the All-Star break they were 1st (+9.2, down 2.1), and in the playoffs +12.8, 1.5 better than the regular season. The top eight by playoff minutes: 3 drafted, 1 traded for, 4 signed; average age 29.7, the oldest 36.4; 6 of the eight had played for the franchise the season before and returning players took 67% of the playoff minutes. Those eight missed 64 regular-season games between them and 7 of the 17 playoff games. The top five's share of the minutes went from 60% in the regular season to 68% in the playoffs. No in-season move touched the top eight; the roster that started in October was the one that won in June."
2017-18,GSW,Golden State Warriors,58-24,W,2,2,5.92,3,6.0,3,2018-02-15 to 2018-02-22 (7 days),0.95,16,24,10.75,4.83,21,4,1,3,0,29.5,34.0,7,0.894,113,15,0.53,0.673,none,,,"The 2017-18 Golden State Warriors went 58-24 and finished 2nd in the West, 3rd in net rating over the regular season (+5.9 per 100 possessions). After the All-Star break they were 16th (+0.9, down 5.0), and in the playoffs +10.8, 4.8 better than the regular season. The top eight by playoff minutes: 4 drafted, 1 traded for, 3 signed; average age 29.5, the oldest 34.0; 7 of the eight had played for the franchise the season before and returning players took 89% of the playoff minutes. Those eight missed 113 regular-season games between them and 15 of the 21 playoff games. The top five's share of the minutes went from 53% in the regular season to 67% in the playoffs. No in-season move touched the top eight; the roster that started in October was the one that won in June."
2018-19,TOR,Toronto Raptors,58-24,E,2,2,5.77,3,6.0,3,2019-02-14 to 2019-02-21 (7 days),7.24,3,23,5.62,-0.16,24,1,6,1,0,28.9,34.0,5,0.565,93,1,0.558,0.719,"Marc Gasol (traded for, 2019-02-07)",,,"The 2018-19 Toronto Raptors went 58-24 and finished 2nd in the East, 3rd in net rating over the regular season (+5.8 per 100 possessions). After the All-Star break they were 3rd (+7.2, up 1.5), and in the playoffs +5.6, 0.2 worse than the regular season. The top eight by playoff minutes: 1 drafted, 6 traded for, 1 signed; average age 28.9, the oldest 34.0; 5 of the eight had played for the franchise the season before and returning players took 56% of the playoff minutes. Those eight missed 93 regular-season games between them and 1 of the 24 playoff games. The top five's share of the minutes went from 56% in the regular season to 72% in the playoffs. In-season moves that touched the top eight: Marc Gasol (traded for, 2019-02-07)."
2019-20,LAL,Los Angeles Lakers,52-19,W,1,1,5.57,5,5.7,5,2020-02-13 to 2020-02-20 (7 days),0.96,10,18,6.93,1.36,21,0,2,6,0,29.5,35.1,5,0.576,61,5,0.554,0.634,"Markieff Morris (signed, 2020-02-23)",,,"The 2019-20 Los Angeles Lakers went 52-19 and finished 1st in the West, 5th in net rating over the regular season (+5.6 per 100 possessions). After the All-Star break they were 10th (+1.0, down 4.6), and in the playoffs +6.9, 1.4 better than the regular season. The top eight by playoff minutes: 2 traded for, 6 signed; average age 29.5, the oldest 35.1; 5 of the eight had played for the franchise the season before and returning players took 58% of the playoff minutes. Those eight missed 61 regular-season games between them and 5 of the 21 playoff games. The top five's share of the minutes went from 55% in the regular season to 63% in the playoffs. In-season moves that touched the top eight: Markieff Morris (signed, 2020-02-23)."
2020-21,MIL,Milwaukee Bucks,46-26,E,3,3,5.81,4,5.7,4,2021-03-04 to 2021-03-10 (6 days),5.1,5,36,5.28,-0.52,23,1,3,4,0,29.6,35.7,4,0.55,54,8,0.575,0.721,"P.J. Tucker (traded for, 2021-03-19)",,,"The 2020-21 Milwaukee Bucks went 46-26 and finished 3rd in the East, 4th in net rating over the regular season (+5.8 per 100 possessions). After the All-Star break they were 5th (+5.1, down 0.7), and in the playoffs +5.3, 0.5 worse than the regular season. The top eight by playoff minutes: 1 drafted, 3 traded for, 4 signed; average age 29.6, the oldest 35.7; 4 of the eight had played for the franchise the season before and returning players took 55% of the playoff minutes. Those eight missed 54 regular-season games between them and 8 of the 23 playoff games. The top five's share of the minutes went from 57% in the regular season to 72% in the playoffs. In-season moves that touched the top eight: P.J. Tucker (traded for, 2021-03-19)."
2021-22,GSW,Golden State Warriors,53-29,W,3,3,5.5,4,5.6,5,2022-02-17 to 2022-02-24 (7 days),2.02,18,23,4.91,-0.59,22,5,1,2,0,28.9,33.9,6,0.695,152,13,0.507,0.693,"Gary Payton II (signed, 2021-10-19)",,,"The 2021-22 Golden State Warriors went 53-29 and finished 3rd in the West, 4th in net rating over the regular season (+5.5 per 100 possessions). After the All-Star break they were 18th (+2.0, down 3.5), and in the playoffs +4.9, 0.6 worse than the regular season. The top eight by playoff minutes: 5 drafted, 1 traded for, 2 signed; average age 28.9, the oldest 33.9; 6 of the eight had played for the franchise the season before and returning players took 70% of the playoff minutes. Those eight missed 152 regular-season games between them and 13 of the 22 playoff games. The top five's share of the minutes went from 51% in the regular season to 69% in the playoffs. In-season moves that touched the top eight: Gary Payton II (signed, 2021-10-19)."
2022-23,DEN,Denver Nuggets,53-29,W,1,1,3.33,6,3.4,6,2023-02-16 to 2023-02-23 (7 days),0.37,16,23,8.01,4.68,20,4,2,2,0,27.6,36.4,4,0.523,105,1,0.569,0.755,none,,,"The 2022-23 Denver Nuggets went 53-29 and finished 1st in the West, 6th in net rating over the regular season (+3.3 per 100 possessions). After the All-Star break they were 16th (+0.4, down 3.0), and in the playoffs +8.0, 4.7 better than the regular season. The top eight by playoff minutes: 4 drafted, 2 traded for, 2 signed; average age 27.6, the oldest 36.4; 4 of the eight had played for the franchise the season before and returning players took 52% of the playoff minutes. Those eight missed 105 regular-season games between them and 1 of the 20 playoff games. The top five's share of the minutes went from 57% in the regular season to 76% in the playoffs. No in-season move touched the top eight; the roster that started in October was the one that won in June."
2023-24,BOS,Boston Celtics,64-18,E,1,1,11.65,1,11.6,1,2024-02-15 to 2024-02-22 (7 days),14.64,1,27,8.64,-3.01,19,3,4,1,0,29.3,37.7,6,0.765,87,12,0.581,0.756,none,,,"The 2023-24 Boston Celtics went 64-18 and finished 1st in the East, 1st in net rating over the regular season (+11.7 per 100 possessions). After the All-Star break they were 1st (+14.6, up 3.0), and in the playoffs +8.6, 3.0 worse than the regular season. The top eight by playoff minutes: 3 drafted, 4 traded for, 1 signed; average age 29.3, the oldest 37.7; 6 of the eight had played for the franchise the season before and returning players took 76% of the playoff minutes. Those eight missed 87 regular-season games between them and 12 of the 19 playoff games. The top five's share of the minutes went from 58% in the regular season to 76% in the playoffs. No in-season move touched the top eight; the roster that started in October was the one that won in June."
2024-25,OKC,Oklahoma City Thunder,68-14,W,1,1,12.68,1,12.8,1,2025-02-13 to 2025-02-19 (6 days),12.44,1,28,8.55,-4.13,23,3,3,2,0,25.5,30.9,6,0.782,154,1,0.538,0.647,none,,,"The 2024-25 Oklahoma City Thunder went 68-14 and finished 1st in the West, 1st in net rating over the regular season (+12.7 per 100 possessions). After the All-Star break they were 1st (+12.4, down 0.2), and in the playoffs +8.6, 4.1 worse than the regular season. The top eight by playoff minutes: 3 drafted, 3 traded for, 2 signed; average age 25.5, the oldest 30.9; 6 of the eight had played for the franchise the season before and returning players took 78% of the playoff minutes. Those eight missed 154 regular-season games between them and 1 of the 23 playoff games. The top five's share of the minutes went from 54% in the regular season to 65% in the playoffs. No in-season move touched the top eight; the roster that started in October was the one that won in June."
2025-26,NYK,New York Knicks,53-29,E,3,3,6.35,5,6.5,5,2026-02-12 to 2026-02-19 (7 days),6.8,8,27,15.41,9.07,19,1,5,2,0,28.8,30.9,8,0.909,141,3,0.603,0.679,none,,,"The 2025-26 New York Knicks went 53-29 and finished 3rd in the East, 5th in net rating over the regular season (+6.3 per 100 possessions). After the All-Star break they were 8th (+6.8, up 0.5), and in the playoffs +15.4, 9.1 better than the regular season. The top eight by playoff minutes: 1 drafted, 5 traded for, 2 signed; average age 28.8, the oldest 30.9; 8 of the eight had played for the franchise the season before and returning players took 91% of the playoff minutes. Those eight missed 141 regular-season games between them and 3 of the 19 playoff games. The top five's share of the minutes went from 60% in the regular season to 68% in the playoffs. No in-season move touched the top eight; the roster that started in October was the one that won in June."
