player_id,t,season,age,share,games_82,prior_bad_seasons,prior_share_min,share_prior,mpa_prior,in_age,in_role,in_history,healthy_prior,cohort_A,cohort_B,cohort_C,cohort_D,band_all
693,2002,2002-03,27,0.6585365853658537,54.0,0,0.8414634146341463,0.8780487804878049,26.25,True,True,False,True,False,False,False,False,True
708,2002,2002-03,27,1.0,82.0,0,0.94,0.9878048780487805,38.629629629629626,True,True,False,True,False,False,False,False,True
949,2002,2002-03,26,0.9878048780487805,81.0,0,0.9390243902439024,0.9390243902439024,38.12987012987013,True,True,False,True,False,False,False,False,True
949,2003,2003-04,27,1.0365853658536586,85.0,0,0.9390243902439024,0.9878048780487805,37.50617283950617,True,True,False,True,False,False,False,False,True
950,2002,2002-03,26,0.9878048780487805,81.0,0,0.8170731707317073,1.0,38.329268292682926,True,True,False,True,False,False,False,False,True
950,2003,2003-04,27,0.9878048780487805,81.0,0,0.8170731707317073,0.9878048780487805,39.666666666666664,True,True,False,True,False,False,False,False,True
951,2002,2002-03,27,0.926829268292683,76.0,0,0.8414634146341463,0.8414634146341463,36.15942028985507,True,True,False,True,False,False,False,False,True
952,2002,2002-03,26,0.9512195121951219,78.0,0,0.84,0.9878048780487805,41.60493827160494,True,True,False,True,False,False,False,False,True
952,2003,2003-04,27,1.0,82.0,0,0.84,0.9512195121951219,41.01282051282051,True,True,False,True,False,False,False,False,True
953,2002,2002-03,27,0.8536585365853658,70.0,1,0.524390243902439,0.524390243902439,28.58139534883721,True,True,False,False,False,False,False,False,True
977,2002,2002-03,24,1.0,82.0,0,0.8048780487804879,0.975609756097561,37.8125,True,True,False,True,False,False,False,False,True
977,2003,2003-04,25,0.7804878048780488,64.0,0,0.8048780487804879,1.0,41.0,True,True,False,True,False,False,False,False,True
977,2004,2004-05,26,0.8048780487804879,66.0,0,0.7804878048780488,0.7804878048780488,37.765625,True,True,False,False,False,False,False,False,True
977,2005,2005-06,27,0.975609756097561,80.0,0,0.7804878048780488,0.8048780487804879,40.25757575757576,True,True,False,True,False,False,False,False,True
978,2003,2003-04,27,0.9878048780487805,81.0,0,0.8658536585365854,0.8780487804878049,33.59722222222222,True,True,False,True,False,False,False,False,True
979,2002,2002-03,24,0.9390243902439024,77.0,0,0.68,0.8780487804878049,37.15277777777778,True,True,False,True,False,False,False,False,True
979,2003,2003-04,25,0.9512195121951219,78.0,0,0.68,0.9390243902439024,36.72727272727273,True,True,False,True,False,False,False,False,True
979,2004,2004-05,26,0.5365853658536586,44.0,0,0.8536585365853658,0.9512195121951219,35.256410256410255,True,True,False,True,False,False,False,False,True
979,2005,2005-06,27,0.6219512195121951,51.0,1,0.5365853658536586,0.5365853658536586,34.54545454545455,True,True,False,False,False,False,False,False,True
980,2003,2003-04,29,0.9878048780487805,81.0,3,0.0,0.9878048780487805,29.617283950617285,False,True,True,True,False,False,False,True,False
1495,2002,2002-03,27,0.9878048780487805,81.0,0,0.9024390243902439,1.0,40.170731707317074,True,True,False,True,False,False,False,False,True
1496,2002,2002-03,27,0.9024390243902439,74.0,1,0.5975609756097561,0.9878048780487805,29.864197530864196,True,True,False,True,False,False,False,False,True
1497,2002,2002-03,26,0.9024390243902439,74.0,1,0.15853658536585366,1.0,28.195121951219512,True,True,False,True,False,False,False,False,True
1497,2003,2003-04,27,0.9512195121951219,78.0,1,0.15853658536585366,0.9024390243902439,31.0,True,True,False,True,False,False,False,False,True
1499,2002,2002-03,27,0.8170731707317073,67.0,1,0.47560975609756095,0.9024390243902439,24.06756756756757,True,True,False,True,False,False,False,False,True
1500,2002,2002-03,27,0.8780487804878049,72.0,0,0.6463414634146342,0.6463414634146342,31.92452830188679,True,True,False,False,False,False,False,False,True
1501,2002,2002-03,26,0.975609756097561,80.0,0,0.9024390243902439,0.9024390243902439,26.39189189189189,True,True,False,True,False,False,False,False,True
1501,2003,2003-04,27,0.8048780487804879,66.0,0,0.9024390243902439,0.975609756097561,28.9875,True,True,False,True,False,False,False,False,True
1503,2002,2002-03,24,0.9146341463414634,75.0,0,0.7804878048780488,0.926829268292683,37.81578947368421,True,True,False,True,False,False,False,False,True
1503,2003,2003-04,25,0.8170731707317073,67.0,0,0.9146341463414634,0.9146341463414634,38.82666666666667,True,True,False,True,False,False,False,False,True
1503,2004,2004-05,26,0.9512195121951219,78.0,0,0.8170731707317073,0.8170731707317073,39.61194029850746,True,True,False,True,False,False,False,False,True
1503,2005,2005-06,27,0.573170731707317,46.99999999999999,0,0.8170731707317073,0.9512195121951219,40.44871794871795,True,True,False,True,False,False,False,False,True
1504,2002,2002-03,27,0.2073170731707317,17.0,1,0.07317073170731707,0.9390243902439024,28.337662337662337,True,True,False,True,False,False,False,False,True
1710,2003,2003-04,26,1.0,82.0,0,0.6707317073170732,0.6707317073170732,32.8,True,True,False,False,False,False,False,False,True
1710,2004,2004-05,27,0.975609756097561,80.0,0,0.6707317073170732,1.0,35.926829268292686,True,True,False,True,False,False,False,False,True
1713,2003,2003-04,27,0.8902439024390244,73.0,1,0.524390243902439,0.524390243902439,33.72093023255814,True,True,False,False,False,False,False,False,True
1716,2003,2003-04,25,0.7439024390243902,61.0,0,0.6097560975609756,0.8170731707317073,31.35820895522388,True,True,False,True,False,False,False,False,True
1716,2004,2004-05,26,0.7439024390243902,61.0,0,0.6097560975609756,0.7439024390243902,33.377049180327866,True,True,False,False,False,False,False,False,True
1716,2005,2005-06,27,0.43902439024390244,36.0,0,0.6097560975609756,0.7439024390243902,38.16393442622951,True,True,False,False,False,False,False,False,True
1717,2003,2003-04,26,0.9390243902439024,77.0,0,0.926829268292683,0.975609756097561,38.5375,True,True,False,True,False,False,False,False,True
1717,2004,2004-05,27,0.9512195121951219,78.0,0,0.926829268292683,0.9390243902439024,37.44155844155844,True,True,False,True,False,False,False,False,True
1718,2003,2003-04,26,0.975609756097561,80.0,0,0.8902439024390244,0.9634146341463414,38.721518987341774,True,True,False,True,False,False,False,False,True
1718,2004,2004-05,27,1.0,82.0,0,0.8902439024390244,0.975609756097561,38.225,True,True,False,True,False,False,False,False,True
1719,2003,2003-04,27,0.8780487804878049,72.0,1,0.14,0.9146341463414634,31.453333333333333,True,True,False,True,False,False,False,False,True
1727,2003,2003-04,27,0.024390243902439025,2.0,0,0.78,0.9878048780487805,31.39506172839506,True,True,False,True,False,False,False,False,True
1729,2003,2003-04,24,0.9634146341463414,79.0,2,0.08536585365853659,0.9634146341463414,39.265822784810126,True,True,False,True,False,False,True,False,True
1729,2004,2004-05,25,1.0,82.0,2,0.08536585365853659,0.9634146341463414,30.848101265822784,True,True,False,True,False,False,True,False,True
1729,2005,2005-06,26,0.9512195121951219,78.0,1,0.08536585365853659,1.0,32.34146341463415,True,True,False,True,False,False,False,False,True
1729,2006,2006-07,27,0.9878048780487805,81.0,0,0.9512195121951219,0.9512195121951219,40.53846153846154,True,True,False,True,False,False,False,False,True
1731,2003,2003-04,27,0.926829268292683,76.0,3,0.0975609756097561,0.9146341463414634,26.013333333333332,True,True,True,True,True,True,True,True,True
1733,2003,2003-04,24,0.9634146341463414,79.0,2,0.36,1.0,29.621951219512194,True,True,False,True,False,False,True,False,True
1733,2004,2004-05,25,0.8048780487804879,66.0,1,0.5365853658536586,0.9634146341463414,30.39240506329114,True,True,False,True,False,False,False,False,True
1733,2005,2005-06,26,0.926829268292683,76.0,1,0.5365853658536586,0.8048780487804879,38.121212121212125,True,True,False,True,False,False,False,False,True
1733,2006,2006-07,27,0.9512195121951219,78.0,1,0.5365853658536586,0.926829268292683,36.06578947368421,True,True,False,True,False,False,False,False,True
1740,2003,2003-04,24,0.975609756097561,80.0,1,0.38,0.9390243902439024,38.935064935064936,True,True,False,True,False,False,False,False,True
1740,2004,2004-05,25,0.8658536585365854,71.0,0,0.8658536585365854,0.975609756097561,36.175,True,True,False,True,False,False,False,False,True
1740,2005,2005-06,26,0.9512195121951219,78.0,0,0.8658536585365854,0.8658536585365854,37.59154929577465,True,True,False,True,False,False,False,False,True
1740,2006,2006-07,27,0.7317073170731707,60.0,0,0.8658536585365854,0.9512195121951219,36.32051282051282,True,True,False,True,False,False,False,False,True
1747,2004,2004-05,28,0.975609756097561,80.0,4,0.32926829268292684,1.0,31.036585365853657,False,True,True,True,False,False,False,True,False
1747,2005,2005-06,29,0.7682926829268293,63.0,3,0.3902439024390244,0.975609756097561,33.5875,False,True,True,True,False,False,False,True,False
1882,2004,2004-05,26,0.9878048780487805,81.0,0,0.7560975609756098,0.8414634146341463,38.27536231884058,True,True,False,True,False,False,False,False,True
1882,2005,2005-06,27,0.9634146341463414,79.0,0,0.7560975609756098,0.9878048780487805,36.641975308641975,True,True,False,True,False,False,False,False,True
1884,2004,2004-05,26,0.5609756097560976,46.00000000000001,0,0.6097560975609756,0.8170731707317073,39.62686567164179,True,True,False,True,False,False,False,False,True
1884,2005,2005-06,27,0.6585365853658537,54.0,1,0.5609756097560976,0.5609756097560976,33.869565217391305,True,True,False,False,False,False,False,False,True
1885,2004,2004-05,25,0.7804878048780488,64.0,2,0.35365853658536583,0.975609756097561,37.0,True,True,False,True,False,False,True,False,True
1885,2005,2005-06,26,0.975609756097561,80.0,2,0.35365853658536583,0.7804878048780488,35.6875,True,True,False,False,False,False,True,False,True
1885,2006,2006-07,27,0.6829268292682927,56.00000000000001,2,0.35365853658536583,0.975609756097561,39.7875,True,True,False,True,False,False,True,False,True
1888,2004,2004-05,27,0.926829268292683,76.0,0,0.7682926829268293,0.9512195121951219,35.205128205128204,True,True,False,True,False,False,False,False,True
1890,2004,2004-05,27,0.9878048780487805,81.0,0,0.6219512195121951,0.9634146341463414,40.08860759493671,True,True,False,True,False,False,False,False,True
1891,2004,2004-05,27,0.975609756097561,80.0,0,0.9512195121951219,0.9878048780487805,36.666666666666664,True,True,False,True,False,False,False,False,True
1894,2004,2004-05,25,0.8048780487804879,66.0,0,0.7682926829268293,0.8902439024390244,35.52054794520548,True,True,False,True,False,False,False,False,True
1894,2005,2005-06,26,0.3902439024390244,32.0,0,0.7682926829268293,0.8048780487804879,36.56060606060606,True,True,False,True,False,False,False,False,True
1894,2006,2006-07,27,0.9146341463414634,75.0,1,0.3902439024390244,0.3902439024390244,28.96875,True,True,False,False,False,False,False,False,True
1897,2004,2004-05,25,0.08536585365853659,7.000000000000001,0,0.6707317073170732,0.8902439024390244,36.63013698630137,True,True,False,True,False,False,False,False,True
1897,2005,2005-06,26,0.6829268292682927,56.00000000000001,1,0.08536585365853659,0.08536585365853659,40.857142857142854,True,True,False,False,False,False,False,False,True
1897,2006,2006-07,27,0.8536585365853658,70.0,1,0.08536585365853659,0.6829268292682927,38.92857142857143,True,True,False,False,False,False,False,False,True
1903,2004,2004-05,27,0.8902439024390244,73.0,0,0.8048780487804879,0.9024390243902439,36.054054054054056,True,True,False,True,False,False,False,False,True
1905,2006,2006-07,26,0.8536585365853658,70.0,1,0.5,0.8414634146341463,37.21739130434783,True,True,False,True,False,False,False,False,True
1905,2007,2007-08,27,0.8780487804878049,72.0,1,0.5,0.8536585365853658,28.84285714285714,True,True,False,True,False,False,False,False,True
2032,2005,2005-06,24,0.4878048780487805,40.0,0,0.7682926829268293,0.7682926829268293,26.349206349206348,True,True,False,False,False,False,False,False,True
2034,2005,2005-06,26,0.8902439024390244,73.0,0,0.7682926829268293,0.926829268292683,29.473684210526315,True,True,False,True,False,False,False,False,True
2034,2006,2006-07,27,0.8536585365853658,70.0,0,0.7682926829268293,0.8902439024390244,30.52054794520548,True,True,False,True,False,False,False,False,True
2036,2005,2005-06,26,0.7195121951219512,59.0,0,0.6341463414634146,0.9146341463414634,24.44,True,True,False,True,False,False,False,False,True
2037,2005,2005-06,26,0.9634146341463414,79.0,1,0.2804878048780488,0.8536585365853658,37.9,True,True,False,True,False,False,False,False,True
2037,2006,2006-07,27,0.7073170731707317,58.0,1,0.2804878048780488,0.9634146341463414,31.835443037974684,True,True,False,True,False,False,False,False,True
2038,2006,2006-07,27,0.524390243902439,43.0,2,0.2073170731707317,0.6829268292682927,24.464285714285715,True,True,False,False,False,False,True,False,True
2045,2005,2005-06,27,0.9512195121951219,78.0,0,0.8170731707317073,0.8170731707317073,25.850746268656717,True,True,False,True,False,False,False,False,True
2047,2005,2005-06,26,0.6707317073170732,55.0,0,0.7195121951219512,0.9634146341463414,35.51898734177215,True,True,False,True,False,False,False,False,True
2047,2006,2006-07,27,0.5975609756097561,49.0,0,0.6707317073170732,0.6707317073170732,25.672727272727272,True,True,False,False,False,False,False,False,True
2052,2006,2006-07,26,1.0,82.0,0,0.6463414634146342,1.0,31.804878048780488,True,True,False,True,False,False,False,False,True
2052,2007,2007-08,27,1.0,82.0,0,0.6463414634146342,1.0,29.036585365853657,True,True,False,True,False,False,False,False,True
2056,2006,2006-07,27,0.7073170731707317,58.0,3,0.18292682926829268,0.9634146341463414,26.873417721518987,True,True,True,True,True,True,True,True,True
2072,2005,2005-06,26,0.975609756097561,80.0,1,0.07317073170731707,0.9146341463414634,37.50666666666667,True,True,False,True,False,False,False,False,True
2072,2006,2006-07,27,0.6463414634146342,53.0,0,0.8170731707317073,0.975609756097561,38.6625,True,True,False,True,False,False,False,False,True
2073,2005,2005-06,29,0.4268292682926829,35.0,3,0.06097560975609756,0.7073170731707317,24.155172413793103,False,True,True,False,False,False,False,True,False
2078,2005,2005-06,28,0.8048780487804879,66.0,3,0.0,0.9024390243902439,25.013513513513512,False,True,True,True,False,False,False,True,False
2198,2006,2006-07,25,0.5,41.0,1,0.5121951219512195,0.8780487804878049,27.041666666666668,True,True,False,True,False,False,False,False,True
2198,2007,2007-08,26,0.4634146341463415,38.0,2,0.5,0.5,27.121951219512194,True,True,False,False,False,False,True,False,True
2199,2006,2006-07,24,0.8902439024390244,73.0,1,0.4268292682926829,0.9634146341463414,26.379746835443036,True,True,False,True,False,False,False,False,True
2199,2007,2007-08,25,0.9634146341463414,79.0,1,0.4268292682926829,0.8902439024390244,34.12328767123287,True,True,False,True,False,False,False,False,True
2199,2008,2008-09,26,0.5487804878048781,45.0,1,0.4268292682926829,0.9634146341463414,34.721518987341774,True,True,False,True,False,False,False,False,True
2199,2009,2009-10,27,0.6219512195121951,51.0,1,0.5487804878048781,0.5487804878048781,31.57777777777778,True,True,False,False,False,False,False,False,True
2200,2006,2006-07,26,0.7195121951219512,59.0,0,0.6829268292682927,0.975609756097561,38.7375,True,True,False,True,False,False,False,False,True
2200,2007,2007-08,27,0.8048780487804879,66.0,0,0.6829268292682927,0.7195121951219512,35.66101694915254,True,True,False,False,False,False,False,False,True
2201,2006,2006-07,24,0.9878048780487805,81.0,0,0.7682926829268293,0.8780487804878049,25.38888888888889,True,True,False,True,False,False,False,False,True
2201,2007,2007-08,25,0.7195121951219512,59.0,0,0.7682926829268293,0.9878048780487805,34.67901234567901,True,True,False,True,False,False,False,False,True
2201,2008,2008-09,26,0.036585365853658534,3.0,0,0.7195121951219512,0.7195121951219512,25.406779661016948,True,True,False,False,False,False,False,False,True
2202,2006,2006-07,26,0.6219512195121951,51.0,0,0.8780487804878049,0.9146341463414634,37.86666666666667,True,True,False,True,False,False,False,False,True
2202,2007,2007-08,27,1.0,82.0,0,0.6219512195121951,0.6219512195121951,32.31372549019608,True,True,False,False,False,False,False,False,True
2207,2006,2006-07,26,0.6951219512195121,56.99999999999999,0,0.9390243902439024,1.0,40.21951219512195,True,True,False,True,False,False,False,False,True
2207,2007,2007-08,27,1.0,82.0,0,0.6951219512195121,0.6951219512195121,40.89473684210526,True,True,False,False,False,False,False,False,True
2209,2006,2006-07,26,0.6707317073170732,55.0,0,0.7439024390243902,0.9390243902439024,25.142857142857142,True,True,False,True,False,False,False,False,True
2210,2006,2006-07,27,0.6707317073170732,55.0,1,0.4024390243902439,0.9512195121951219,38.67948717948718,True,True,False,True,False,False,False,False,True
2211,2006,2006-07,27,0.8292682926829268,68.0,1,0.34146341463414637,0.9024390243902439,33.472972972972975,True,True,False,True,False,False,False,False,True
2216,2006,2006-07,25,0.8292682926829268,68.0,2,0.45121951219512196,0.9024390243902439,33.891891891891895,True,True,False,True,False,False,True,False,True
2216,2007,2007-08,26,0.8414634146341463,69.0,1,0.5609756097560976,0.8292682926829268,35.11764705882353,True,True,False,True,False,False,False,False,True
2216,2008,2008-09,27,0.6097560975609756,50.0,1,0.5609756097560976,0.8414634146341463,32.0,True,True,False,True,False,False,False,False,True
2222,2006,2006-07,24,0.8780487804878049,72.0,2,0.45121951219512196,0.6707317073170732,33.945454545454545,True,True,False,False,False,False,True,False,True
2222,2007,2007-08,25,0.7560975609756098,62.0,2,0.45121951219512196,0.8780487804878049,36.125,True,True,False,True,False,False,True,False,True
2222,2008,2008-09,26,0.8658536585365854,71.0,1,0.45121951219512196,0.7560975609756098,37.854838709677416,True,True,False,False,False,False,False,False,True
2222,2009,2009-10,27,0.926829268292683,76.0,0,0.6707317073170732,0.8658536585365854,37.098591549295776,True,True,False,True,False,False,False,False,True
2223,2006,2006-07,27,1.0,82.0,2,0.0,0.8048780487804879,26.196969696969695,True,True,False,True,False,False,True,False,True
2225,2006,2006-07,25,0.9390243902439024,77.0,0,0.9146341463414634,0.975609756097561,33.4375,True,True,False,True,False,False,False,False,True
2225,2007,2007-08,26,0.8414634146341463,69.0,0,0.9146341463414634,0.9390243902439024,31.961038961038962,True,True,False,True,False,False,False,False,True
2225,2008,2008-09,27,0.8780487804878049,72.0,0,0.8414634146341463,0.8414634146341463,33.028985507246375,True,True,False,True,False,False,False,False,True
2240,2006,2006-07,25,0.9024390243902439,74.0,1,0.573170731707317,0.975609756097561,41.8375,True,True,False,True,False,False,False,False,True
2240,2007,2007-08,26,0.15853658536585366,13.0,0,0.6707317073170732,0.9024390243902439,39.24324324324324,True,True,False,True,False,False,False,False,True
2240,2008,2008-09,27,0.024390243902439025,2.0,1,0.15853658536585366,0.15853658536585366,32.30769230769231,True,True,False,False,False,False,False,False,True
2240,2010,2010-11,29,0.8536585365853658,70.0,3,0.024390243902439025,0.3902439024390244,36.09375,False,True,True,False,False,False,False,True,False
2294,2007,2007-08,29,0.8292682926829268,68.0,3,0.0,1.0,34.25609756097561,False,True,True,True,False,False,False,True,False
2397,2007,2007-08,27,0.6707317073170732,55.0,1,0.5853658536585366,0.5853658536585366,33.229166666666664,True,True,False,False,False,False,False,False,True
2399,2007,2007-08,27,1.0,82.0,0,0.9146341463414634,1.0,30.9390243902439,True,True,False,True,False,False,False,False,True
2400,2007,2007-08,26,0.8414634146341463,69.0,0,0.8536585365853658,0.975609756097561,27.4625,True,True,False,True,False,False,False,False,True
2400,2008,2008-09,27,0.6219512195121951,51.0,0,0.8414634146341463,0.8414634146341463,30.26086956521739,True,True,False,True,False,False,False,False,True
2403,2007,2007-08,25,0.1951219512195122,16.0,1,0.012195121951219513,0.7804878048780488,26.25,True,True,False,False,False,False,False,False,True
2403,2009,2009-10,27,1.0,82.0,2,0.012195121951219513,0.9390243902439024,32.103896103896105,True,True,False,True,False,False,True,False,True
2404,2007,2007-08,25,0.7560975609756098,62.0,1,0.5487804878048781,1.0,31.048780487804876,True,True,False,True,False,False,False,False,True
2404,2008,2008-09,26,0.7560975609756098,62.0,0,0.6585365853658537,0.7560975609756098,27.532258064516128,True,True,False,False,False,False,False,False,True
2405,2007,2007-08,25,0.9634146341463414,79.0,1,0.036585365853658534,1.0,32.34146341463415,True,True,False,True,False,False,False,False,True
2405,2008,2008-09,26,0.6463414634146342,53.0,1,0.036585365853658534,0.9634146341463414,33.40506329113924,True,True,False,True,False,False,False,False,True
2405,2009,2009-10,27,1.0,82.0,1,0.036585365853658534,0.6463414634146342,36.301886792452834,True,True,False,False,False,False,False,False,True
2420,2009,2009-10,26,0.926829268292683,76.0,3,0.3170731707317073,0.5609756097560976,24.304347826086957,True,True,True,False,True,False,True,True,True
2430,2007,2007-08,26,0.9878048780487805,81.0,1,0.4024390243902439,0.9024390243902439,33.972972972972975,True,True,False,True,False,False,False,False,True
2430,2008,2008-09,27,0.45121951219512196,37.0,1,0.4024390243902439,0.9878048780487805,34.4320987654321,True,True,False,True,False,False,False,False,True
2470,2007,2007-08,27,0.34146341463414637,28.000000000000004,2,0.0,1.0,29.48780487804878,True,True,False,True,False,False,True,False,True
2544,2008,2008-09,24,0.9878048780487805,81.0,0,0.9146341463414634,0.9146341463414634,39.88,True,True,False,True,False,False,False,False,True
2544,2009,2009-10,25,0.926829268292683,76.0,0,0.9146341463414634,0.9878048780487805,37.24691358024691,True,True,False,True,False,False,False,False,True
2544,2010,2010-11,26,0.9634146341463414,79.0,0,0.9146341463414634,0.926829268292683,38.53947368421053,True,True,False,True,False,False,False,False,True
2544,2011,2011-12,27,0.9393939393939394,77.03030303030303,0,0.9146341463414634,0.9634146341463414,38.31645569620253,True,True,False,True,False,False,False,False,True
2545,2011,2011-12,27,0.42424242424242425,34.78787878787879,1,0.3902439024390244,0.8292682926829268,24.323529411764707,True,True,False,True,False,False,False,False,True
2546,2008,2008-09,25,0.8048780487804879,66.0,0,0.7926829268292683,0.9390243902439024,35.96103896103896,True,True,False,True,False,False,False,False,True
2546,2009,2009-10,26,0.8414634146341463,69.0,0,0.7926829268292683,0.8048780487804879,34.03030303030303,True,True,False,True,False,False,False,False,True
2546,2010,2010-11,27,0.9390243902439024,77.0,0,0.7926829268292683,0.8414634146341463,37.710144927536234,True,True,False,True,False,False,False,False,True
2547,2008,2008-09,25,0.9390243902439024,77.0,0,0.8170731707317073,0.8170731707317073,35.71641791044776,True,True,False,True,False,False,False,False,True
2547,2009,2009-10,26,0.8536585365853658,70.0,0,0.8170731707317073,0.9390243902439024,37.493506493506494,True,True,False,True,False,False,False,False,True
2547,2010,2010-11,27,0.9390243902439024,77.0,0,0.8170731707317073,0.8536585365853658,35.6,True,True,False,True,False,False,False,False,True
2548,2008,2008-09,27,0.9634146341463414,79.0,0,0.6219512195121951,0.6219512195121951,37.88235294117647,True,True,False,False,False,False,False,False,True
2549,2008,2008-09,27,0.3780487804878049,31.0,0,0.6829268292682927,0.6829268292682927,36.714285714285715,True,True,False,False,False,False,False,False,True
2551,2009,2009-10,27,0.573170731707317,46.99999999999999,1,0.0,0.9024390243902439,30.04054054054054,True,True,False,True,False,False,False,False,True
2564,2008,2008-09,27,0.9878048780487805,81.0,0,0.8048780487804879,1.0,27.682926829268293,True,True,False,True,False,False,False,False,True
2566,2008,2008-09,24,0.9878048780487805,81.0,1,0.08536585365853659,1.0,26.146341463414632,True,True,False,True,False,False,False,False,True
2566,2009,2009-10,25,0.4024390243902439,33.0,0,0.6219512195121951,0.9878048780487805,27.28395061728395,True,True,False,True,False,False,False,False,True
2566,2011,2011-12,27,0.5909090909090909,48.45454545454546,1,0.4024390243902439,1.0,28.25609756097561,True,True,False,True,False,False,False,False,True
2570,2009,2009-10,25,0.9512195121951219,78.0,0,0.6951219512195121,0.926829268292683,29.105263157894736,True,True,False,True,False,False,False,False,True
2570,2010,2010-11,26,0.35365853658536583,29.0,0,0.8170731707317073,0.9512195121951219,27.141025641025642,True,True,False,True,False,False,False,False,True
2570,2011,2011-12,27,0.9848484848484849,80.75757575757576,1,0.35365853658536583,0.35365853658536583,25.06896551724138,True,True,False,False,False,False,False,False,True
2571,2008,2008-09,26,0.8536585365853658,70.0,0,0.6951219512195121,1.0,29.073170731707318,True,True,False,True,False,False,False,False,True
2584,2008,2008-09,27,0.9878048780487805,81.0,1,0.12195121951219512,0.9024390243902439,26.16216216216216,True,True,False,True,False,False,False,False,True
2590,2008,2008-09,26,0.9878048780487805,81.0,0,0.6829268292682927,0.8048780487804879,36.07575757575758,True,True,False,True,False,False,False,False,True
2590,2009,2009-10,27,0.8414634146341463,69.0,0,0.7073170731707317,0.9878048780487805,34.48148148148148,True,True,False,True,False,False,False,False,True
2730,2009,2009-10,24,1.0,82.0,0,0.9634146341463414,0.9634146341463414,35.278481012658226,True,True,False,True,False,False,False,False,True
2730,2010,2010-11,25,0.9512195121951219,78.0,0,0.9634146341463414,1.0,34.18292682926829,True,True,False,True,False,False,False,False,True
2730,2011,2011-12,26,0.8181818181818182,67.0909090909091,0,0.9512195121951219,0.9512195121951219,37.15384615384615,True,True,False,True,False,False,False,False,True
2730,2012,2012-13,27,0.926829268292683,76.0,0,0.8181818181818182,0.8181818181818182,37.77777777777778,True,True,False,True,False,False,False,False,True
2731,2009,2009-10,27,1.0,82.0,1,0.3170731707317073,1.0,32.292682926829265,True,True,False,True,False,False,False,False,True
2732,2009,2009-10,27,0.7560975609756098,62.0,0,0.8780487804878049,1.0,36.08536585365854,True,True,False,True,False,False,False,False,True
2734,2009,2009-10,27,0.7804878048780488,64.0,0,0.6829268292682927,0.8414634146341463,35.68115942028985,True,True,False,True,False,False,False,False,True
2736,2009,2009-10,25,0.8536585365853658,70.0,1,0.5975609756097561,0.5975609756097561,33.48979591836735,True,True,False,False,False,False,False,False,True
2736,2010,2010-11,26,1.0,82.0,1,0.5975609756097561,0.8536585365853658,37.385714285714286,True,True,False,True,False,False,False,False,True
2736,2011,2011-12,27,0.8181818181818182,67.0909090909091,1,0.5975609756097561,1.0,38.63414634146341,True,True,False,True,False,False,False,False,True
2738,2009,2009-10,26,1.0,82.0,0,0.926829268292683,1.0,39.40243902439025,True,True,False,True,False,False,False,False,True
2738,2010,2010-11,27,0.8170731707317073,67.0,0,0.926829268292683,1.0,38.48780487804878,True,True,False,True,False,False,False,False,True
2740,2009,2009-10,24,0.4024390243902439,33.0,1,0.35365853658536583,0.7560975609756098,29.532258064516128,True,True,False,False,False,False,False,False,True
2742,2009,2009-10,25,0.524390243902439,43.0,0,0.7317073170731707,0.9146341463414634,27.426666666666666,True,True,False,True,False,False,False,False,True
2743,2011,2011-12,27,0.9393939393939394,77.03030303030303,1,0.34146341463414637,0.9024390243902439,27.41891891891892,True,True,False,True,False,False,False,False,True
2744,2009,2009-10,25,0.926829268292683,76.0,0,0.6097560975609756,0.6097560975609756,36.26,True,True,False,False,False,False,False,False,True
2744,2010,2010-11,26,1.0,82.0,0,0.6097560975609756,0.926829268292683,31.855263157894736,True,True,False,True,False,False,False,False,True
2744,2011,2011-12,27,0.9242424242424242,75.78787878787878,0,0.6097560975609756,1.0,35.34146341463415,True,True,False,True,False,False,False,False,True
2746,2009,2009-10,24,0.9878048780487805,81.0,0,0.8414634146341463,0.8414634146341463,34.55072463768116,True,True,False,True,False,False,False,False,True
2746,2010,2010-11,25,0.9390243902439024,77.0,0,0.8414634146341463,0.9878048780487805,34.93827160493827,True,True,False,True,False,False,False,False,True
2746,2011,2011-12,26,1.0,82.0,0,0.8414634146341463,0.9390243902439024,33.883116883116884,True,True,False,True,False,False,False,False,True
2746,2012,2012-13,27,0.926829268292683,76.0,0,0.8414634146341463,1.0,34.803030303030305,True,True,False,True,False,False,False,False,True
2747,2009,2009-10,24,0.9146341463414634,75.0,0,0.6585365853658537,0.9878048780487805,27.22222222222222,True,True,False,True,False,False,False,False,True
2747,2010,2010-11,25,0.9634146341463414,79.0,0,0.6585365853658537,0.9146341463414634,27.293333333333333,True,True,False,True,False,False,False,False,True
2747,2011,2011-12,26,0.5303030303030303,43.484848484848484,0,0.7682926829268293,0.9634146341463414,24.39240506329114,True,True,False,True,False,False,False,False,True
2747,2012,2012-13,27,0.975609756097561,80.0,1,0.5303030303030303,0.5303030303030303,27.142857142857142,True,True,False,False,False,False,False,False,True
2748,2011,2011-12,26,0.9242424242424242,75.78787878787878,2,0.07317073170731707,1.0,37.90243902439025,True,True,False,True,False,False,True,False,True
2748,2012,2012-13,27,0.9634146341463414,79.0,2,0.07317073170731707,0.9242424242424242,26.540983606557376,True,True,False,True,False,False,True,False,True
2753,2009,2009-10,26,0.7317073170731707,60.0,1,0.45121951219512196,0.7804878048780488,33.078125,True,True,False,False,False,False,False,False,True
2753,2010,2010-11,27,0.2926829268292683,24.0,0,0.7317073170731707,0.7317073170731707,24.466666666666665,True,True,False,False,False,False,False,False,True
2755,2009,2009-10,27,0.5609756097560976,46.00000000000001,1,0.5365853658536586,0.6219512195121951,37.666666666666664,True,True,False,False,False,False,False,False,True
2757,2009,2009-10,27,0.9634146341463414,79.0,0,0.6219512195121951,0.8902439024390244,30.65753424657534,True,True,False,True,False,False,False,False,True
2760,2009,2009-10,27,0.926829268292683,76.0,2,0.5487804878048781,0.9878048780487805,27.962962962962962,True,True,False,True,False,False,True,False,True
2768,2009,2009-10,27,0.8170731707317073,67.0,0,0.8048780487804879,0.9634146341463414,36.29113924050633,True,True,False,True,False,False,False,False,True
2772,2010,2010-11,25,0.9146341463414634,75.0,1,0.4146341463414634,0.8780487804878049,36.013888888888886,True,True,False,True,False,False,False,False,True
2772,2011,2011-12,27,0.6212121212121212,50.93939393939394,1,0.4146341463414634,0.9146341463414634,34.17333333333333,True,True,False,True,False,False,False,False,True
2853,2010,2010-11,29,0.24390243902439024,20.0,5,0.0,0.08536585365853659,32.42857142857143,False,True,True,False,False,False,False,True,False
101106,2010,2010-11,26,0.7926829268292683,65.0,1,0.43902439024390244,0.8414634146341463,31.81159420289855,True,True,False,True,False,False,False,False,True
101106,2011,2011-12,27,0.18181818181818182,14.90909090909091,1,0.43902439024390244,0.7926829268292683,34.83076923076923,True,True,False,False,False,False,False,False,True
101106,2013,2013-14,29,0.8170731707317073,67.0,3,0.18181818181818182,0.3902439024390244,24.03125,False,True,True,False,False,False,False,True,False
101107,2010,2010-11,25,0.7926829268292683,65.0,0,0.7439024390243902,0.9878048780487805,30.049382716049383,True,True,False,True,False,False,False,False,True
101107,2011,2011-12,26,0.8636363636363636,70.81818181818181,0,0.7439024390243902,0.7926829268292683,28.153846153846153,True,True,False,False,False,False,False,False,True
101107,2012,2012-13,27,0.8902439024390244,73.0,0,0.7439024390243902,0.8636363636363636,25.75438596491228,True,True,False,True,False,False,False,False,True
101108,2010,2010-11,26,0.975609756097561,80.0,1,0.5487804878048781,0.5487804878048781,37.51111111111111,True,True,False,False,False,False,False,False,True
101108,2011,2011-12,27,0.9090909090909091,74.54545454545455,1,0.5487804878048781,0.975609756097561,35.475,True,True,False,True,False,False,False,False,True
101109,2010,2010-11,27,0.9146341463414634,75.0,0,0.9512195121951219,0.975609756097561,32.5,True,True,False,True,False,False,False,False,True
101110,2013,2013-14,27,0.9512195121951219,78.0,2,0.012195121951219513,0.926829268292683,28.526315789473685,True,True,False,True,False,False,True,False,True
101114,2010,2010-11,27,0.7926829268292683,65.0,0,0.8292682926829268,0.926829268292683,36.38157894736842,True,True,False,True,False,False,False,False,True
101115,2010,2010-11,23,0.6585365853658537,54.0,2,0.4268292682926829,0.7926829268292683,29.923076923076923,True,True,False,False,False,False,True,False,True
101115,2011,2011-12,24,0.9090909090909091,74.54545454545455,1,0.4268292682926829,0.6585365853658537,27.27777777777778,True,True,False,False,False,False,False,False,True
101123,2012,2012-13,27,0.7407407407407407,60.74074074074074,5,0.0,0.4696969696969697,24.70967741935484,True,True,True,False,True,False,True,True,True
101123,2014,2014-15,29,0.9024390243902439,74.0,3,0.0,1.0,27.914634146341463,False,True,True,True,False,False,False,True,False
101127,2010,2010-11,27,1.0121951219512195,83.0,0,0.9634146341463414,1.0,26.890243902439025,True,True,False,True,False,False,False,False,True
101132,2011,2011-12,27,0.7424242424242424,60.87878787878788,2,0.0,0.47560975609756095,25.974358974358974,True,True,False,False,False,False,True,False,True
101138,2011,2011-12,27,0.8939393939393939,73.3030303030303,2,0.25609756097560976,0.926829268292683,25.57894736842105,True,True,False,True,False,False,True,False,True
101139,2011,2011-12,25,0.8484848484848485,69.57575757575758,1,0.43902439024390244,0.9512195121951219,24.67948717948718,True,True,False,True,False,False,False,False,True
101141,2011,2011-12,25,0.9090909090909091,74.54545454545455,2,0.0,0.7195121951219512,25.084745762711865,True,True,False,False,False,False,True,False,True
101141,2012,2012-13,26,0.8902439024390244,73.0,2,0.0,0.9090909090909091,27.05,True,True,False,True,False,False,True,False,True
101141,2013,2013-14,27,0.6707317073170732,55.0,1,0.0,0.8902439024390244,27.054794520547944,True,True,False,True,False,False,False,False,True
101145,2010,2010-11,25,0.975609756097561,80.0,2,0.3048780487804878,0.7804878048780488,40.9375,True,True,False,False,False,False,True,False,True
101145,2011,2011-12,26,0.8787878787878788,72.06060606060606,1,0.3048780487804878,0.975609756097561,39.875,True,True,False,True,False,False,False,False,True
101145,2012,2012-13,27,1.0,82.0,1,0.3048780487804878,0.8787878787878788,36.06896551724138,True,True,False,True,False,False,False,False,True
101150,2010,2010-11,24,0.9146341463414634,75.0,1,0.2926829268292683,0.7804878048780488,29.4375,True,True,False,False,False,False,False,False,True
101150,2012,2012-13,26,0.47560975609756095,39.0,0,0.7804878048780488,0.9696969696969697,25.765625,True,True,False,True,False,False,False,False,True
101150,2013,2013-14,27,0.7317073170731707,60.0,1,0.47560975609756095,0.47560975609756095,28.205128205128204,True,True,False,False,False,False,False,False,True
101154,2010,2010-11,24,0.7804878048780488,64.0,1,0.3170731707317073,0.9878048780487805,27.358024691358025,True,True,False,True,False,False,False,False,True
101154,2011,2011-12,25,0.3939393939393939,32.303030303030305,0,0.6707317073170732,0.7804878048780488,33.46875,True,True,False,False,False,False,False,False,True
101161,2011,2011-12,25,0.9696969696969697,79.51515151515152,1,0.0975609756097561,0.8780487804878049,25.208333333333332,True,True,False,True,False,False,False,False,True
101161,2013,2013-14,27,0.9390243902439024,77.0,0,0.7560975609756098,0.9878048780487805,28.19753086419753,True,True,False,True,False,False,False,False,True
101198,2010,2010-11,28,0.7439024390243902,61.0,3,0.0,0.7682926829268293,25.952380952380953,False,True,True,False,False,False,False,True,False
200745,2011,2011-12,26,0.4696969696969697,38.515151515151516,0,0.7926829268292683,0.8048780487804879,35.09090909090909,True,True,False,True,False,False,False,False,True
200745,2012,2012-13,27,0.4268292682926829,35.0,1,0.4696969696969697,0.4696969696969697,32.87096774193548,True,True,False,False,False,False,False,False,True
200745,2014,2014-15,29,0.35365853658536583,29.0,3,0.4268292682926829,0.5121951219512195,29.452380952380953,False,True,True,False,False,False,False,True,False
200746,2011,2011-12,26,0.8333333333333334,68.33333333333334,0,0.7682926829268293,0.9878048780487805,39.135802469135804,True,True,False,True,False,False,False,False,True
200746,2012,2012-13,27,0.9024390243902439,74.0,0,0.8333333333333334,0.8333333333333334,35.74545454545454,True,True,False,True,False,False,False,False,True
200752,2011,2011-12,25,0.9848484848484849,80.75757575757576,0,0.6585365853658537,0.6585365853658537,39.351851851851855,True,True,False,False,False,False,False,False,True
200752,2012,2012-13,26,0.9146341463414634,75.0,0,0.6585365853658537,0.9848484848484849,36.784615384615385,True,True,False,True,False,False,False,False,True
200752,2013,2013-14,27,0.8902439024390244,73.0,0,0.6585365853658537,0.9146341463414634,35.346666666666664,True,True,False,True,False,False,False,False,True
200765,2011,2011-12,26,0.803030303030303,65.84848484848484,0,0.8292682926829268,0.8292682926829268,36.63235294117647,True,True,False,True,False,False,False,False,True
200765,2012,2012-13,27,0.4691358024691358,38.46913580246913,0,0.803030303030303,0.803030303030303,36.45283018867924,True,True,False,True,False,False,False,False,True
200768,2011,2011-12,26,0.7121212121212122,58.3939393939394,1,0.12195121951219512,0.9146341463414634,33.72,True,True,False,True,False,False,False,False,True
200768,2012,2012-13,27,0.8292682926829268,68.0,0,0.7121212121212122,0.7121212121212122,31.617021276595743,True,True,False,False,False,False,False,False,True
200770,2011,2011-12,25,0.5909090909090909,48.45454545454546,0,0.7926829268292683,0.8902439024390244,24.095890410958905,True,True,False,True,False,False,False,False,True
200789,2011,2011-12,26,0.5303030303030303,43.484848484848484,0,0.6585365853658537,0.8170731707317073,27.37313432835821,True,True,False,True,False,False,False,False,True
200789,2012,2012-13,27,0.5609756097560976,46.00000000000001,1,0.5303030303030303,0.5303030303030303,25.65714285714286,True,True,False,False,False,False,False,False,True
200794,2011,2011-12,27,0.9696969696969697,79.51515151515152,0,0.926829268292683,0.926829268292683,33.78947368421053,True,True,False,True,False,False,False,False,True
201142,2012,2012-13,24,0.9878048780487805,81.0,0,0.9024390243902439,1.0,38.09090909090909,True,True,False,True,False,False,False,False,True
201142,2013,2013-14,25,0.9878048780487805,81.0,0,0.9024390243902439,0.9878048780487805,37.97530864197531,True,True,False,True,False,False,False,False,True
201142,2014,2014-15,26,0.32926829268292684,27.0,0,0.9512195121951219,0.9878048780487805,38.111111111111114,True,True,False,True,False,False,False,False,True
201142,2015,2015-16,27,0.8780487804878049,72.0,1,0.32926829268292684,0.32926829268292684,33.333333333333336,True,True,False,False,False,False,False,False,True
201143,2012,2012-13,27,0.9024390243902439,74.0,1,0.16666666666666666,0.16666666666666666,31.181818181818183,True,True,False,False,False,False,False,False,True
201144,2012,2012-13,25,0.975609756097561,80.0,0,0.6463414634146342,0.9242424242424242,35.18032786885246,True,True,False,True,False,False,False,False,True
201144,2013,2013-14,26,0.8902439024390244,73.0,0,0.9242424242424242,0.975609756097561,33.9,True,True,False,True,False,False,False,False,True
201144,2014,2014-15,27,0.8536585365853658,70.0,0,0.8902439024390244,0.8902439024390244,33.02739726027397,True,True,False,True,False,False,False,False,True
201145,2013,2013-14,27,1.0,82.0,1,0.0,1.0,27.358024691358025,True,True,False,True,False,False,False,False,True
201150,2012,2012-13,25,1.0,82.0,1,0.5606060606060606,0.5606060606060606,24.324324324324323,True,True,False,False,False,False,False,False,True
201150,2013,2013-14,26,0.975609756097561,80.0,1,0.5606060606060606,1.0,26.804878048780488,True,True,False,True,False,False,False,False,True
201150,2014,2014-15,27,0.8902439024390244,73.0,1,0.5606060606060606,0.975609756097561,30.3875,True,True,False,True,False,False,False,False,True
201152,2012,2012-13,25,0.926829268292683,76.0,0,0.8170731707317073,0.9545454545454546,27.365079365079364,True,True,False,True,False,False,False,False,True
201152,2013,2013-14,26,0.9634146341463414,79.0,0,0.8170731707317073,0.926829268292683,34.078947368421055,True,True,False,True,False,False,False,False,True
201152,2014,2014-15,27,0.926829268292683,76.0,0,0.8170731707317073,0.9634146341463414,33.924050632911396,True,True,False,True,False,False,False,False,True
201155,2012,2012-13,27,0.926829268292683,76.0,0,0.6951219512195121,0.8333333333333334,29.381818181818183,True,True,False,True,False,False,False,False,True
201158,2012,2012-13,27,0.8902439024390244,73.0,2,0.36585365853658536,1.0,29.257575757575758,True,True,False,True,False,False,True,False,True
201162,2012,2012-13,27,0.9634146341463414,79.0,0,0.8292682926829268,0.9848484848484849,30.6,True,True,False,True,False,False,False,False,True
201163,2012,2012-13,26,0.524390243902439,43.0,2,0.12121212121212122,0.12121212121212122,26.25,True,True,False,False,False,False,True,False,True
201163,2013,2013-14,27,0.7560975609756098,62.0,2,0.12121212121212122,0.524390243902439,24.6046511627907,True,True,False,False,False,False,True,False,True
201167,2012,2012-13,27,0.7804878048780488,64.0,0,0.8414634146341463,0.9393939393939394,33.16129032258065,True,True,False,True,False,False,False,False,True
201196,2012,2012-13,27,0.7439024390243902,61.0,1,0.2073170731707317,0.9696969696969697,26.109375,True,True,False,True,False,False,False,False,True
201564,2013,2013-14,26,0.6341463414634146,52.0,0,0.8658536585365854,1.0,35.0,True,True,False,True,False,False,False,False,True
201564,2014,2014-15,27,0.8658536585365854,71.0,0,0.6341463414634146,0.6341463414634146,25.423076923076923,True,True,False,False,False,False,False,False,True
201565,2014,2014-15,26,0.6219512195121951,51.0,3,0.0,0.12195121951219512,30.7,True,True,True,False,True,False,True,True,True
201565,2015,2015-16,27,0.8048780487804879,66.0,3,0.0,0.6219512195121951,29.50980392156863,True,True,True,False,True,False,True,True,True
201565,2016,2016-17,28,0.7804878048780488,64.0,3,0.0,0.8048780487804879,31.348484848484848,False,True,True,True,False,False,False,True,False
201566,2013,2013-14,25,0.5609756097560976,46.00000000000001,0,1.0,1.0,34.41463414634146,True,True,False,True,False,False,False,False,True
201566,2014,2014-15,26,0.8170731707317073,67.0,1,0.5609756097560976,0.5609756097560976,30.23913043478261,True,True,False,False,False,False,False,False,True
201566,2015,2015-16,27,0.975609756097561,80.0,1,0.5609756097560976,0.8170731707317073,33.83582089552239,True,True,False,True,False,False,False,False,True
201567,2013,2013-14,25,0.9390243902439024,77.0,1,0.21951219512195122,0.21951219512195122,33.72222222222222,True,True,False,False,False,False,False,False,True
201567,2014,2014-15,26,0.9146341463414634,75.0,1,0.21951219512195122,0.9390243902439024,35.79220779220779,True,True,False,True,False,False,False,False,True
201567,2015,2015-16,27,0.9390243902439024,77.0,1,0.21951219512195122,0.9146341463414634,33.22666666666667,True,True,False,True,False,False,False,False,True
201569,2013,2013-14,25,0.7804878048780488,64.0,2,0.13636363636363635,0.5121951219512195,29.547619047619047,True,True,False,False,False,False,True,False,True
201569,2014,2014-15,26,0.7439024390243902,61.0,2,0.13636363636363635,0.7804878048780488,31.71875,True,True,False,False,False,False,True,False,True
201569,2015,2015-16,27,0.5487804878048781,45.0,2,0.13636363636363635,0.7439024390243902,32.57377049180328,True,True,False,False,False,False,True,False,True
201569,2016,2016-17,28,0.9146341463414634,75.0,3,0.13636363636363635,0.5487804878048781,32.44444444444444,False,True,True,False,False,False,False,True,False
201571,2014,2014-15,27,1.0,82.0,0,0.7272727272727273,0.8658536585365854,26.802816901408452,True,True,False,True,False,False,False,False,True
201572,2013,2013-14,26,0.2073170731707317,17.0,1,0.07575757575757576,0.9024390243902439,29.91891891891892,True,True,False,True,False,False,False,False,True
201572,2014,2014-15,27,0.8780487804878049,72.0,2,0.07575757575757576,0.2073170731707317,31.0,True,True,False,False,False,False,True,False,True
201574,2013,2013-14,27,1.0,82.0,0,0.9146341463414634,1.0,27.378048780487806,True,True,False,True,False,False,False,False,True
201577,2013,2013-14,26,1.0,82.0,0,0.6219512195121951,1.0,25.573170731707318,True,True,False,True,False,False,False,False,True
201577,2014,2014-15,27,0.7195121951219512,59.0,0,0.6219512195121951,1.0,31.23170731707317,True,True,False,True,False,False,False,False,True
201579,2013,2013-14,27,0.9878048780487805,81.0,0,0.8536585365853658,0.9753086419753086,28.227848101265824,True,True,False,True,False,False,False,False,True
201581,2013,2013-14,25,0.8414634146341463,69.0,0,0.7439024390243902,0.975609756097561,28.5875,True,True,False,True,False,False,False,False,True
201581,2014,2014-15,26,0.8902439024390244,73.0,0,0.8181818181818182,0.8414634146341463,26.47826086956522,True,True,False,True,False,False,False,False,True
201583,2013,2013-14,26,0.2682926829268293,22.0,0,0.7560975609756098,0.9878048780487805,30.39506172839506,True,True,False,True,False,False,False,False,True
201583,2014,2014-15,27,0.7439024390243902,61.0,1,0.2682926829268293,0.2682926829268293,35.63636363636363,True,True,False,False,False,False,False,False,True
201586,2014,2014-15,25,0.7804878048780488,64.0,0,0.8902439024390244,0.9878048780487805,32.382716049382715,True,True,False,True,False,False,False,False,True
201586,2015,2015-16,26,0.9512195121951219,78.0,0,0.7804878048780488,0.7804878048780488,32.546875,True,True,False,False,False,False,False,False,True
201586,2016,2016-17,27,0.9634146341463414,79.0,0,0.7804878048780488,0.9512195121951219,31.5,True,True,False,True,False,False,False,False,True
201587,2013,2013-14,25,1.0,82.0,1,0.45121951219512196,0.8902439024390244,37.986301369863014,True,True,False,True,False,False,False,False,True
201587,2014,2014-15,26,0.8658536585365854,71.0,1,0.45121951219512196,1.0,35.53658536585366,True,True,False,True,False,False,False,False,True
201587,2015,2015-16,27,0.8536585365853658,70.0,0,0.8658536585365854,0.8658536585365854,33.014084507042256,True,True,False,True,False,False,False,False,True
201599,2013,2013-14,25,1.0,82.0,1,0.5975609756097561,1.0,24.048780487804876,True,True,False,True,False,False,False,False,True
201599,2014,2014-15,26,1.0,82.0,0,0.8414634146341463,1.0,34.52439024390244,True,True,False,True,False,False,False,False,True
201599,2015,2015-16,27,0.9390243902439024,77.0,0,0.975609756097561,1.0,33.91463414634146,True,True,False,True,False,False,False,False,True
201933,2015,2015-16,27,0.4268292682926829,35.0,0,0.8170731707317073,0.8170731707317073,34.701492537313435,True,True,False,True,False,False,False,False,True
201935,2014,2014-15,25,0.9878048780487805,81.0,0,0.8902439024390244,0.8902439024390244,37.602739726027394,True,True,False,True,False,False,False,False,True
201935,2015,2015-16,26,1.0,82.0,0,0.8902439024390244,0.9878048780487805,36.2962962962963,True,True,False,True,False,False,False,False,True
201935,2016,2016-17,27,0.9878048780487805,81.0,0,0.8902439024390244,1.0,37.63414634146341,True,True,False,True,False,False,False,False,True
201936,2014,2014-15,25,0.9634146341463414,79.0,0,0.6951219512195121,0.8780487804878049,27.694444444444443,True,True,False,True,False,False,False,False,True
201936,2015,2015-16,26,0.3048780487804878,25.0,0,0.6951219512195121,0.9634146341463414,33.49367088607595,True,True,False,True,False,False,False,False,True
201936,2016,2016-17,27,0.4878048780487805,40.0,1,0.3048780487804878,0.3048780487804878,30.2,True,True,False,False,False,False,False,False,True
201937,2016,2016-17,26,0.9146341463414634,75.0,1,0.2682926829268293,0.926829268292683,30.07894736842105,True,True,False,True,False,False,False,False,True
201937,2017,2017-18,27,0.9390243902439024,77.0,1,0.2682926829268293,0.9146341463414634,32.46666666666667,True,True,False,True,False,False,False,False,True
201939,2014,2014-15,27,0.975609756097561,80.0,1,0.3787878787878788,0.9512195121951219,36.02564102564103,True,True,False,True,False,False,False,False,True
201942,2014,2014-15,25,0.7317073170731707,60.0,0,0.9390243902439024,0.9634146341463414,37.67088607594937,True,True,False,True,False,False,False,False,True
201942,2015,2015-16,26,0.9512195121951219,78.0,0,0.7317073170731707,0.7317073170731707,34.483333333333334,True,True,False,False,False,False,False,False,True
201942,2016,2016-17,27,0.9024390243902439,74.0,0,0.7317073170731707,0.9512195121951219,35.46153846153846,True,True,False,True,False,False,False,False,True
201943,2014,2014-15,25,0.5,41.0,0,0.7682926829268293,0.975609756097561,33.625,True,True,False,True,False,False,False,False,True
201943,2015,2015-16,26,0.5853658536585366,48.0,1,0.5,0.5,28.097560975609756,True,True,False,False,False,False,False,False,True
201945,2014,2014-15,27,0.975609756097561,80.0,1,0.5121951219512195,0.9390243902439024,31.506493506493506,True,True,False,True,False,False,False,False,True
201950,2014,2014-15,25,0.4878048780487805,40.0,1,0.4146341463414634,0.4146341463414634,33.14705882352941,True,True,False,False,False,False,False,False,True
201950,2015,2015-16,26,0.7926829268292683,65.0,2,0.4146341463414634,0.4878048780487805,32.1,True,True,False,False,False,False,True,False,True
201950,2016,2016-17,27,0.8170731707317073,67.0,2,0.4146341463414634,0.7926829268292683,27.676923076923078,True,True,False,False,False,False,True,False,True
201951,2014,2014-15,27,0.9146341463414634,75.0,0,0.7560975609756098,0.7560975609756098,35.38709677419355,True,True,False,False,False,False,False,False,True
201952,2014,2014-15,27,0.8902439024390244,73.0,0,0.8414634146341463,0.9634146341463414,31.645569620253166,True,True,False,True,False,False,False,False,True
201954,2014,2014-15,27,0.5487804878048781,45.0,0,0.9090909090909091,0.975609756097561,25.325,True,True,False,True,False,False,False,False,True
201975,2014,2014-15,27,0.7317073170731707,60.0,0,0.6829268292682927,0.9390243902439024,32.714285714285715,True,True,False,True,False,False,False,False,True
202322,2015,2015-16,25,0.9390243902439024,77.0,1,0.5975609756097561,0.9634146341463414,35.35443037974684,True,True,False,True,False,False,False,False,True
202322,2016,2016-17,26,0.9512195121951219,78.0,1,0.5975609756097561,0.9390243902439024,35.66233766233766,True,True,False,True,False,False,False,False,True
202322,2017,2017-18,27,0.5,41.0,1,0.5975609756097561,0.9512195121951219,35.833333333333336,True,True,False,True,False,False,False,False,True
202323,2015,2015-16,27,0.9878048780487805,81.0,0,0.9512195121951219,1.0,27.073170731707318,True,True,False,True,False,False,False,False,True
202324,2015,2015-16,24,0.7560975609756098,62.0,0,0.8902439024390244,0.9024390243902439,30.324324324324323,True,True,False,True,False,False,False,False,True
202324,2016,2016-17,25,0.6097560975609756,50.0,0,0.7560975609756098,0.7560975609756098,31.5,True,True,False,False,False,False,False,False,True
202324,2018,2018-19,27,0.926829268292683,76.0,0,0.6097560975609756,0.9390243902439024,27.48051948051948,True,True,False,True,False,False,False,False,True
202326,2015,2015-16,25,0.7926829268292683,65.0,0,0.7195121951219512,0.7195121951219512,33.59322033898305,True,True,False,False,False,False,False,False,True
202326,2016,2016-17,26,0.8780487804878049,72.0,0,0.7195121951219512,0.7926829268292683,34.09230769230769,True,True,False,False,False,False,False,False,True
202326,2017,2017-18,27,0.5853658536585366,48.0,0,0.7195121951219512,0.8780487804878049,33.72222222222222,True,True,False,True,False,False,False,False,True
202328,2015,2015-16,26,0.9634146341463414,79.0,0,0.8414634146341463,0.8414634146341463,30.463768115942027,True,True,False,True,False,False,False,False,True
202328,2016,2016-17,27,0.9878048780487805,81.0,0,0.8414634146341463,0.9634146341463414,28.79746835443038,True,True,False,True,False,False,False,False,True
202329,2016,2016-17,26,0.7439024390243902,61.0,0,0.8902439024390244,1.0,28.048780487804876,True,True,False,True,False,False,False,False,True
202329,2017,2017-18,27,0.8414634146341463,69.0,0,0.7439024390243902,0.7439024390243902,28.540983606557376,True,True,False,False,False,False,False,False,True
202330,2015,2015-16,26,0.975609756097561,80.0,0,0.8536585365853658,0.926829268292683,33.96052631578947,True,True,False,True,False,False,False,False,True
202330,2016,2016-17,27,0.8902439024390244,73.0,0,0.8780487804878049,0.975609756097561,35.7125,True,True,False,True,False,False,False,False,True
202331,2016,2016-17,27,0.9146341463414634,75.0,1,0.07317073170731707,0.9878048780487805,34.27160493827161,True,True,False,True,False,False,False,False,True
202335,2015,2015-16,27,0.9634146341463414,79.0,0,0.6341463414634146,0.9878048780487805,26.098765432098766,True,True,False,True,False,False,False,False,True
202339,2015,2015-16,26,0.3780487804878049,31.0,1,0.524390243902439,0.9878048780487805,34.02469135802469,True,True,False,True,False,False,False,False,True
202339,2016,2016-17,27,0.8048780487804879,66.0,2,0.3780487804878049,0.3780487804878049,33.67741935483871,True,True,False,False,False,False,True,False,True
202340,2015,2015-16,25,0.926829268292683,76.0,1,0.32926829268292684,0.9390243902439024,31.0,True,True,False,True,False,False,False,False,True
202340,2016,2016-17,26,0.6707317073170732,55.0,0,0.6172839506172839,0.926829268292683,32.88157894736842,True,True,False,True,False,False,False,False,True
202340,2017,2017-18,27,0.5609756097560976,46.00000000000001,0,0.6172839506172839,0.6707317073170732,32.85454545454545,True,True,False,False,False,False,False,False,True
202355,2016,2016-17,28,0.9390243902439024,77.0,4,0.0,0.8902439024390244,28.698630136986303,False,True,True,True,False,False,False,True,False
202355,2017,2017-18,29,0.6585365853658537,54.0,3,0.0,0.9390243902439024,32.116883116883116,False,True,True,True,False,False,False,True,False
202362,2015,2015-16,25,0.8414634146341463,69.0,1,0.14634146341463414,0.7439024390243902,25.311475409836067,True,True,False,False,False,False,False,False,True
202391,2015,2015-16,27,0.9512195121951219,78.0,2,0.35365853658536583,0.9024390243902439,25.243243243243242,True,True,False,True,False,False,True,False,True
202681,2016,2016-17,25,0.8780487804878049,72.0,0,0.6463414634146342,0.6463414634146342,31.0,True,True,False,False,False,False,False,False,True
202681,2017,2017-18,26,0.7317073170731707,60.0,0,0.6463414634146342,0.8780487804878049,34.55555555555556,True,True,False,True,False,False,False,False,True
202681,2018,2018-19,27,0.8170731707317073,67.0,0,0.6463414634146342,0.7317073170731707,31.666666666666668,True,True,False,False,False,False,False,False,True
202683,2018,2018-19,27,0.8170731707317073,67.0,0,0.8658536585365854,0.8658536585365854,25.197183098591548,True,True,False,True,False,False,False,False,True
202684,2016,2016-17,26,0.9512195121951219,78.0,0,0.9090909090909091,0.9878048780487805,27.493827160493826,True,True,False,True,False,False,False,False,True
202684,2017,2017-18,27,0.6463414634146342,53.0,0,0.9512195121951219,0.9512195121951219,29.435897435897434,True,True,False,True,False,False,False,False,True
202685,2017,2017-18,26,0.9390243902439024,77.0,0,0.7317073170731707,0.975609756097561,25.3125,True,True,False,True,False,False,False,False,True
202688,2016,2016-17,25,0.6585365853658537,54.0,0,0.6341463414634146,0.6341463414634146,35.5,True,True,False,False,False,False,False,False,True
202689,2016,2016-17,27,0.9634146341463414,79.0,0,0.7560975609756098,0.9878048780487805,35.111111111111114,True,True,False,True,False,False,False,False,True
202691,2016,2016-17,27,0.9512195121951219,78.0,0,0.9390243902439024,0.975609756097561,32.875,True,True,False,True,False,False,False,False,True
202692,2016,2016-17,25,0.5121951219512195,42.0,2,0.32926829268292684,0.3780487804878049,25.161290322580644,True,True,False,False,False,False,True,False,True
202693,2016,2016-17,27,0.926829268292683,76.0,0,0.7804878048780488,0.7804878048780488,24.984375,True,True,False,False,False,False,False,False,True
202694,2016,2016-17,27,0.9634146341463414,79.0,1,0.25757575757575757,0.975609756097561,35.275,True,True,False,True,False,False,False,False,True
202695,2016,2016-17,26,0.9024390243902439,74.0,0,0.7073170731707317,0.8780487804878049,32.541666666666664,True,True,False,True,False,False,False,False,True
202695,2017,2017-18,27,0.10975609756097561,9.0,0,0.7073170731707317,0.9024390243902439,32.972972972972975,True,True,False,True,False,False,False,False,True
202696,2016,2016-17,26,0.9146341463414634,75.0,0,0.6951219512195121,0.7926829268292683,30.815384615384616,True,True,False,False,False,False,False,False,True
202696,2017,2017-18,27,0.6951219512195121,56.99999999999999,0,0.6951219512195121,0.9146341463414634,28.373333333333335,True,True,False,True,False,False,False,False,True
202699,2016,2016-17,24,1.0,82.0,0,0.6212121212121212,0.926829268292683,32.60526315789474,True,True,False,True,False,False,False,False,True
202699,2017,2017-18,25,0.975609756097561,80.0,0,0.6707317073170732,1.0,30.841463414634145,True,True,False,True,False,False,False,False,True
202699,2018,2018-19,26,1.0,82.0,0,0.7439024390243902,0.975609756097561,32.875,True,True,False,True,False,False,False,False,True
202699,2019,2019-20,27,0.9863013698630136,80.87671232876711,0,0.8292682926829268,1.0,34.24390243902439,True,True,False,True,False,False,False,False,True
202702,2016,2016-17,27,0.7439024390243902,61.0,0,0.696969696969697,0.8170731707317073,24.761194029850746,True,True,False,True,False,False,False,False,True
202704,2016,2016-17,27,0.6341463414634146,52.0,0,0.6818181818181818,0.9634146341463414,30.21518987341772,True,True,False,True,False,False,False,False,True
202709,2016,2016-17,25,0.975609756097561,80.0,2,0.3048780487804878,0.975609756097561,25.0375,True,True,False,True,False,False,True,False,True
202709,2017,2017-18,26,1.0,82.0,1,0.3048780487804878,0.975609756097561,24.5625,True,True,False,True,False,False,False,False,True
202709,2018,2018-19,27,1.0,82.0,0,0.7682926829268293,1.0,26.426829268292682,True,True,False,True,False,False,False,False,True
202710,2016,2016-17,27,0.926829268292683,76.0,1,0.5303030303030303,0.8170731707317073,36.44776119402985,True,True,False,True,False,False,False,False,True
203076,2017,2017-18,25,0.9146341463414634,75.0,0,0.7439024390243902,0.9146341463414634,35.64,True,True,False,True,False,False,False,False,True
203076,2018,2018-19,26,0.6829268292682927,56.00000000000001,0,0.7439024390243902,0.9146341463414634,35.92,True,True,False,True,False,False,False,False,True
203076,2019,2019-20,27,0.8732394366197183,71.6056338028169,0,0.6829268292682927,0.6829268292682927,32.482142857142854,True,True,False,False,False,False,False,False,True
203077,2017,2017-18,24,0.9024390243902439,74.0,1,0.08536585365853659,0.9878048780487805,28.48148148148148,True,True,False,True,False,False,False,False,True
203077,2018,2018-19,25,0.7804878048780488,64.0,1,0.08536585365853659,0.9024390243902439,24.513513513513512,True,True,False,True,False,False,False,False,True
203078,2017,2017-18,25,1.0,82.0,0,0.6707317073170732,0.9390243902439024,34.33766233766234,True,True,False,True,False,False,False,False,True
203078,2018,2018-19,26,1.0,82.0,0,0.6707317073170732,1.0,35.76829268292683,True,True,False,True,False,False,False,False,True
203078,2019,2019-20,27,0.7916666666666666,64.91666666666666,0,0.6707317073170732,1.0,36.4390243902439,True,True,False,True,False,False,False,False,True
203079,2017,2017-18,26,0.36585365853658536,30.0,1,0.5609756097560976,0.5609756097560976,29.543478260869566,True,True,False,False,False,False,False,False,True
203079,2018,2018-19,27,0.5365853658536586,44.0,2,0.36585365853658536,0.36585365853658536,30.066666666666666,True,True,False,False,False,False,True,False,True
203079,2019,2019-20,28,0.136986301369863,11.232876712328766,3,0.36585365853658536,0.5365853658536586,25.318181818181817,False,True,True,False,False,False,False,True,False
203081,2017,2017-18,27,0.8902439024390244,73.0,0,0.9146341463414634,0.9146341463414634,35.42666666666667,True,True,False,True,False,False,False,False,True
203082,2017,2017-18,27,0.2926829268292683,24.0,0,0.8902439024390244,0.9512195121951219,24.602564102564102,True,True,False,True,False,False,False,False,True
203083,2017,2017-18,24,0.9512195121951219,78.0,0,0.7317073170731707,0.9878048780487805,29.271604938271604,True,True,False,True,False,False,False,False,True
203083,2018,2018-19,25,0.9634146341463414,79.0,0,0.9512195121951219,0.9512195121951219,33.15384615384615,True,True,False,True,False,False,False,False,True
203083,2019,2019-20,26,0.8636363636363636,70.81818181818181,0,0.9512195121951219,0.9634146341463414,33.0253164556962,True,True,False,True,False,False,False,False,True
203083,2020,2020-21,27,0.6388888888888888,52.388888888888886,0,0.8636363636363636,0.8636363636363636,32.40350877192982,True,True,False,True,False,False,False,False,True
203084,2017,2017-18,26,0.9390243902439024,77.0,0,0.8048780487804879,0.9634146341463414,35.0,True,True,False,True,False,False,False,False,True
203084,2018,2018-19,27,0.9390243902439024,77.0,0,0.8048780487804879,0.9390243902439024,33.701298701298704,True,True,False,True,False,False,False,False,True
203085,2017,2017-18,25,0.7439024390243902,61.0,0,0.7439024390243902,0.9024390243902439,27.283783783783782,True,True,False,True,False,False,False,False,True
203085,2018,2018-19,26,0.926829268292683,76.0,0,0.7439024390243902,0.7439024390243902,33.18032786885246,True,True,False,False,False,False,False,False,True
203085,2019,2019-20,27,0.9444444444444444,77.44444444444444,0,0.7439024390243902,0.926829268292683,26.17105263157895,True,True,False,True,False,False,False,False,True
203087,2018,2018-19,27,0.9634146341463414,79.0,1,0.5365853658536586,0.975609756097561,24.1625,True,True,False,True,False,False,False,False,True
203090,2017,2017-18,25,0.7195121951219512,59.0,1,0.5365853658536586,0.9390243902439024,28.415584415584416,True,True,False,True,False,False,False,False,True
203095,2017,2017-18,25,0.6951219512195121,56.99999999999999,1,0.45121951219512196,0.8292682926829268,32.30882352941177,True,True,False,True,False,False,False,False,True
203095,2018,2018-19,26,0.9878048780487805,81.0,0,0.6951219512195121,0.6951219512195121,31.719298245614034,True,True,False,False,False,False,False,False,True
203095,2019,2019-20,27,0.9041095890410958,74.13698630136986,0,0.6951219512195121,0.9878048780487805,30.987654320987655,True,True,False,True,False,False,False,False,True
203109,2017,2017-18,27,0.975609756097561,80.0,0,0.8780487804878049,0.8780487804878049,31.90277777777778,True,True,False,True,False,False,False,False,True
203114,2017,2017-18,26,1.0,82.0,2,0.32926829268292684,0.35365853658536583,30.137931034482758,True,True,False,False,False,False,True,False,True
203114,2018,2018-19,27,0.9390243902439024,77.0,1,0.35365853658536583,1.0,35.91463414634146,True,True,False,True,False,False,False,False,True
203115,2017,2017-18,27,0.9878048780487805,81.0,1,0.4634146341463415,0.7317073170731707,27.95,True,True,False,False,False,False,False,False,True
203459,2018,2018-19,27,0.524390243902439,43.0,1,0.17073170731707318,0.9146341463414634,28.826666666666668,True,True,False,True,False,False,False,False,True
203468,2018,2018-19,27,0.8536585365853658,70.0,1,0.4634146341463415,0.9878048780487805,35.58024691358025,True,True,False,True,False,False,False,False,True
203469,2019,2019-20,27,0.8923076923076924,73.16923076923078,2,0.4024390243902439,0.5975609756097561,24.877551020408163,True,True,False,False,False,False,True,False,True
203471,2018,2018-19,25,0.9634146341463414,79.0,1,0.5853658536585366,0.8170731707317073,30.507462686567163,True,True,False,True,False,False,False,False,True
203471,2019,2019-20,26,0.9027777777777778,74.02777777777779,0,0.8170731707317073,0.9634146341463414,28.82278481012658,True,True,False,True,False,False,False,False,True
203471,2020,2020-21,27,0.8472222222222222,69.47222222222221,0,0.8170731707317073,0.9027777777777778,30.323076923076922,True,True,False,True,False,False,False,False,True
203484,2018,2018-19,26,1.0,82.0,0,0.9024390243902439,0.9024390243902439,32.71621621621622,True,True,False,True,False,False,False,False,True
203484,2019,2019-20,27,0.971830985915493,79.69014084507043,0,0.9024390243902439,1.0,24.378048780487806,True,True,False,True,False,False,False,False,True
203490,2018,2018-19,26,0.6829268292682927,56.00000000000001,1,0.3902439024390244,0.9390243902439024,31.051948051948052,True,True,False,True,False,False,False,False,True
203490,2019,2019-20,27,0.2153846153846154,17.661538461538463,0,0.6829268292682927,0.6829268292682927,29.607142857142858,True,True,False,False,False,False,False,False,True
203493,2018,2018-19,28,0.7682926829268293,63.0,4,0.3780487804878049,0.7560975609756098,27.451612903225808,False,True,True,False,False,False,False,True,False
203493,2019,2019-20,29,0.4393939393939394,36.03030303030303,3,0.3780487804878049,0.7682926829268293,29.3015873015873,False,True,True,False,False,False,False,True,False
203497,2018,2018-19,27,0.9878048780487805,81.0,1,0.5365853658536586,0.6829268292682927,31.928571428571427,True,True,False,False,False,False,False,False,True
203500,2018,2018-19,25,0.975609756097561,80.0,0,0.8536585365853658,0.926829268292683,32.223684210526315,True,True,False,True,False,False,False,False,True
203500,2019,2019-20,26,0.875,71.75,0,0.8536585365853658,0.975609756097561,32.8375,True,True,False,True,False,False,False,False,True
203500,2020,2020-21,27,0.8055555555555556,66.05555555555556,0,0.875,0.875,26.206349206349206,True,True,False,True,False,False,False,False,True
203501,2018,2018-19,27,0.7926829268292683,65.0,0,0.6219512195121951,0.6951219512195121,32.50877192982456,True,True,False,False,False,False,False,False,True
203503,2018,2018-19,27,0.9024390243902439,74.0,0,0.7804878048780488,0.9146341463414634,26.893333333333334,True,True,False,True,False,False,False,False,True
203506,2018,2018-19,27,0.43902439024390244,36.0,0,0.8170731707317073,0.9146341463414634,33.54666666666667,True,True,False,True,False,False,False,False,True
203507,2018,2018-19,24,0.8780487804878049,72.0,0,0.9146341463414634,0.9146341463414634,36.21333333333333,True,True,False,True,False,False,False,False,True
203507,2019,2019-20,25,0.863013698630137,70.76712328767124,0,0.8780487804878049,0.8780487804878049,32.208333333333336,True,True,False,True,False,False,False,False,True
203507,2020,2020-21,26,0.8333333333333334,68.33333333333334,0,0.863013698630137,0.863013698630137,29.936507936507937,True,True,False,True,False,False,False,False,True
203507,2021,2021-22,27,0.8170731707317073,67.0,0,0.8333333333333334,0.8333333333333334,33.016666666666666,True,True,False,True,False,False,False,False,True
203897,2019,2019-20,25,0.9230769230769231,75.6923076923077,2,0.2926829268292683,0.7682926829268293,33.96825396825397,True,True,False,False,False,False,True,False,True
203897,2020,2020-21,26,0.8055555555555556,66.05555555555556,2,0.2926829268292683,0.9230769230769231,34.266666666666666,True,True,False,True,False,False,True,False,True
203897,2021,2021-22,27,0.8170731707317073,67.0,2,0.2926829268292683,0.8055555555555556,34.55172413793103,True,True,False,True,False,False,True,False,True
203901,2019,2019-20,26,0.6818181818181818,55.90909090909091,1,0.5121951219512195,0.5121951219512195,29.30952380952381,True,True,False,False,False,False,False,False,True
203901,2020,2020-21,27,0.875,71.75,1,0.5121951219512195,0.6818181818181818,27.2,True,True,False,False,False,False,False,False,True
203914,2019,2019-20,25,0.7671232876712328,62.90410958904109,0,0.6463414634146342,0.6951219512195121,28.210526315789473,True,True,False,False,False,False,False,False,True
203914,2020,2020-21,26,0.5416666666666666,44.416666666666664,0,0.6951219512195121,0.7671232876712328,31.285714285714285,True,True,False,False,False,False,False,False,True
203914,2021,2021-22,27,0.7439024390243902,61.0,1,0.5416666666666666,0.5416666666666666,27.153846153846153,True,True,False,False,False,False,False,False,True
203915,2019,2019-20,27,0.8888888888888888,72.88888888888889,2,0.14634146341463414,0.8292682926829268,27.63235294117647,True,True,False,True,False,False,True,False,True
203918,2019,2019-20,27,0.28378378378378377,23.27027027027027,0,0.6097560975609756,0.8780487804878049,25.791666666666668,True,True,False,True,False,False,False,False,True
203922,2020,2020-21,27,0.3194444444444444,26.194444444444443,3,0.2804878048780488,0.8493150684931506,28.29032258064516,True,True,True,True,True,True,True,True,True
203924,2019,2019-20,26,0.9726027397260274,79.75342465753425,0,0.7926829268292683,0.975609756097561,32.1625,True,True,False,True,False,False,False,False,True
203924,2020,2020-21,27,0.75,61.5,0,0.9390243902439024,0.9726027397260274,26.169014084507044,True,True,False,True,False,False,False,False,True
203932,2019,2019-20,24,0.8493150684931506,69.64383561643835,1,0.573170731707317,0.9512195121951219,33.294871794871796,True,True,False,True,False,False,False,False,True
203932,2020,2020-21,25,0.6944444444444444,56.94444444444444,0,0.7073170731707317,0.8493150684931506,32.03225806451613,True,True,False,True,False,False,False,False,True
203932,2021,2021-22,26,0.9146341463414634,75.0,0,0.6944444444444444,0.6944444444444444,27.18,True,True,False,False,False,False,False,False,True
203932,2022,2022-23,27,0.8292682926829268,68.0,0,0.6944444444444444,0.9146341463414634,31.186666666666667,True,True,False,True,False,False,False,False,True
203933,2019,2019-20,26,0.9178082191780822,75.26027397260275,3,0.4878048780487805,0.524390243902439,31.11627906976744,True,True,True,False,True,False,True,True,True
203933,2020,2020-21,27,0.05555555555555555,4.555555555555555,2,0.524390243902439,0.9178082191780822,32.37313432835821,True,True,False,True,False,False,True,False,True
203935,2019,2019-20,26,0.8333333333333334,68.33333333333334,0,0.6585365853658537,0.975609756097561,27.0875,True,True,False,True,False,False,False,False,True
203935,2020,2020-21,27,0.6666666666666666,54.666666666666664,0,0.6585365853658537,0.8333333333333334,31.5,True,True,False,True,False,False,False,False,True
203937,2019,2019-20,26,0.9178082191780822,75.26027397260275,2,0.36585365853658536,0.524390243902439,29.27906976744186,True,True,False,False,False,False,True,False,True
203943,2019,2019-20,24,0.4657534246575342,38.1917808219178,1,0.3048780487804878,0.8292682926829268,24.794117647058822,True,True,False,True,False,False,False,False,True
203944,2019,2019-20,25,0.9696969696969697,79.51515151515152,1,0.012195121951219513,0.8902439024390244,30.054794520547944,True,True,False,True,False,False,False,False,True
203944,2020,2020-21,26,0.9861111111111112,80.86111111111111,0,0.8902439024390244,0.9696969696969697,32.015625,True,True,False,True,False,False,False,False,True
203944,2021,2021-22,27,0.8780487804878049,72.0,0,0.8902439024390244,0.9861111111111112,37.12676056338028,True,True,False,True,False,False,False,False,True
203952,2019,2019-20,25,0.8307692307692308,68.12307692307692,0,0.8902439024390244,0.8902439024390244,34.36986301369863,True,True,False,True,False,False,False,False,True
203952,2020,2020-21,26,0.9861111111111112,80.86111111111111,0,0.8307692307692308,0.8307692307692308,33.94444444444444,True,True,False,True,False,False,False,False,True
203952,2021,2021-22,27,0.8902439024390244,73.0,0,0.8307692307692308,0.9861111111111112,32.7887323943662,True,True,False,True,False,False,False,False,True
203953,2019,2019-20,25,0.5277777777777778,43.27777777777778,2,0.3048780487804878,0.7804878048780488,26.46875,True,True,False,False,False,False,True,False,True
203960,2019,2019-20,27,0.4657534246575342,38.1917808219178,3,0.0,0.04878048780487805,31.25,True,True,True,False,True,False,True,True,True
203991,2019,2019-20,26,0.5416666666666666,44.416666666666664,1,0.12195121951219512,0.8170731707317073,33.059701492537314,True,True,False,True,False,False,False,False,True
203991,2020,2020-21,27,0.875,71.75,1,0.5416666666666666,0.5416666666666666,32.23076923076923,True,True,False,False,False,False,False,False,True
203994,2019,2019-20,25,0.10810810810810811,8.864864864864865,1,0.3902439024390244,0.8780487804878049,26.930555555555557,True,True,False,True,False,False,False,False,True
203994,2020,2020-21,26,0.5138888888888888,42.138888888888886,2,0.10810810810810811,0.10810810810810811,31.375,True,True,False,False,False,False,True,False,True
203999,2020,2020-21,26,1.0,82.0,0,0.8902439024390244,1.0,31.43835616438356,True,True,False,True,False,False,False,False,True
203999,2021,2021-22,27,0.9024390243902439,74.0,0,0.8902439024390244,1.0,34.083333333333336,True,True,False,True,False,False,False,False,True
204001,2020,2020-21,25,0.5972222222222222,48.97222222222222,2,0.0,0.76,31.350877192982455,True,True,False,False,False,False,True,False,True
204001,2021,2021-22,26,0.6219512195121951,51.0,3,0.0,0.5972222222222222,30.372093023255815,True,True,True,False,True,False,True,True,True
204001,2022,2022-23,27,0.7926829268292683,65.0,3,0.0,0.6219512195121951,28.509803921568626,True,True,True,False,True,False,True,True,True
1626149,2020,2020-21,27,0.9583333333333334,78.58333333333334,1,0.47560975609756095,0.875,27.253968253968253,True,True,False,True,False,False,False,False,True
1626156,2020,2020-21,25,0.5833333333333334,47.833333333333336,1,0.5853658536585366,0.6923076923076923,31.8,True,True,False,False,False,False,False,False,True
1626156,2021,2021-22,26,0.7926829268292683,65.0,2,0.5833333333333334,0.5833333333333334,27.976190476190474,True,True,False,False,False,False,True,False,True
1626156,2022,2022-23,27,0.8658536585365854,71.0,2,0.5833333333333334,0.7926829268292683,31.50769230769231,True,True,False,False,False,False,True,False,True
1626157,2020,2020-21,25,0.6944444444444444,56.94444444444444,1,0.546875,0.546875,33.457142857142856,True,True,False,False,False,False,False,False,True
1626157,2021,2021-22,26,0.9024390243902439,74.0,1,0.546875,0.6944444444444444,33.32,True,True,False,False,False,False,False,False,True
1626157,2022,2022-23,27,0.35365853658536583,29.0,1,0.546875,0.9024390243902439,32.972972972972975,True,True,False,True,False,False,False,False,True
1626158,2020,2020-21,27,0.8472222222222222,69.47222222222221,1,0.5853658536585366,0.6111111111111112,27.75,True,True,False,False,False,False,False,False,True
1626159,2020,2020-21,25,0.3611111111111111,29.61111111111111,2,0.1506849315068493,0.1506849315068493,31.545454545454547,True,True,False,False,False,False,True,False,True
1626162,2020,2020-21,25,0.7638888888888888,62.638888888888886,0,0.7195121951219512,0.7671232876712328,34.017857142857146,True,True,False,False,False,False,False,False,True
1626162,2021,2021-22,26,0.926829268292683,76.0,0,0.7638888888888888,0.7638888888888888,30.236363636363638,True,True,False,False,False,False,False,False,True
1626162,2022,2022-23,27,0.5853658536585366,48.0,0,0.7638888888888888,0.926829268292683,25.789473684210527,True,True,False,True,False,False,False,False,True
1626164,2020,2020-21,24,0.9305555555555556,76.30555555555556,0,0.6585365853658537,0.958904109589041,35.4,True,True,False,True,False,False,False,False,True
1626164,2021,2021-22,25,0.8292682926829268,68.0,0,0.6585365853658537,0.9305555555555556,33.40298507462686,True,True,False,True,False,False,False,False,True
1626164,2022,2022-23,26,0.6463414634146342,53.0,0,0.6585365853658537,0.8292682926829268,33.98529411764706,True,True,False,True,False,False,False,False,True
1626164,2023,2023-24,27,0.8292682926829268,68.0,0,0.6463414634146342,0.6463414634146342,34.15094339622642,True,True,False,False,False,False,False,False,True
1626167,2020,2020-21,25,0.6527777777777778,53.52777777777778,0,0.7317073170731707,0.8493150684931506,28.983870967741936,True,True,False,True,False,False,False,False,True
1626167,2021,2021-22,26,0.5121951219512195,42.0,0,0.6527777777777778,0.6527777777777778,30.4468085106383,True,True,False,False,False,False,False,False,True
1626167,2022,2022-23,27,0.7560975609756098,62.0,1,0.5121951219512195,0.5121951219512195,28.857142857142858,True,True,False,False,False,False,False,False,True
1626174,2021,2021-22,26,0.8292682926829268,68.0,4,0.0,0.5694444444444444,31.878048780487806,True,True,True,False,True,False,True,True,True
1626174,2022,2022-23,27,0.8170731707317073,67.0,3,0.0,0.8292682926829268,30.33823529411765,True,True,True,True,True,True,True,True,True
1626179,2020,2020-21,27,0.9583333333333334,78.58333333333334,1,0.45121951219512196,0.9692307692307692,33.904761904761905,True,True,False,True,False,False,False,False,True
1626196,2020,2020-21,27,0.8194444444444444,67.19444444444444,0,0.6341463414634146,0.7534246575342466,30.29090909090909,True,True,False,False,False,False,False,False,True
1627732,2023,2023-24,27,0.18292682926829268,15.0,2,0.0,0.5121951219512195,25.80952380952381,True,True,False,False,False,False,True,False,True
1627734,2021,2021-22,26,0.7560975609756098,62.0,0,0.8493150684931506,0.8611111111111112,35.483870967741936,True,True,False,True,False,False,False,False,True
1627734,2022,2022-23,27,0.9634146341463414,79.0,0,0.7560975609756098,0.7560975609756098,33.935483870967744,True,True,False,False,False,False,False,False,True
1627736,2021,2021-22,25,0.9634146341463414,79.0,2,0.24390243902439024,0.5138888888888888,32.4054054054054,True,True,False,False,False,False,True,False,True
1627736,2022,2022-23,26,0.9878048780487805,81.0,1,0.5138888888888888,0.9634146341463414,24.569620253164558,True,True,False,True,False,False,False,False,True
1627736,2023,2023-24,27,0.9634146341463414,79.0,1,0.5138888888888888,0.9878048780487805,25.333333333333332,True,True,False,True,False,False,False,False,True
1627742,2021,2021-22,24,0.6707317073170732,55.0,0,0.6341463414634146,0.8472222222222222,33.83606557377049,True,True,False,True,False,False,False,False,True
1627742,2022,2022-23,25,0.5487804878048781,45.0,0,0.6341463414634146,0.6707317073170732,33.472727272727276,True,True,False,False,False,False,False,False,True
1627742,2023,2023-24,26,0.7804878048780488,64.0,1,0.5487804878048781,0.5487804878048781,33.68888888888889,True,True,False,False,False,False,False,False,True
1627742,2024,2024-25,27,0.21951219512195122,18.0,1,0.5487804878048781,0.7804878048780488,32.3125,True,True,False,False,False,False,False,False,True
1627747,2021,2021-22,27,0.7073170731707317,58.0,1,0.4878048780487805,0.6527777777777778,31.02127659574468,True,True,False,False,False,False,False,False,True
1627749,2021,2021-22,25,0.8292682926829268,68.0,2,0.0,0.9305555555555556,31.432835820895523,True,True,False,True,False,False,True,False,True
1627749,2022,2022-23,26,0.9024390243902439,74.0,1,0.0,0.8292682926829268,34.23529411764706,True,True,False,True,False,False,False,False,True
1627749,2023,2023-24,27,0.9512195121951219,78.0,1,0.0,0.9024390243902439,35.891891891891895,True,True,False,True,False,False,False,False,True
1627750,2023,2023-24,27,0.7195121951219512,59.0,1,0.0,0.7926829268292683,32.36923076923077,True,True,False,False,False,False,False,False,True
1627751,2021,2021-22,26,0.8292682926829268,68.0,0,0.6463414634146342,0.9583333333333334,26.217391304347824,True,True,False,True,False,False,False,False,True
1627751,2022,2022-23,27,0.8780487804878049,72.0,0,0.8292682926829268,0.8292682926829268,28.470588235294116,True,True,False,True,False,False,False,False,True
1627759,2021,2021-22,25,0.8048780487804879,66.0,0,0.7916666666666666,0.8055555555555556,33.89655172413793,True,True,False,True,False,False,False,False,True
1627759,2022,2022-23,26,0.8170731707317073,67.0,0,0.7916666666666666,0.8048780487804879,33.13636363636363,True,True,False,True,False,False,False,False,True
1627759,2023,2023-24,27,0.8536585365853658,70.0,0,0.7916666666666666,0.8170731707317073,35.417910447761194,True,True,False,True,False,False,False,False,True
1627826,2023,2023-24,27,0.8292682926829268,68.0,0,0.7195121951219512,0.926829268292683,28.05263157894737,True,True,False,True,False,False,False,False,True
1627863,2021,2021-22,29,0.5121951219512195,42.0,4,0.0,0.5,25.444444444444443,False,True,True,False,False,False,False,True,False
1627936,2022,2022-23,29,0.8170731707317073,67.0,3,0.3048780487804878,0.5,27.463414634146343,False,True,True,False,False,False,False,True,False
1628365,2023,2023-24,26,0.524390243902439,43.0,3,0.1111111111111111,0.7317073170731707,29.15,True,True,True,False,True,False,True,True,True
1628368,2022,2022-23,25,0.8902439024390244,73.0,0,0.7083333333333334,0.7195121951219512,34.86440677966102,True,True,False,False,False,False,False,False,True
1628368,2023,2023-24,26,0.9024390243902439,74.0,0,0.7083333333333334,0.8902439024390244,32.87671232876713,True,True,False,True,False,False,False,False,True
1628368,2024,2024-25,27,0.7560975609756098,62.0,0,0.7083333333333334,0.9024390243902439,35.4054054054054,True,True,False,True,False,False,False,False,True
1628369,2022,2022-23,25,0.9024390243902439,74.0,0,0.8888888888888888,0.926829268292683,35.421052631578945,True,True,False,True,False,False,False,False,True
1628369,2023,2023-24,26,0.9024390243902439,74.0,0,0.8888888888888888,0.9024390243902439,36.391891891891895,True,True,False,True,False,False,False,False,True
1628369,2024,2024-25,27,0.8780487804878049,72.0,0,0.8888888888888888,0.9024390243902439,35.21621621621622,True,True,False,True,False,False,False,False,True
1628370,2022,2022-23,25,0.9390243902439024,77.0,1,0.5833333333333334,0.926829268292683,27.657894736842106,True,True,False,True,False,False,False,False,True
1628370,2024,2024-25,27,0.7926829268292683,65.0,1,0.5833333333333334,0.8780487804878049,25.48611111111111,True,True,False,True,False,False,False,False,True
1628372,2023,2023-24,26,0.6829268292682927,56.00000000000001,3,0.3194444444444444,0.6585365853658537,25.22222222222222,True,True,True,False,True,False,True,True,True
1628374,2022,2022-23,26,0.8048780487804879,66.0,0,0.6341463414634146,0.7439024390243902,30.327868852459016,True,True,False,False,False,False,False,False,True
1628374,2023,2023-24,27,0.6707317073170732,55.0,0,0.6341463414634146,0.8048780487804879,33.984848484848484,True,True,False,True,False,False,False,False,True
1628378,2022,2022-23,26,0.8292682926829268,68.0,0,0.7361111111111112,0.8170731707317073,33.28358208955224,True,True,False,True,False,False,False,False,True
1628378,2023,2023-24,27,0.6707317073170732,55.0,0,0.7361111111111112,0.8292682926829268,35.23529411764706,True,True,False,True,False,False,False,False,True
1628379,2022,2022-23,27,0.7195121951219512,59.0,1,0.42424242424242425,0.8536585365853658,26.914285714285715,True,True,False,True,False,False,False,False,True
1628381,2022,2022-23,25,0.8658536585365854,71.0,0,0.6119402985074627,0.6585365853658537,30.296296296296298,True,True,False,False,False,False,False,False,True
1628381,2023,2023-24,26,0.8292682926829268,68.0,0,0.6119402985074627,0.8658536585365854,29.492957746478872,True,True,False,True,False,False,False,False,True
1628381,2024,2024-25,27,0.4878048780487805,40.0,0,0.6119402985074627,0.8292682926829268,27.455882352941178,True,True,False,True,False,False,False,False,True
1628384,2022,2022-23,25,0.8170731707317073,67.0,2,0.5853658536585366,0.5853658536585366,35.4375,True,True,False,False,False,False,True,False,True
1628384,2023,2023-24,26,0.6097560975609756,50.0,2,0.5853658536585366,0.8170731707317073,35.16417910447761,True,True,False,True,False,False,True,False,True
1628384,2024,2024-25,27,0.9024390243902439,74.0,2,0.5853658536585366,0.6097560975609756,33.52,True,True,False,False,False,False,True,False,True
1628386,2022,2022-23,25,0.8292682926829268,68.0,0,0.6829268292682927,0.6829268292682927,31.875,True,True,False,False,False,False,False,False,True
1628386,2023,2023-24,26,0.9390243902439024,77.0,0,0.6829268292682927,0.8292682926829268,32.11764705882353,True,True,False,True,False,False,False,False,True
1628386,2024,2024-25,27,0.9878048780487805,81.0,0,0.6829268292682927,0.9390243902439024,31.246753246753247,True,True,False,True,False,False,False,False,True
1628389,2022,2022-23,25,0.9146341463414634,75.0,0,0.6829268292682927,0.6829268292682927,32.07142857142857,True,True,False,False,False,False,False,False,True
1628389,2023,2023-24,26,0.8658536585365854,71.0,0,0.6829268292682927,0.9146341463414634,34.13333333333333,True,True,False,True,False,False,False,False,True
1628389,2024,2024-25,27,0.9512195121951219,78.0,0,0.6829268292682927,0.8658536585365854,33.53521126760563,True,True,False,True,False,False,False,False,True
1628392,2024,2024-25,27,0.6951219512195121,56.99999999999999,1,0.3055555555555556,0.9146341463414634,24.773333333333333,True,True,False,True,False,False,False,False,True
1628398,2022,2022-23,27,0.7804878048780488,64.0,0,0.8048780487804879,0.8048780487804879,32.90909090909091,True,True,False,True,False,False,False,False,True
1628415,2022,2022-23,27,0.8902439024390244,73.0,2,0.21951219512195122,0.3902439024390244,27.15625,True,True,False,False,False,False,True,False,True
1628969,2023,2023-24,27,1.0,82.0,0,0.9878048780487805,1.0,35.65853658536585,True,True,False,True,False,False,False,False,True
1628970,2024,2024-25,27,0.7804878048780488,64.0,1,0.0,0.8414634146341463,36.88405797101449,True,True,False,True,False,False,False,False,True
1628971,2023,2023-24,27,0.8170731707317073,67.0,0,0.8780487804878049,0.975609756097561,27.975,True,True,False,True,False,False,False,False,True
1628973,2023,2023-24,27,0.926829268292683,76.0,0,0.7466666666666667,0.8292682926829268,34.5,True,True,False,True,False,False,False,False,True
1628976,2023,2023-24,25,0.6707317073170732,55.0,1,0.5365853658536586,0.6951219512195121,29.07017543859649,True,True,False,False,False,False,False,False,True
1628976,2024,2024-25,26,0.8292682926829268,68.0,0,0.6615384615384615,0.6707317073170732,25.09090909090909,True,True,False,False,False,False,False,False,True
1628976,2025,2025-26,27,0.9512195121951219,78.0,0,0.6707317073170732,0.8292682926829268,25.33823529411765,True,True,False,True,False,False,False,False,True
1628978,2023,2023-24,27,0.9878048780487805,81.0,2,0.32926829268292684,0.8780487804878049,25.77777777777778,True,True,False,True,False,False,True,False,True
1628983,2023,2023-24,25,0.9146341463414634,75.0,1,0.4861111111111111,0.8292682926829268,35.044117647058826,True,True,False,True,False,False,False,False,True
1628983,2024,2024-25,26,0.926829268292683,76.0,1,0.4861111111111111,0.9146341463414634,33.49333333333333,True,True,False,True,False,False,False,False,True
1628983,2025,2025-26,27,0.8292682926829268,68.0,1,0.4861111111111111,0.926829268292683,33.71052631578947,True,True,False,True,False,False,False,False,True
1628989,2023,2023-24,25,0.7682926829268293,63.0,0,0.835820895522388,0.9146341463414634,28.84,True,True,False,True,False,False,False,False,True
1628989,2024,2024-25,26,0.8414634146341463,69.0,0,0.7682926829268293,0.7682926829268293,24.26984126984127,True,True,False,False,False,False,False,False,True
1628991,2023,2023-24,24,0.8048780487804879,66.0,1,0.1527777777777778,0.7682926829268293,27.825396825396826,True,True,False,False,False,False,False,False,True
1628991,2024,2024-25,25,0.9024390243902439,74.0,1,0.1527777777777778,0.8048780487804879,31.696969696969695,True,True,False,True,False,False,False,False,True
1628991,2025,2025-26,26,0.5853658536585366,48.0,1,0.1527777777777778,0.9024390243902439,29.33783783783784,True,True,False,True,False,False,False,False,True
1629001,2023,2023-24,26,0.4634146341463415,38.0,0,0.6097560975609756,0.9390243902439024,27.454545454545453,True,True,False,True,False,False,False,False,True
1629001,2024,2024-25,27,0.07317073170731707,6.0,1,0.4634146341463415,0.4634146341463415,26.5,True,True,False,False,False,False,False,False,True
1629008,2024,2024-25,27,0.9390243902439024,77.0,1,0.10975609756097561,0.9878048780487805,31.14814814814815,True,True,False,True,False,False,False,False,True
1629011,2023,2023-24,26,0.3780487804878049,31.0,1,0.4305555555555556,0.7195121951219512,26.406779661016948,True,True,False,False,False,False,False,False,True
1629011,2024,2024-25,27,0.2073170731707317,17.0,2,0.3780487804878049,0.3780487804878049,24.322580645161292,True,True,False,False,False,False,True,False,True
1629012,2024,2024-25,26,0.7682926829268293,63.0,2,0.13414634146341464,0.9512195121951219,26.08974358974359,True,True,False,True,False,False,True,False,True
1629012,2025,2025-26,27,0.8292682926829268,68.0,2,0.13414634146341464,0.7682926829268293,27.41269841269841,True,True,False,False,False,False,True,False,True
1629014,2023,2023-24,25,0.5609756097560976,46.00000000000001,1,0.2073170731707317,0.7560975609756098,34.46774193548387,True,True,False,False,False,False,False,False,True
1629014,2024,2024-25,26,0.8536585365853658,70.0,1,0.5609756097560976,0.5609756097560976,33.84782608695652,True,True,False,False,False,False,False,False,True
1629014,2025,2025-26,27,0.6707317073170732,55.0,1,0.5609756097560976,0.8536585365853658,32.22857142857143,True,True,False,True,False,False,False,False,True
1629018,2023,2023-24,25,0.8658536585365854,71.0,1,0.18292682926829268,0.8048780487804879,31.59090909090909,True,True,False,True,False,False,False,False,True
1629018,2024,2024-25,26,0.9024390243902439,74.0,0,0.8048780487804879,0.8658536585365854,27.591549295774648,True,True,False,True,False,False,False,False,True
1629018,2025,2025-26,27,0.7926829268292683,65.0,0,0.8048780487804879,0.9024390243902439,25.10810810810811,True,True,False,True,False,False,False,False,True
1629023,2024,2024-25,26,0.6951219512195121,56.99999999999999,0,0.7926829268292683,0.8902439024390244,29.931506849315067,True,True,False,True,False,False,False,False,True
1629023,2025,2025-26,27,0.6829268292682927,56.00000000000001,0,0.6951219512195121,0.6951219512195121,31.70175438596491,True,True,False,False,False,False,False,False,True
1629027,2023,2023-24,25,0.6585365853658537,54.0,0,0.875,0.8902439024390244,34.31506849315068,True,True,False,True,False,False,False,False,True
1629027,2024,2024-25,26,0.926829268292683,76.0,0,0.6585365853658537,0.6585365853658537,35.46296296296296,True,True,False,False,False,False,False,False,True
1629027,2025,2025-26,27,0.18292682926829268,15.0,0,0.6585365853658537,0.926829268292683,35.526315789473685,True,True,False,True,False,False,False,False,True
1629028,2023,2023-24,25,0.6707317073170732,55.0,1,0.5205479452054794,0.8170731707317073,29.83582089552239,True,True,False,True,False,False,False,False,True
1629028,2024,2024-25,26,0.4878048780487805,40.0,1,0.5205479452054794,0.6707317073170732,31.945454545454545,True,True,False,False,False,False,False,False,True
1629028,2025,2025-26,27,0.8780487804878049,72.0,1,0.4878048780487805,0.4878048780487805,29.55,True,True,False,False,False,False,False,False,True
1629029,2023,2023-24,25,0.8536585365853658,70.0,0,0.7926829268292683,0.8048780487804879,35.75757575757576,True,True,False,True,False,False,False,False,True
1629029,2024,2024-25,26,0.6097560975609756,50.0,0,0.7926829268292683,0.8536585365853658,37.042857142857144,True,True,False,True,False,False,False,False,True
1629029,2025,2025-26,27,0.7804878048780488,64.0,0,0.6097560975609756,0.6097560975609756,34.96,True,True,False,False,False,False,False,False,True
1629060,2024,2024-25,27,0.7195121951219512,59.0,1,0.5121951219512195,0.8292682926829268,26.38235294117647,True,True,False,True,False,False,False,False,True
1629627,2024,2024-25,24,0.36585365853658536,30.0,3,0.0,0.8536585365853658,30.942857142857143,True,True,True,True,True,True,True,True,True
1629627,2025,2025-26,25,0.7560975609756098,62.0,3,0.0,0.36585365853658536,28.133333333333333,True,True,True,False,True,False,True,True,True
1629628,2024,2024-25,25,0.7073170731707317,58.0,0,0.7073170731707317,0.7073170731707317,31.155172413793103,True,True,False,False,False,False,False,False,True
1629628,2025,2025-26,26,0.6951219512195121,56.99999999999999,0,0.7073170731707317,0.7073170731707317,31.70689655172414,True,True,False,False,False,False,False,False,True
1629630,2024,2024-25,25,0.6097560975609756,50.0,1,0.10975609756097561,0.10975609756097561,34.77777777777778,True,True,False,False,False,False,False,False,True
1629630,2025,2025-26,26,0.24390243902439024,20.0,1,0.10975609756097561,0.6097560975609756,29.96,True,True,False,False,False,False,False,False,True
1629631,2024,2024-25,27,0.7804878048780488,64.0,1,0.3194444444444444,0.6951219512195121,29.0,True,True,False,False,False,False,False,False,True
1629632,2024,2024-25,25,0.9024390243902439,74.0,0,0.7439024390243902,0.9634146341463414,35.9873417721519,True,True,False,True,False,False,False,False,True
1629632,2025,2025-26,26,0.6097560975609756,50.0,0,0.7439024390243902,0.9024390243902439,32.58108108108108,True,True,False,True,False,False,False,False,True
1629636,2024,2024-25,25,0.9146341463414634,75.0,0,0.6951219512195121,0.6951219512195121,32.89473684210526,True,True,False,False,False,False,False,False,True
1629636,2025,2025-26,26,0.5487804878048781,45.0,0,0.6951219512195121,0.9146341463414634,30.2,True,True,False,True,False,False,False,False,True
1629638,2025,2025-26,27,0.9512195121951219,78.0,0,0.6388888888888888,1.0,24.78048780487805,True,True,False,True,False,False,False,False,True
1629639,2024,2024-25,25,0.9390243902439024,77.0,1,0.5121951219512195,0.5121951219512195,33.0,True,True,False,False,False,False,False,False,True
1629639,2025,2025-26,26,0.4024390243902439,33.0,1,0.5121951219512195,0.9390243902439024,34.883116883116884,True,True,False,True,False,False,False,False,True
1629640,2024,2024-25,25,0.9390243902439024,77.0,1,0.23943661971830985,0.8414634146341463,29.057971014492754,True,True,False,True,False,False,False,False,True
1629651,2024,2024-25,26,0.8536585365853658,70.0,3,0.20833333333333334,0.8658536585365854,29.309859154929576,True,True,True,True,True,True,True,True,True
1629651,2025,2025-26,27,0.8414634146341463,69.0,2,0.4444444444444444,0.8536585365853658,26.357142857142858,True,True,False,True,False,False,True,False,True
1629652,2024,2024-25,26,0.8658536585365854,71.0,1,0.5,0.9634146341463414,27.962025316455698,True,True,False,True,False,False,False,False,True
1629652,2025,2025-26,27,0.8414634146341463,69.0,0,0.6219512195121951,0.8658536585365854,28.676056338028168,True,True,False,True,False,False,False,False,True
1629655,2024,2024-25,26,0.6951219512195121,56.99999999999999,0,0.6615384615384615,0.9024390243902439,24.054054054054053,True,True,False,True,False,False,False,False,True
1629673,2024,2024-25,26,0.8292682926829268,68.0,0,0.7083333333333334,0.9512195121951219,29.615384615384617,True,True,False,True,False,False,False,False,True
1629673,2025,2025-26,27,0.47560975609756095,39.0,0,0.7083333333333334,0.8292682926829268,28.955882352941178,True,True,False,True,False,False,False,False,True
1629675,2025,2025-26,26,0.9390243902439024,77.0,0,0.8292682926829268,0.975609756097561,26.925,True,True,False,True,False,False,False,False,True
1629684,2024,2024-25,26,0.1951219512195122,16.0,0,0.8611111111111112,0.926829268292683,27.605263157894736,True,True,False,True,False,False,False,False,True
1629684,2025,2025-26,27,0.43902439024390244,36.0,1,0.1951219512195122,0.1951219512195122,29.4375,True,True,False,False,False,False,False,False,True
1630162,2025,2025-26,24,0.7439024390243902,61.0,0,0.8780487804878049,0.9634146341463414,35.936708860759495,True,True,False,True,False,False,False,False,True
1630163,2025,2025-26,24,0.8780487804878049,72.0,3,0.2682926829268293,0.573170731707317,31.53191489361702,True,True,True,False,True,False,True,True,True
1630165,2025,2025-26,24,0.2804878048780488,23.000000000000004,3,0.07317073170731707,0.07317073170731707,26.5,True,True,True,False,True,False,True,True,True
1630166,2025,2025-26,25,0.7926829268292683,65.0,0,0.75,0.8780487804878049,29.47222222222222,True,True,False,True,False,False,False,False,True
1630168,2025,2025-26,25,0.9024390243902439,74.0,1,0.5853658536585366,0.9024390243902439,27.405405405405407,True,True,False,True,False,False,False,False,True
1630170,2025,2025-26,25,0.8170731707317073,67.0,1,0.4634146341463415,0.7804878048780488,30.4375,True,True,False,False,False,False,False,False,True
1630172,2025,2025-26,24,0.8780487804878049,72.0,2,0.2073170731707317,0.7682926829268293,24.523809523809526,True,True,False,False,False,False,True,False,True
1630174,2025,2025-26,26,0.5487804878048781,45.0,1,0.5487804878048781,0.5487804878048781,24.4,True,True,False,False,False,False,False,False,True
1630178,2025,2025-26,25,0.8536585365853658,70.0,0,0.6341463414634146,0.6341463414634146,37.13461538461539,True,True,False,False,False,False,False,False,True
1630182,2025,2025-26,25,0.7073170731707317,58.0,1,0.5138888888888888,0.8292682926829268,27.279411764705884,True,True,False,True,False,False,False,False,True
1630183,2025,2025-26,25,0.8902439024390244,73.0,0,0.8536585365853658,1.0,31.365853658536587,True,True,False,True,False,False,False,False,True
1630193,2025,2025-26,27,0.8536585365853658,70.0,1,0.4024390243902439,0.4024390243902439,27.393939393939394,True,True,False,False,False,False,False,False,True
