team_abbr,team,book_1,book_2,book_3,book_4,book_5,book_6,median_odds,raw_implied_prob,devig_prob_proportional,market_rank,p_raw,market_prop,market_power,consensus,rapm,box,darko,model_mean,model_lo,model_hi,diff_pp,market_pct,model_pct,model_rank
SAS,San Antonio Spurs,260,270,255,250,275,250,257.5,0.27972,0.22957,1,0.27972027972027974,0.22957142994974666,0.2503461099276787,0.16147,0.17514,0.0976699999999999,0.12078,0.13876499999999997,0.0976699999999999,0.17514,-9.080642994974669,22.957142994974667,13.876499999999997,3
OKC,Oklahoma City Thunder,260,270,300,260,275,250,265.0,0.27397,0.22485,2,0.273972602739726,0.22485420878639567,0.24475906310936615,0.16308,0.15053,0.17573,0.17783,0.1667925,0.15053,0.17783,-5.806170878639566,22.485420878639566,16.67925,2
PHI,Philadelphia 76ers,850,900,750,2500,750,900,875.0,0.10256,0.08418,3,0.10256410256410256,0.08417619098157376,0.08411356089849291,0.03616,0.02777,0.00524,0.0301,0.0248175,0.00524,0.03616,-5.935869098157377,8.417619098157376,2.48175,12
NYK,New York Knicks,900,900,800,850,900,900,900.0,0.1,0.08207,4,0.1,0.08207178620703443,0.08183009973918716,0.03713,0.03857,0.0608799999999999,0.03612,0.04317499999999998,0.03612,0.0608799999999999,-3.8896786207034446,8.207178620703443,4.317499999999998,9
BOS,Boston Celtics,1400,1300,1800,1400,1300,1400,1400.0,0.06667,0.05471,5,0.06666666666666667,0.05471452413802295,0.05266069374733665,0.19276,0.2049399999999999,0.1326,0.14945,0.16993749999999996,0.1326,0.2049399999999999,11.522297586197702,5.471452413802295,16.993749999999995,1
CLE,Cleveland Cavaliers,2500,2200,3000,2000,2500,3000,2500.0,0.03846,0.03157,6,0.038461538461538464,0.031566071618090163,0.028960161671853158,0.00639,0.00532,0.0437,0.01072,0.0165325,0.00532,0.0437,-1.5033571618090165,3.156607161809016,1.6532499999999999,15
DET,Detroit Pistons,3000,2500,3000,2200,2500,2500,2500.0,0.03846,0.03157,6,0.038461538461538464,0.031566071618090163,0.028960161671853158,0.05028,0.05167,0.1048,0.11764,0.08109749999999999,0.05028,0.11764,4.953142838190983,3.156607161809016,8.109749999999998,4
DEN,Denver Nuggets,2500,2500,2500,2000,2500,2500,2500.0,0.03846,0.03157,6,0.038461538461538464,0.031566071618090163,0.028960161671853158,0.03934,0.02963,0.0752299999999999,0.0433,0.04687499999999997,0.02963,0.0752299999999999,1.5308928381909808,3.156607161809016,4.687499999999997,8
MIN,Minnesota Timberwolves,2500,2500,2200,2000,2500,2500,2500.0,0.03846,0.03157,6,0.038461538461538464,0.031566071618090163,0.028960161671853158,0.00819,0.01195,0.0213399999999999,0.0257399999999999,0.01680499999999995,0.00819,0.0257399999999999,-1.4761071618090216,3.156607161809016,1.6804999999999948,14
TOR,Toronto Raptors,3000,2500,2500,2000,2500,2500,2500.0,0.03846,0.03157,6,0.038461538461538464,0.031566071618090163,0.028960161671853158,0.05608,0.04536,0.03377,0.06189,0.049275,0.03377,0.06189,1.7708928381909836,3.156607161809016,4.9275,7
MIA,Miami Heat,3000,3000,2800,3000,3000,3000,3000.0,0.03226,0.02647,11,0.03225806451612903,0.02647476974420465,0.02391994685555314,0.04049,0.03786,0.03341,0.05589,0.0419125,0.03341,0.05589,1.5437730255795348,2.6474769744204654,4.19125,10
LAL,Los Angeles Lakers,4000,3500,3500,5000,3000,4000,3750.0,0.02597,0.02132,12,0.025974025974025976,0.02131734706676219,0.018900199118438255,0.03478,0.03383,0.05862,0.02306,0.0375725,0.02306,0.05862,1.625515293323781,2.131734706676219,3.75725,11
IND,Indiana Pacers,6600,4000,4000,3500,4000,4000,4000.0,0.02439,0.02002,13,0.024390243902439025,0.020017508830984007,0.0176507744520338,0.0,0.0,0.0,0.0,0.0,0.0,0.0,-2.0017508830984005,2.0017508830984005,0.0,27
HOU,Houston Rockets,5000,5000,5000,4000,5000,4000,5000.0,0.01961,0.01609,14,0.0196078431372549,0.016092507099418514,0.013922678591830532,0.05032,0.05089,0.05273,0.06414,0.05452,0.05032,0.06414,3.8427492900581486,1.6092507099418514,5.452,6
GSW,Golden State Warriors,6600,6000,5000,4500,6000,6000,6000.0,0.01639,0.01345,15,0.01639344262295082,0.013454391181481054,0.011460176053511439,0.0004,0.00014,0.00428,0.00091,0.0014325,0.00014,0.00428,-1.2021891181481055,1.3454391181481054,0.14325,20
ATL,Atlanta Hawks,6600,7000,6000,7500,7500,6000,6800.0,0.01449,0.01189,16,0.014492753623188406,0.011894461769135424,0.010023311019552545,0.01426,0.01358,0.01069,0.03821,0.019185,0.01069,0.03821,0.7290538230864576,1.1894461769135425,1.9185,13
ORL,Orlando Magic,8000,8000,7000,6500,7500,6000,7250.0,0.01361,0.01117,17,0.013605442176870748,0.011166229415923051,0.009358008723178388,0.0029,0.00419,0.0065299999999999,0.0038199999999999,0.00435999999999995,0.0029,0.0065299999999999,-0.6806229415923101,1.116622941592305,0.435999999999995,18
POR,Portland Trail Blazers,8000,8000,10000,7500,7500,8000,8000.0,0.01235,0.01013,18,0.012345679012345678,0.010132319284819065,0.008419976898585937,0.01082,0.0130599999999999,0.01965,0.0023,0.011457499999999975,0.0023,0.01965,0.13251807151809097,1.0132319284819065,1.1457499999999974,17
CHA,Charlotte Hornets,12500,10000,10000,10000,10000,10000,10000.0,0.0099,0.00813,19,0.009900990099009901,0.008125919426439053,0.006624123977361195,0.08212,0.09437,0.05206,0.0057599999999999,0.05857749999999997,0.0057599999999999,0.09437,5.045158057356092,0.8125919426439053,5.857749999999997,5
PHX,Phoenix Suns,15000,12000,15000,10000,10000,15000,13500.0,0.00735,0.00603,20,0.007352941176470588,0.006034690162281943,0.004793555505410606,0.0114,0.00933,0.0104099999999999,0.02644,0.014394999999999974,0.00933,0.02644,0.836030983771803,0.6034690162281943,1.4394999999999973,16
WAS,Washington Wizards,15000,15000,15000,22500,15000,15000,15000.0,0.00662,0.00544,21,0.006622516556291391,0.005435217629604929,0.0042782155582188645,0.0,0.0,0.0,0.0,0.0,0.0,0.0,-0.5435217629604929,0.5435217629604929,0.0,27
DAL,Dallas Mavericks,20000,18000,20000,22500,20000,15000,20000.0,0.00498,0.00408,22,0.004975124378109453,0.004083173443136041,0.0031349144449116535,6.000000000000001e-05,2e-05,0.0,2e-05,2.5e-05,0.0,6.000000000000001e-05,-0.4058173443136041,0.40831734431360406,0.0025,23
UTA,Utah Jazz,20000,20000,15000,22500,20000,15000,20000.0,0.00498,0.00408,22,0.004975124378109453,0.004083173443136041,0.0031349144449116535,0.0,0.0,0.0,0.0,0.0,0.0,0.0,-0.40831734431360406,0.40831734431360406,0.0,27
NOP,New Orleans Pelicans,75000,40000,50000,35000,50000,50000,50000.0,0.002,0.00164,24,0.001996007984031936,0.0016381594053300284,0.001161560201757098,0.0,0.0,0.0,0.0001699999999999,4.2499999999975e-05,0.0,0.0001699999999999,-0.15956594053300532,0.16381594053300283,0.0042499999999975,22
LAC,Los Angeles Clippers,75000,50000,80000,40000,50000,50000,50000.0,0.002,0.00164,24,0.001996007984031936,0.0016381594053300284,0.001161560201757098,0.0015499999999999,0.00183,0.00066,0.00543,0.0023674999999999747,0.00066,0.00543,0.07293405946699463,0.16381594053300283,0.23674999999999746,19
CHI,Chicago Bulls,75000,70000,50000,75000,50000,50000,60000.0,0.00166,0.00137,26,0.0016638935108153079,0.0013655871249090587,0.0009530636605450935,1e-05,1e-05,0.0,0.00025,6.75e-05,0.0,0.00025,-0.12980871249090586,0.13655871249090587,0.00675,21
MIL,Milwaukee Bucks,75000,70000,80000,75000,50000,50000,72500.0,0.00138,0.00113,27,0.0013774104683195593,0.0011304653747525404,0.0007760920276026587,0.0,0.0,0.0,0.0,0.0,0.0,0.0,-0.11304653747525403,0.11304653747525403,0.0,27
MEM,Memphis Grizzlies,75000,100000,80000,75000,100000,50000,77500.0,0.00129,0.00106,28,0.001288659793814433,0.001057626110915392,0.0007218868383657487,1e-05,1e-05,0.0,3.0000000000000004e-05,1.2500000000000002e-05,0.0,3.0000000000000004e-05,-0.10451261109153921,0.1057626110915392,0.0012500000000000002,24
BKN,Brooklyn Nets,100000,100000,100000,75000,100000,50000,100000.0,0.001,0.00082,29,0.000999000999000999,0.0008198979641062381,0.0005473528221001884,0.0,0.0,0.0,0.0,0.0,0.0,0.0,-0.0819897964106238,0.0819897964106238,0.0,27
SAC,Sacramento Kings,100000,100000,80000,75000,100000,100000,100000.0,0.001,0.00082,29,0.000999000999000999,0.0008198979641062381,0.0005473528221001884,0.0,0.0,0.0,0.0,0.0,0.0,0.0,-0.0819897964106238,0.0819897964106238,0.0,27
