group,n,median,q25,q75,share_kept_all,median_prior_mpg,median_new_mpg
all movers,34,0.7387072329713869,0.4337033867422105,0.9025668227206666,0.14705882352941177,23.0125,17.623195619711296
  2023-24,7,0.5631147540983606,0.46470031835960257,0.6798032592737506,0.0,21.941176470588236,10.177777777777777
  2024-25,10,0.8519546641100582,0.6110990056970064,1.0714652403155411,0.3,23.570833333333333,20.761904761904763
  2025-26,17,0.7856330984314617,0.38582389477530143,0.9400370317618573,0.11764705882352941,22.816666666666666,17.634146341463413
new team top ten by wins,8,0.4804546754792455,0.2573388553703514,0.6241921363322802,0.0,23.28333333333333,10.225252525252525
new team middle ten,12,0.6590748418019414,0.4676758171134777,0.7993598212187807,0.08333333333333333,22.080910852713178,14.558350803633822
new team bottom ten,14,0.8705268728677751,0.7476277564181075,1.0274942248289085,0.2857142857142857,23.360283687943262,19.659574468085104
new team at or above .600,6,0.4804546754792455,0.307811506675143,0.7425294978854636,0.0,24.244565217391305,11.386363636363637
new team under .500,16,0.8519546641100582,0.6890367252235657,0.99985101611944,0.25,22.99778368794326,19.11493161094225
