dest_season,slug,player,prior_team,prior_mpg,prior_g,prior_bpm,prior_team_win_pct,prior_team_wins_rank,new_team,new_mpg,new_g,new_team_win_pct,new_team_wins_rank,retention,played
2023-24,/players/r/reddica01.html,Cam Reddish,POR,27.6,20,-3.4,0.4024390243902439,26,LAL,20.5,48,0.573170731707317,12,0.7427536231884058,True
2023-24,/players/s/smithde03.html,Dennis Smith Jr.,CHO,25.74074074074074,54,-2.2,0.32926829268292684,27,BRK,18.910714285714285,56,0.3902439024390244,22,0.7346608427543679,True
2023-24,/players/d/duartch01.html,Chris Duarte,IND,19.5,46,-4.5,0.4268292682926829,23,SAC,12.186440677966102,59,0.5609756097560976,16,0.6249456757931334,True
2023-24,/players/l/littlna01.html,Nassir Little,POR,18.074074074074073,54,-3.0,0.4024390243902439,26,PHO,10.177777777777777,45,0.5975609756097561,8,0.5631147540983606,True
2023-24,/players/h/hamptrj01.html,R.J. Hampton,DET,18.523809523809526,21,-2.9,0.2073170731707317,30,MIA,9.5,8,0.5609756097560976,16,0.5128534704370179,True
2023-24,/players/o/omorueu01.html,Eugene Omoruyi,DET,21.941176470588236,17,-4.4,0.2073170731707317,30,WAS,9.13953488372093,43,0.18292682926829268,29,0.4165471662821872,True
2023-24,/players/b/bullore01.html,Reggie Bullock,DAL,30.307692307692307,78,-2.6,0.4634146341463415,21,HOU,9.477272727272727,44,0.5,19,0.3127018920166128,True
2023-24,/players/b/bartowi01.html,Will Barton,WAS,19.55,40,-2.6,0.4268292682926829,23,,0.0,0,,-1,0.0,False
2023-24,/players/l/langfro01.html,Romeo Langford,SAS,19.627906976744185,43,-4.2,0.2682926829268293,28,,0.0,0,,-1,0.0,False
2023-24,/players/w/winslju01.html,Justise Winslow,POR,26.75862068965517,29,-2.8,0.4024390243902439,26,,0.0,0,,-1,0.0,False
2024-25,/players/a/agbajoc01.html,Ochai Agbaji,UTA,19.666666666666668,51,-4.4,0.3780487804878049,23,TOR,27.171875,64,0.36585365853658536,24,1.3816207627118644,True
2024-25,/players/w/willizi02.html,Ziaire Williams,MEM,20.352941176470587,51,-4.5,0.32926829268292684,24,BRK,24.46031746031746,63,0.3170731707317073,25,1.2018075052757133,True
2024-25,/players/h/hayeski01.html,Killian Hayes,DET,24.0,42,-2.7,0.17073170731707318,30,BRK,27.0,6,0.3170731707317073,25,1.125,True
2024-25,/players/t/trentga02.html,Gary Trent Jr.,TOR,28.08450704225352,71,-2.6,0.3048780487804878,25,MIL,25.58108108108108,74,0.5853658536585366,11,0.9108609612621649,True
2024-25,/players/r/richani01.html,Nick Richards,CHO,26.253731343283583,67,-2.3,0.25609756097560976,27,PHO,22.666666666666668,36,0.43902439024390244,21,0.8633693386393785,True
2024-25,/players/b/burksal01.html,Alec Burks,DET,20.953488372093023,43,-2.3,0.17073170731707318,30,MIA,17.612244897959183,49,0.45121951219512196,20,0.840539989580738,True
2024-25,/players/b/biyombi01.html,Bismack Biyombo,MEM,23.933333333333334,30,-3.4,0.32926829268292684,24,SAS,18.857142857142858,28,0.4146341463414634,23,0.7879029048945484,True
2024-25,/players/r/roddyda01.html,David Roddy,MEM,23.208333333333332,48,-5.0,0.32926829268292684,24,ATL,12.814814814814815,27,0.4878048780487805,16,0.552164372631159,True
2024-25,/players/j/jemistr01.html,Trey Jemison,MEM,24.869565217391305,23,-5.1,0.32926829268292684,24,LAL,10.272727272727273,22,0.6097560975609756,6,0.413064208518754,True
2024-25,/players/k/knoxke01.html,Kevin Knox,DET,18.06451612903226,31,-4.6,0.17073170731707318,30,GSW,6.0,14,0.5853658536585366,11,0.33214285714285713,True
2024-25,/players/b/bogdabo02.html,Bojan Bogdanović,DET,32.892857142857146,28,-3.2,0.17073170731707318,30,,0.0,0,,-1,0.0,False
2024-25,/players/b/browntr01.html,Troy Brown Jr.,DET,18.954545454545453,22,-2.6,0.17073170731707318,30,,0.0,0,,-1,0.0,False
2024-25,/players/f/fournev01.html,Evan Fournier,DET,18.655172413793103,29,-4.3,0.17073170731707318,30,,0.0,0,,-1,0.0,False
2025-26,/players/m/mitchda01.html,Davion Mitchell,TOR,24.545454545454547,44,-2.6,0.36585365853658536,24,MIA,28.571428571428573,70,0.524390243902439,17,1.164021164021164,True
2025-26,/players/p/pottemi01.html,Micah Potter,UTA,18.55263157894737,38,-3.5,0.2073170731707317,30,IND,19.319148936170212,47,0.23170731707317074,29,1.0413158291836426,True
2025-26,/players/r/richani01.html,Nick Richards,PHO,22.666666666666668,36,-3.3,0.43902439024390244,21,CHI,22.35,20,0.3780487804878049,22,0.9860294117647059,True
2025-26,/players/b/brownbr01.html,Bruce Brown,NOP,24.73913043478261,23,-3.8,0.25609756097560976,27,DEN,24.365853658536587,82,0.6585365853658537,5,0.9849114835612328,True
2025-26,/players/r/robinje02.html,Jeremiah Robinson-Earl,NOP,18.772727272727273,66,-2.5,0.25609756097560976,27,IND,17.647058823529413,17,0.23170731707317074,29,0.9400370317618573,True
2025-26,/players/j/jeffrda01.html,DaQuan Jeffries,CHO,22.78723404255319,47,-4.7,0.23170731707317074,28,SAC,20.0,3,0.2682926829268293,26,0.8776844070961718,True
2025-26,/players/g/greenja02.html,Javonte Green,NOP,21.84,50,-2.3,0.25609756097560976,27,DET,17.634146341463413,82,0.7317073170731707,3,0.8074242830340391,True
2025-26,/players/s/schrode01.html,Dennis Schröder,BRK,33.56521739130435,23,-2.2,0.3170731707317073,25,SAC,26.4,40,0.2682926829268293,26,0.7865284974093263,True
2025-26,/players/w/watfotr01.html,Trendon Watford,BRK,20.75,44,-3.1,0.3170731707317073,25,PHI,16.30188679245283,53,0.5487804878048781,13,0.7856330984314617,True
2025-26,/players/k/kispeco01.html,Corey Kispert,WAS,26.262295081967213,61,-3.7,0.21951219512195122,29,ATL,18.205128205128204,39,0.5609756097560976,11,0.6932040078107493,True
2025-26,/players/s/smithni01.html,Nick Smith Jr.,CHO,22.816666666666666,60,-5.7,0.23170731707317074,28,LAL,12.5,30,0.6463414634146342,6,0.547845142439737,True
2025-26,/players/m/martica02.html,Caleb Martin,PHI,30.419354838709676,31,-3.2,0.2926829268292683,26,DAL,14.758620689655173,58,0.3170731707317073,23,0.4851720481222804,True
2025-26,/players/j/johnsaj01.html,AJ Johnson,WAS,27.045454545454547,22,-8.1,0.21951219512195122,29,DAL,10.434782608695652,23,0.3170731707317073,23,0.38582389477530143,True
2025-26,/players/r/robinor01.html,Orlando Robinson,TOR,20.37142857142857,35,-3.4,0.36585365853658536,24,ORL,6.25,4,0.5487804878048781,13,0.3068022440392707,True
2025-26,/players/j/jonesco02.html,Colby Jones,WAS,25.666666666666668,15,-2.8,0.21951219512195122,29,DET,7.0,1,0.7317073170731707,3,0.2727272727272727,True
2025-26,/players/j/juzanjo01.html,Johnny Juzang,UTA,19.84375,64,-2.3,0.2073170731707317,30,MIN,4.190476190476191,21,0.5975609756097561,10,0.21117360329958756,True
2025-26,/players/e/evbuoto01.html,Tosan Evbuomwan,BRK,23.75,28,-3.2,0.3170731707317073,25,NYK,1.6,5,0.6463414634146342,6,0.06736842105263158,True
2025-26,/players/b/bostobr01.html,Brandon Boston Jr.,NOP,23.642857142857142,42,-2.5,0.25609756097560976,27,,0.0,0,,-1,0.0,False
2025-26,/players/j/johnske07.html,Keon Johnson,BRK,24.367088607594937,79,-3.3,0.3170731707317073,25,,0.0,0,,-1,0.0,False
2025-26,/players/m/martike04.html,KJ Martin,PHI,20.0,24,-3.6,0.2926829268292683,26,,0.0,0,,-1,0.0,False
2025-26,/players/m/micicva01.html,Vasilije Micić,CHO,21.22222222222222,36,-7.0,0.23170731707317074,28,,0.0,0,,-1,0.0,False
2025-26,/players/m/miltosh01.html,Shake Milton,BRK,18.22222222222222,27,-2.2,0.3170731707317073,25,,0.0,0,,-1,0.0,False
2025-26,/players/p/paytoel01.html,Elfrid Payton,NOP,21.555555555555557,18,-6.4,0.25609756097560976,27,,0.0,0,,-1,0.0,False
