basis,team,removed,why,fork,removed_mpg,removed_net,replacement_net,replacement_gap,minutes_redistributed,team_net_full,team_net_removed,team_net_drop,team_net_drop_playoff_rollup,new_to_rotation,absorbers
aged,MIN,Anthony Edwards,top three by minutes,consensus,34.76515664744178,2.3202816901408445,-0.01871726899820515,-2.3389989591390496,34.76515664744179,-1.506963579073855,-3.309149184370938,1.8021856052970833,1.8161178973142855,Isaiah Evans +13.0; Trey Lyles +9.0,Isaiah Evans +13.0; Trey Lyles +9.0; Jaden McDaniels +2.9
aged,MIN,Anthony Edwards,top three by minutes,rapm,34.76515664744178,1.7902816901408451,-0.14107349706303215,-1.9313551872038772,34.76515664744179,-0.5227414643129351,-1.9746396356697198,1.4518981713567847,1.4694866108998144,Isaiah Evans +13.0; Trey Lyles +9.0,Isaiah Evans +13.0; Trey Lyles +9.0; Jaden McDaniels +2.9
aged,MIN,Anthony Edwards,top three by minutes,box,34.76515664744178,1.2402816901408449,0.04745998620965233,-1.1928217039311926,34.76515664744179,0.2551048162289011,-0.680385179910362,0.9354899961392631,1.0440836047661748,Isaiah Evans +13.0; Trey Lyles +9.0,Isaiah Evans +13.0; Trey Lyles +9.0; Jaden McDaniels +2.9
aged,MIN,Anthony Edwards,top three by minutes,darko,34.76515664744178,3.6602816901408453,-0.9909819708464954,-4.651263660987341,34.76515664744179,0.4871116140948555,-2.577680672798209,3.0647922868930646,3.2132621227830205,Isaiah Evans +13.0; Trey Lyles +9.0,Isaiah Evans +13.0; Trey Lyles +9.0; Jaden McDaniels +2.9
aged,MIN,Rudy Gobert,top three by minutes,consensus,34.317368421052635,3.7368527918781718,-0.8372486023807797,-4.5741013942589515,34.31736842105262,-1.506963579073855,-4.99630082836034,3.489337249286485,2.8838414848899716,Trey Lyles +9.0,Cody Williams +10.3; Trey Lyles +9.0; Ayo Dosunmu +4.8
aged,MIN,Rudy Gobert,top three by minutes,rapm,34.317368421052635,3.8668527918781717,-0.9930007581129856,-4.859853549991158,34.31736842105262,-0.5227414643129351,-4.230063746093837,3.7073222817809017,2.8901521540495607,Trey Lyles +9.0,Cody Williams +10.3; Trey Lyles +9.0; Ayo Dosunmu +4.8
aged,MIN,Rudy Gobert,top three by minutes,box,34.317368421052635,-0.36314720812182777,-0.31331498885388837,0.049832219267939404,34.31736842105262,0.2551048162289011,0.2931191503939623,-0.038014334165061225,-1.0541069691978893,Trey Lyles +9.0,Cody Williams +10.3; Trey Lyles +9.0; Ayo Dosunmu +4.8
aged,MIN,Rudy Gobert,top three by minutes,darko,34.317368421052635,0.8568527918781719,-1.2318387768440504,-2.088691568722222,34.31736842105262,0.4871116140948555,-0.8019794105641413,1.2890910246589968,0.8285780723654952,Trey Lyles +9.0,Cody Williams +10.3; Trey Lyles +9.0; Ayo Dosunmu +4.8
aged,MIN,LaMelo Ball,top three by minutes,consensus,30.6219040499578,3.4402816901408446,-0.5563613407280721,-3.996643030868917,30.621904049957806,-1.506963579073855,-4.227476127279791,2.7205125482059365,2.0639222887270066,Trey Lyles +9.0,Trey Lyles +9.0; Cody Williams +7.1; Ayo Dosunmu +4.8
aged,MIN,LaMelo Ball,top three by minutes,rapm,30.6219040499578,3.5202816901408447,-0.7287213558501707,-4.2490030459910155,30.621904049957806,-0.5227414643129351,-3.4150353256114867,2.8922938612985516,2.0573118019564918,Trey Lyles +9.0,Trey Lyles +9.0; Cody Williams +7.1; Ayo Dosunmu +4.8
aged,MIN,LaMelo Ball,top three by minutes,box,30.6219040499578,1.6402816901408448,-0.18369871653965428,-1.823980406680499,30.621904049957806,0.2551048162289011,-0.9864775682196876,1.2415823844485887,0.2864573275742604,Trey Lyles +9.0,Trey Lyles +9.0; Cody Williams +7.1; Ayo Dosunmu +4.8
aged,MIN,LaMelo Ball,top three by minutes,darko,30.6219040499578,2.6602816901408453,-1.084662484754865,-3.74494417489571,30.621904049957806,0.4871116140948555,-1.7941616878522564,2.281273301947112,1.9234931897196568,Trey Lyles +9.0,Trey Lyles +9.0; Cody Williams +7.1; Ayo Dosunmu +4.8
aged,OKC,Shai Gilgeous-Alexander,top three by minutes,consensus,34.54690040729657,9.053231939163497,2.3721316957616345,-6.681100243401863,34.546900407296555,5.655048910694223,-0.2893785413377943,5.944427452032017,5.97272865669073,Bennett Stirtz +15.4,Bennett Stirtz +15.4; Ajay Mitchell +3.0; Cason Wallace +3.0
aged,OKC,Shai Gilgeous-Alexander,top three by minutes,rapm,34.54690040729657,8.713231939163498,2.1205654943560015,-6.592666444807496,34.546900407296555,5.533787318559856,-0.2564357022310215,5.790223020790878,5.761791106333469,Bennett Stirtz +15.4,Bennett Stirtz +15.4; Ajay Mitchell +3.0; Cason Wallace +3.0
aged,OKC,Shai Gilgeous-Alexander,top three by minutes,box,34.54690040729657,4.603231939163498,0.9468295979595656,-3.6564023412039326,34.546900407296555,5.927817770770508,2.79510811219758,3.132709658572928,3.2582109704458784,Bennett Stirtz +15.4,Bennett Stirtz +15.4; Ajay Mitchell +3.0; Cason Wallace +3.0
aged,OKC,Shai Gilgeous-Alexander,top three by minutes,darko,34.54690040729657,5.553231939163497,1.122094228205022,-4.431137710958476,34.546900407296555,5.849546011298214,2.061760280995881,3.7877857303023332,4.0743377185773975,Bennett Stirtz +15.4,Bennett Stirtz +15.4; Ajay Mitchell +3.0; Cason Wallace +3.0
aged,OKC,Chet Holmgren,top three by minutes,consensus,30.89509184875905,5.710281690140845,2.7800281190678207,-2.9302535710730244,30.89509184875904,5.655048910694223,2.71586071083987,2.939188199854353,3.2991621875052637,Bennett Stirtz +15.0,Bennett Stirtz +15.0; Cason Wallace +2.2; Ajay Mitchell +2.2
aged,OKC,Chet Holmgren,top three by minutes,rapm,30.89509184875905,6.050281690140845,2.4737875565021636,-3.5764941336386813,30.89509184875904,5.533787318559856,2.252869822350267,3.280917496209589,3.635587540832662,Bennett Stirtz +15.0,Bennett Stirtz +15.0; Cason Wallace +2.2; Ajay Mitchell +2.2
aged,OKC,Chet Holmgren,top three by minutes,box,30.89509184875905,2.6102816901408445,1.1709948800837866,-1.439286810057058,30.89509184875904,5.927817770770508,4.548983773205599,1.378833997564909,1.653298355945426,Bennett Stirtz +15.0,Bennett Stirtz +15.0; Cason Wallace +2.2; Ajay Mitchell +2.2
aged,OKC,Chet Holmgren,top three by minutes,darko,30.89509184875905,4.660281690140845,1.3221942496928698,-3.3380874404479757,30.89509184875904,5.849546011298214,3.1162636393738348,2.7332823719243793,3.290059507092379,Bennett Stirtz +15.0,Bennett Stirtz +15.0; Cason Wallace +2.2; Ajay Mitchell +2.2
aged,OKC,Jalen Williams,top three by minutes,consensus,29.39078079254743,2.5775481540930976,2.9830021545234198,0.4054540004303222,29.390780792547417,5.655048910694223,4.9283510080034585,0.7266979026907645,0.9417490615997234,Bennett Stirtz +15.0,Bennett Stirtz +15.0; Cason Wallace +2.2; Ajay Mitchell +2.1
aged,OKC,Jalen Williams,top three by minutes,rapm,29.39078079254743,1.517548154093098,2.8204973161304907,1.3029491620373927,29.390780792547417,5.533787318559856,5.447471252592294,0.08631606596756214,0.23046070316515435,Bennett Stirtz +15.0,Bennett Stirtz +15.0; Cason Wallace +2.2; Ajay Mitchell +2.1
aged,OKC,Jalen Williams,top three by minutes,box,29.39078079254743,2.057548154093098,1.1357798758395958,-0.9217682782535022,29.390780792547417,5.927817770770508,4.94804644387815,0.979771326892358,1.228453162294679,Bennett Stirtz +15.0,Bennett Stirtz +15.0; Cason Wallace +2.2; Ajay Mitchell +2.1
aged,OKC,Jalen Williams,top three by minutes,darko,29.39078079254743,1.927548154093098,1.4545163652961581,-0.47303178879693997,29.390780792547417,5.849546011298214,5.0569961045759895,0.7925499067222246,1.2211983842011094,Bennett Stirtz +15.0,Bennett Stirtz +15.0; Cason Wallace +2.2; Ajay Mitchell +2.1
aged,OKC,Isaiah Hartenstein,sensitivity: top three by impact contribution,consensus,25.91521886766372,3.9909780439121763,2.638947487400852,-1.3520305565113242,25.91521886766371,5.655048910694223,4.010243777473166,1.6448051332210571,1.931434356801632,Bennett Stirtz +14.8,Bennett Stirtz +14.8; Cason Wallace +1.8; Ajay Mitchell +1.8
aged,OKC,Isaiah Hartenstein,sensitivity: top three by impact contribution,rapm,25.91521886766372,3.630978043912176,2.4436227636184964,-1.1873552802936795,25.91521886766371,5.533787318559856,4.047940519792607,1.4858467987672492,1.7324788936022577,Bennett Stirtz +14.8,Bennett Stirtz +14.8; Cason Wallace +1.8; Ajay Mitchell +1.8
aged,OKC,Isaiah Hartenstein,sensitivity: top three by impact contribution,box,25.91521886766372,0.740978043912176,1.0930758191501073,0.3520977752379313,25.91521886766371,5.927817770770508,5.7719736120332366,0.15584415873727142,0.35418631812582685,Bennett Stirtz +14.8,Bennett Stirtz +14.8; Cason Wallace +1.8; Ajay Mitchell +1.8
aged,OKC,Isaiah Hartenstein,sensitivity: top three by impact contribution,darko,25.91521886766372,2.460978043912176,1.191762898493692,-1.269215145418484,25.91521886766371,5.849546011298214,4.727323222697056,1.1222227886011584,1.5779694610447115,Bennett Stirtz +14.8,Bennett Stirtz +14.8; Cason Wallace +1.8; Ajay Mitchell +1.8
aged,SAS,Victor Wembanyama,top three by minutes,consensus,31.59423698403455,10.073241758241759,-0.06647805176291183,-10.13971981000467,31.59423698403451,6.405297006144238,-0.7159657072128489,7.121262713357087,7.431529500734382,Keldon Johnson +18.2,Keldon Johnson +18.2; De'Aaron Fox +2.0; Devin Vassell +1.9
aged,SAS,Victor Wembanyama,top three by minutes,rapm,31.59423698403455,9.963241758241757,-0.3954472798286201,-10.358689038070377,31.59423698403451,7.026947080051759,-0.24810069131633217,7.275047771368091,7.57737290644523,Keldon Johnson +18.2,Keldon Johnson +18.2; De'Aaron Fox +2.0; Devin Vassell +1.9
aged,SAS,Victor Wembanyama,top three by minutes,box,31.59423698403455,5.633241758241759,0.42788730329243074,-5.205354454949329,31.59423698403451,4.217590605663312,0.5617995893018062,3.6557910163615057,3.8372575238792423,Keldon Johnson +18.2,Keldon Johnson +18.2; De'Aaron Fox +2.0; Devin Vassell +1.9
aged,SAS,Victor Wembanyama,top three by minutes,darko,31.59423698403455,6.083241758241758,0.3746068925010805,-5.708634865740678,31.59423698403451,4.569505504351652,0.5602538311981116,4.009251673153541,4.172089991849087,Keldon Johnson +18.2,Keldon Johnson +18.2; De'Aaron Fox +2.0; Devin Vassell +1.9
aged,SAS,De'Aaron Fox,top three by minutes,consensus,31.02132206149363,2.8709780439121757,-0.03436515405695067,-2.905343197969126,31.021322061493617,6.405297006144238,4.401835852492656,2.003461153651582,2.1060138969631046,Keldon Johnson +18.3,Keldon Johnson +18.3; Devin Vassell +2.0; Julian Champagnie +1.9
aged,SAS,De'Aaron Fox,top three by minutes,rapm,31.02132206149363,3.290978043912176,-0.3976679030092433,-3.6886459469214192,31.021322061493617,7.026947080051759,4.483337475032577,2.5436096050191814,2.6540976788771062,Keldon Johnson +18.3,Keldon Johnson +18.3; Devin Vassell +2.0; Julian Champagnie +1.9
aged,SAS,De'Aaron Fox,top three by minutes,box,31.02132206149363,1.260978043912176,0.47312076440799344,-0.7878572795041826,31.021322061493617,4.217590605663312,3.6743014495967916,0.5432891560665203,0.5984859147827367,Keldon Johnson +18.3,Keldon Johnson +18.3; Devin Vassell +2.0; Julian Champagnie +1.9
aged,SAS,De'Aaron Fox,top three by minutes,darko,31.02132206149363,1.460978043912176,0.4307196656718022,-1.0302583782403738,31.021322061493617,4.569505504351652,3.8590618498906286,0.7104436544610238,0.7390836425232146,Keldon Johnson +18.3,Keldon Johnson +18.3; Devin Vassell +2.0; Julian Champagnie +1.9
aged,SAS,Tobias Harris,top three by minutes,consensus,28.99647813113324,2.0979365079365087,-0.1478491788982859,-2.2457856868347945,28.996478131133205,6.405297006144238,4.957736439108053,1.4475605670361853,1.5265843757380628,Keldon Johnson +18.2,Keldon Johnson +18.2; Devin Vassell +1.9; Julian Champagnie +1.7
aged,SAS,Tobias Harris,top three by minutes,rapm,28.99647813113324,2.6479365079365085,-0.5622943772499873,-3.210230885186496,28.996478131133205,7.026947080051759,4.957736439108051,2.069210640943708,2.159370733121113,Keldon Johnson +18.2,Keldon Johnson +18.2; Devin Vassell +1.9; Julian Champagnie +1.7
aged,SAS,Tobias Harris,top three by minutes,box,28.99647813113324,-0.6020634920634915,0.5462193202570385,1.14828281232053,28.996478131133205,4.217590605663312,4.957736439108052,-0.7401458334447399,-0.7378487770553044,Keldon Johnson +18.2,Keldon Johnson +18.2; Devin Vassell +1.9; Julian Champagnie +1.7
aged,SAS,Tobias Harris,top three by minutes,darko,28.99647813113324,-0.14206349206349156,0.46024876782872204,0.6023122598922136,28.996478131133205,4.569505504351652,4.957736439108053,-0.38823093475640036,-0.40464022678072215,Keldon Johnson +18.2,Keldon Johnson +18.2; Devin Vassell +1.9; Julian Champagnie +1.7
aged,SAS,Dylan Harper,sensitivity: top three by impact contribution,consensus,23.15359237535236,4.884102564102564,-0.9272362707909558,-5.81133883489352,23.153592375352318,6.405297006144238,3.4142877068892856,2.9910092992549524,3.0206497385058744,Keldon Johnson +18.0,Keldon Johnson +18.0; Julian Champagnie +1.4; Luke Kornet +1.3
aged,SAS,Dylan Harper,sensitivity: top three by impact contribution,rapm,23.15359237535236,5.674102564102563,-1.5159300801244666,-7.1900326442270295,23.153592375352318,7.026947080051759,3.3263446695189813,3.7006024105327775,3.7151861017766388,Keldon Johnson +18.0,Keldon Johnson +18.0; Julian Champagnie +1.4; Luke Kornet +1.3
aged,SAS,Dylan Harper,sensitivity: top three by impact contribution,box,23.15359237535236,1.734102564102564,0.3293360515715856,-1.4047665125309785,23.153592375352318,4.217590605663312,3.494578263475713,0.7230123421875989,0.7230153858113788,Keldon Johnson +18.0,Keldon Johnson +18.0; Julian Champagnie +1.4; Luke Kornet +1.3
aged,SAS,Dylan Harper,sensitivity: top three by impact contribution,darko,23.15359237535236,1.6141025641025641,0.09844499935597188,-1.5156575647465922,23.153592375352318,4.569505504351652,3.78941919387476,0.7800863104768925,0.7489530686430317,Keldon Johnson +18.0,Keldon Johnson +18.0; Julian Champagnie +1.4; Luke Kornet +1.3
