window,team,player,all_fga,all_efg,all_fgm,all_unast,clutch_fga,clutch_efg,clutch_fgm,clutch_unast,late_fga,late_efg,late_fgm,late_unast,pid,all_thin,all_share_of_fga,clutch_thin,clutch_share_of_fga,late_thin,late_share_of_fga
2025-26,LEAGUE,every player,233630,0.5441895304541369,109765,0.36453332118617043,7578,0.49861441013460017,3298,0.44815039417828983,0,,0,,,,,,,,
2025-26,MIN,LaMelo Ball,1244,0.5160771704180064,506,0.5494071146245059,35,0.4857142857142857,14,0.8571428571428572,0,,0,,1630163.0,False,1.0,True,0.028135048231511254,True,0.0
2025-26,MIN,Anthony Edwards,1411,0.5609496810772502,679,0.6038291605301915,90,0.6222222222222222,49,0.6326530612244898,0,,0,,1630162.0,False,1.0,False,0.06378454996456413,True,0.0
2025-26,MIN,Jonathan Kuminga,399,0.5162907268170426,186,0.4354838709677419,7,0.42857142857142855,3,0.33333333333333337,0,,0,,1630228.0,False,1.0,True,0.017543859649122806,True,0.0
2025-26,MIN,Ayo Dosunmu,861,0.5958188153310104,443,0.35891647855530473,25,0.54,11,0.36363636363636365,0,,0,,1630245.0,False,1.0,True,0.029036004645760744,True,0.0
2025-26,MIN,Nah'Shon Hyland,518,0.5588803088803089,227,0.4229074889867841,4,0.375,1,0.0,0,,0,,1630538.0,False,1.0,True,0.007722007722007722,True,0.0
2025-26,BOS,Paul George,655,0.5458015267175572,290,0.4482758620689655,20,0.45,7,0.5714285714285714,0,,0,,202331.0,False,1.0,True,0.030534351145038167,True,0.0
2025-26,BOS,Derrick White,1189,0.48359966358284273,463,0.40172786177105835,46,0.5108695652173914,18,0.38888888888888884,0,,0,,1628401.0,False,1.0,True,0.03868797308662742,True,0.0
2025-26,BOS,Payton Pritchard,1183,0.5574809805579036,545,0.546788990825688,27,0.5185185185185185,11,0.36363636363636365,0,,0,,1630202.0,False,1.0,True,0.02282333051563821,True,0.0
2025-26,OKC,Shai Gilgeous-Alexander,1606,0.5787671232876712,863,0.7914252607184241,113,0.5752212389380531,58,0.8275862068965517,0,,0,,1628983.0,False,1.0,False,0.07036114570361146,True,0.0
2025-26,OKC,Chet Holmgren,925,0.6145945945945946,517,0.2998065764023211,34,0.6176470588235294,19,0.3157894736842105,0,,0,,1631096.0,False,1.0,True,0.036756756756756756,True,0.0
2025-26,OKC,Ajay Mitchell,727,0.530949105914718,349,0.5873925501432664,22,0.5227272727272727,10,0.4,0,,0,,1642349.0,False,1.0,True,0.030261348005502064,True,0.0
2025-26,SAS,Victor Wembanyama,1443,0.560984060984061,729,0.31138545953360763,75,0.5266666666666666,35,0.37142857142857144,0,,0,,1641705.0,False,1.0,False,0.05197505197505198,True,0.0
2025-26,SAS,Stephon Castle,1112,0.5197841726618705,520,0.5076923076923077,33,0.45454545454545453,13,0.5384615384615384,0,,0,,1642264.0,False,1.0,True,0.029676258992805755,True,0.0
2025-26,SAS,De'Aaron Fox,1349,0.5296515937731653,634,0.610410094637224,79,0.4240506329113924,30,0.6,0,,0,,1628368.0,False,1.0,False,0.05856189770200148,True,0.0
2025-26,DET,Cade Cunningham,1483,0.5111260957518543,675,0.6548148148148147,92,0.5217391304347826,46,0.8260869565217391,0,,0,,1630595.0,False,1.0,False,0.06203641267700607,True,0.0
2025-26,DET,Daniss Jenkins,690,0.4644927536231884,276,0.5036231884057971,35,0.4142857142857143,13,0.6923076923076923,0,,0,,1642450.0,False,1.0,True,0.050724637681159424,True,0.0
2025-26,DET,John Collins,659,0.6198786039453718,364,0.2142857142857143,9,0.6666666666666666,5,0.19999999999999996,0,,0,,1628381.0,False,1.0,True,0.013657056145675266,True,0.0
2025-26,CHA,Coby White,623,0.5385232744783307,278,0.5,38,0.5263157894736842,17,0.6470588235294117,0,,0,,1629632.0,False,1.0,True,0.060995184590690206,True,0.0
2025-26,CHA,Brandon Miller,1044,0.5325670498084292,454,0.3700440528634361,24,0.25,5,0.4,0,,0,,1641706.0,False,1.0,True,0.022988505747126436,True,0.0
2025-26,CHA,Grayson Allen,680,0.524264705882353,275,0.3563636363636363,40,0.425,14,0.5,0,,0,,1628960.0,False,1.0,True,0.058823529411764705,True,0.0
2025-26,HOU,Kevin Durant,1388,0.5882564841498559,723,0.46196403872752423,87,0.603448275862069,46,0.5434782608695652,0,,0,,201142.0,False,1.0,False,0.06268011527377522,True,0.0
2025-26,HOU,Alperen Sengun,1222,0.5315057283142389,629,0.5516693163751987,91,0.46153846153846156,42,0.5,0,,0,,1630578.0,False,1.0,False,0.07446808510638298,True,0.0
2025-26,HOU,Reed Sheppard,1034,0.5372340425531915,434,0.4285714285714286,35,0.44285714285714284,12,0.41666666666666663,0,,0,,1642263.0,False,1.0,True,0.033849129593810444,True,0.0
2025-26,TOR,Kawhi Leonard,1258,0.5731319554848967,635,0.6047244094488189,36,0.4166666666666667,14,0.5714285714285714,0,,0,,202695.0,False,1.0,True,0.028616852146263912,True,0.0
2025-26,TOR,R.J. Barrett,948,0.5490506329113924,464,0.3448275862068966,26,0.46153846153846156,11,0.4545454545454546,0,,0,,1629628.0,False,1.0,True,0.027426160337552744,True,0.0
2025-26,TOR,Scottie Barnes,1239,0.5375302663438256,628,0.42038216560509556,38,0.5,19,0.5263157894736843,0,,0,,1630567.0,False,1.0,True,0.03066989507667474,True,0.0
2025-26,DEN,Nikola Jokic,1253,0.6045490822027135,698,0.39255014326647564,98,0.5,46,0.5,0,,0,,203999.0,False,1.0,False,0.0782122905027933,True,0.0
2025-26,DEN,Jamal Murray,1489,0.5580926796507724,703,0.5746799431009957,99,0.5606060606060606,48,0.7291666666666667,0,,0,,1627750.0,False,1.0,False,0.06648757555406314,True,0.0
2025-26,DEN,DeMar DeRozan,1005,0.5199004975124378,499,0.5350701402805611,48,0.5104166666666666,22,0.6818181818181819,0,,0,,201942.0,False,1.0,True,0.04776119402985075,True,0.0
2023-26 pooled,LEAGUE,every player,700076,0.5439887955022026,329012,0.36697141745589823,22990,0.5017616354936929,10045,0.45116973618715783,0,,0,,,,,,,,
2023-26 pooled,MIN,LaMelo Ball,2670,0.5076779026217229,1095,0.5881278538812785,100,0.46,40,0.725,0,,0,,1630163.0,False,1.0,False,0.03745318352059925,True,0.0
2023-26 pooled,MIN,Anthony Edwards,5203,0.5424754949067846,2409,0.5998339559983396,306,0.545751633986928,144,0.6666666666666667,0,,0,,1630162.0,False,1.0,False,0.0588122237170863,True,0.0
2023-26 pooled,MIN,Jonathan Kuminga,1922,0.5304370447450573,945,0.3841269841269841,52,0.4519230769230769,23,0.30434782608695654,0,,0,,1630228.0,False,1.0,True,0.027055150884495317,True,0.0
2023-26 pooled,MIN,Ayo Dosunmu,2029,0.5837851158206013,1024,0.34765625,58,0.5258620689655172,26,0.34615384615384615,0,,0,,1630245.0,False,1.0,False,0.02858551010349926,True,0.0
2023-26 pooled,MIN,Nah'Shon Hyland,894,0.5313199105145414,374,0.4919786096256684,9,0.4444444444444444,3,0.33333333333333337,0,,0,,1630538.0,False,1.0,True,0.010067114093959731,True,0.0
2023-26 pooled,BOS,Paul George,2556,0.5485133020344288,1156,0.4679930795847751,80,0.53125,34,0.6470588235294117,0,,0,,202331.0,False,1.0,False,0.03129890453834116,True,0.0
2023-26 pooled,BOS,Derrick White,3375,0.546962962962963,1451,0.36526533425223984,121,0.6487603305785123,58,0.31034482758620685,0,,0,,1628401.0,False,1.0,False,0.03585185185185185,True,0.0
2023-26 pooled,BOS,Payton Pritchard,2888,0.5818905817174516,1340,0.47835820895522385,45,0.5111111111111111,18,0.4444444444444444,0,,0,,1630202.0,False,1.0,True,0.015581717451523546,True,0.0
2023-26 pooled,OKC,Shai Gilgeous-Alexander,5477,0.5628081066277159,2863,0.7827453719874258,256,0.576171875,133,0.8045112781954887,0,,0,,1628983.0,False,1.0,False,0.046740916560160675,True,0.0
2023-26 pooled,OKC,Chet Holmgren,2604,0.587173579109063,1371,0.2720641867250182,85,0.6058823529411764,45,0.24444444444444446,0,,0,,1631096.0,False,1.0,False,0.032642089093702,True,0.0
2023-26 pooled,OKC,Ajay Mitchell,946,0.5359408033826638,456,0.5614035087719298,22,0.5227272727272727,10,0.4,0,,0,,1642349.0,False,1.0,True,0.023255813953488372,True,0.0
2023-26 pooled,SAS,Victor Wembanyama,3486,0.5460413080895009,1688,0.27665876777251186,186,0.4650537634408602,77,0.33766233766233766,0,,0,,1641705.0,False,1.0,False,0.05335628227194492,True,0.0
2023-26 pooled,SAS,Stephon Castle,2100,0.4992857142857143,943,0.4888653234358431,64,0.4453125,26,0.42307692307692313,0,,0,,1642264.0,False,1.0,False,0.030476190476190476,True,0.0
2023-26 pooled,SAS,De'Aaron Fox,4061,0.5268406796355577,1893,0.6333861595351294,257,0.4708171206225681,110,0.7545454545454545,0,,0,,1628368.0,False,1.0,False,0.06328490519576459,True,0.0
2023-26 pooled,DET,Cade Cunningham,4236,0.509324834749764,1938,0.6713106295149639,218,0.45642201834862384,93,0.8064516129032258,0,,0,,1630595.0,False,1.0,False,0.05146364494806421,True,0.0
2023-26 pooled,DET,Daniss Jenkins,700,0.46285714285714286,279,0.5089605734767024,35,0.4142857142857143,13,0.6923076923076923,0,,0,,1642450.0,False,1.0,True,0.05,True,0.0
2023-26 pooled,DET,John Collins,1936,0.5981404958677686,1041,0.2334293948126801,45,0.6,23,0.13043478260869568,0,,0,,1628381.0,False,1.0,True,0.02324380165289256,True,0.0
2023-26 pooled,CHA,Coby White,2953,0.5408059600406366,1327,0.49434815373021856,164,0.5396341463414634,78,0.5384615384615384,0,,0,,1629632.0,False,1.0,False,0.0555367422959702,True,0.0
2023-26 pooled,CHA,Brandon Miller,2618,0.5248281130634072,1128,0.3537234042553191,79,0.4936708860759494,32,0.40625,0,,0,,1641706.0,False,1.0,False,0.030175706646294882,True,0.0
2023-26 pooled,CHA,Grayson Allen,1856,0.5894396551724138,835,0.23952095808383234,71,0.45774647887323944,25,0.28,0,,0,,1628960.0,False,1.0,False,0.03825431034482758,True,0.0
2023-26 pooled,HOU,Kevin Durant,4015,0.5885429638854296,2103,0.44555397051830714,236,0.5190677966101694,107,0.5233644859813085,0,,0,,201142.0,False,1.0,False,0.058779576587795763,True,0.0
2023-26 pooled,HOU,Alperen Sengun,3478,0.5264519838987924,1782,0.47811447811447816,214,0.4719626168224299,101,0.4752475247524752,0,,0,,1630578.0,False,1.0,False,0.06152961472110408,True,0.0
2023-26 pooled,HOU,Reed Sheppard,1275,0.5203921568627451,518,0.4208494208494209,39,0.4358974358974359,13,0.3846153846153846,0,,0,,1642263.0,False,1.0,True,0.03058823529411765,True,0.0
2023-26 pooled,TOR,Kawhi Leonard,3190,0.5750783699059561,1632,0.5447303921568627,132,0.4431818181818182,55,0.5454545454545454,0,,0,,202695.0,False,1.0,False,0.041379310344827586,True,0.0
2023-26 pooled,TOR,R.J. Barrett,2810,0.5391459074733096,1360,0.3683823529411765,106,0.46226415094339623,45,0.5555555555555556,0,,0,,1629628.0,False,1.0,False,0.03772241992882562,True,0.0
2023-26 pooled,TOR,Scottie Barnes,3244,0.5164919852034525,1549,0.44996772111039385,128,0.48828125,60,0.5833333333333333,0,,0,,1630567.0,False,1.0,False,0.03945745992601726,True,0.0
2023-26 pooled,DEN,Nikola Jokic,4540,0.6080396475770925,2570,0.37937743190661477,288,0.5538194444444444,148,0.4797297297297297,0,,0,,203999.0,False,1.0,False,0.06343612334801763,True,0.0
2023-26 pooled,DEN,Jamal Murray,4095,0.5435897435897435,1919,0.5784262636789994,199,0.585427135678392,103,0.6893203883495146,0,,0,,1627750.0,False,1.0,False,0.0485958485958486,True,0.0
2023-26 pooled,DEN,DeMar DeRozan,3668,0.5114503816793893,1773,0.5893965031020869,272,0.4944852941176471,126,0.7142857142857143,0,,0,,201942.0,False,1.0,False,0.07415485278080698,True,0.0
