team,sd_title,share_within_cells,share_between_cells,share_view,share_basis,share_allocator
ATL,1.345165809681142,0.21261278640867393,0.7873872135913261,0.3494762231764195,0.031991198079992095,0.3451763600495083
BKN,0.009621593362054011,0.13496707022890875,0.8650329297710913,0.24298680188695687,0.07275935550988522,0.07177599438218013
BOS,5.179095165041571,0.08574333630767733,0.9142566636923226,0.2966678841022364,0.04444465715908943,0.4484010311969124
CHA,2.7677458464046394,0.16191924338300745,0.8380807566169926,0.3140997004325626,0.06685794762374364,0.31566206177728745
CHI,0.07033026352882163,0.13176267681867987,0.8682373231813201,0.392740943103362,0.15009063923444826,0.02069143896672735
CLE,1.422942148022778,0.021492501778732943,0.978507498221267,0.9016440806293616,0.0004552555874830813,0.036287557784999
DAL,0.14297059120959038,0.1417237126033449,0.8582762873966551,0.15958311051360508,0.44361406700939854,0.062168399026692224
DEN,2.2560897976964447,0.12400505185646105,0.875994948143539,0.3180982128091642,0.08894335743883046,0.4119492920692646
DET,3.7797396738649542,0.13249386116187287,0.8675061388381271,0.5729662417623143,0.00531031947878297,0.27299717695751485
GSW,0.053980447973068044,0.07599522497548976,0.9240047750245103,0.6189558100223481,0.1344882109867876,0.011099406593808545
HOU,0.9387056047778303,0.4075908413713533,0.5924091586286467,0.09849710422488538,0.0013230267373134956,0.41652367500437665
IND,0.000340272449502125,0.029887799921086866,0.9701122000789132,0.15816233959592796,0.001341191151261742,0.7004867942117476
LAC,0.015268031770494123,0.16325520819709785,0.8367447918029022,0.3858143154090267,0.2304767546834756,0.06305313058869398
LAL,1.5456120413247314,0.10873333118802025,0.8912666688119798,0.5946346393953367,0.00030564064851385734,0.25615147695674007
MEM,0.0006158263305102388,0.3816530385305612,0.6183469614694388,0.05099736394233147,0.0004589496068911582,0.5197236867137908
MIA,1.68247365963472,0.20050589771604777,0.7994941022839522,0.16671046501184128,0.1806723320058277,0.36004174876478584
MIL,0.0007260397775104002,0.29579852613746377,0.7042014738625362,0.11756828711422813,0.014840498090575256,0.4918975839444318
MIN,1.3865335345496623,0.08836853818351265,0.9116314618164874,0.3933818752331039,0.08369003010089893,0.40409116736140643
NOP,0.01731294787497078,0.004077090770800137,0.9959229092291999,0.38941249511651044,0.24768988597661282,0.05074877289026883
NYK,1.273671959224812,0.014153853404434489,0.9858461465955655,0.6317118200291788,0.13386986776614163,0.19520073234336582
OKC,7.924913280707852,0.18030489907682232,0.8196951009231777,0.15766710965268851,0.017607131456564035,0.633962763784858
ORL,0.36314916005644704,0.0032493517646451607,0.9967506482353549,0.6965456760311161,0.17030669205455085,0.03735243787032902
PHI,1.787120954371906,0.15180108892154098,0.848198911078459,0.380611932922798,0.019817730781729673,0.3375059444227326
PHX,0.6513636721995667,0.07207780130072428,0.9279221986992757,0.8151408006553507,0.0025342124926690554,0.07120561115331002
POR,0.8803072488604066,0.01775023645169619,0.9822497635483038,0.5174083670809513,0.006280589534823822,0.3593023938195795
SAC,0.0005149699938022314,0.8269694200015978,0.1730305799984022,0.0267486322054585,0.0030402306054403035,0.11829897635070925
SAS,5.185727878628258,0.07459924540587418,0.9254007545941259,0.05624081097634299,0.0539210731152294,0.6614161015883346
TOR,2.060402911925091,0.2552259260097447,0.7447740739902553,0.1826208259969122,0.0107305419482837,0.4757745947980164
UTA,0.0004949559659988158,0.2419381320592405,0.7580618679407595,0.0573369282339766,0.0026146383637687554,0.626892006067788
WAS,0.00034537261358667885,0.6739695392981044,0.32603046070189545,0.022790035983756497,0.0005929559991199897,0.29431447690533924
