team,basis,view,allocator,point_net,title_point,title_mean,title_p10,title_p50,title_p90,wins_mean,seed_mean,top6_mean
ATL,unaged,consensus,team-rank,2.614208693253157,1.8020000000000005,2.255584489974764,1.803194537207378,2.105128751375326,2.966481383688783,48.36769204663969,6.5140150000000006,0.43563749999999996
ATL,unaged,consensus,pooled,0.11825015191775345,0.5659678581353906,0.7012291634773278,0.39249010150154134,0.6538551795136468,1.0717111834803457,42.94072092584427,6.60282625,0.433795
ATL,unaged,rapm,team-rank,3.280692420213617,2.49099999999999,2.8088222581752906,2.3857951223138816,2.6149081542871,3.5059222960940435,49.36877961234238,6.0361,0.52841125
ATL,unaged,rapm,pooled,0.7267397015800963,0.886482568452022,1.0467646054761173,0.6837115244705914,0.9846717323583809,1.4920836486869298,44.146109595899205,6.12534375,0.53010625
ATL,unaged,box,team-rank,1.3880027416839869,1.0609999999999997,1.3612706451969234,1.0566812722625303,1.2791746722333586,1.8257497593513343,45.37833510868707,7.502815000000001,0.2741799999999999
ATL,unaged,box,pooled,0.48714876281559905,0.7322657046763367,0.8426493090032321,0.5699910342058094,0.7973783392162573,1.1798549907492224,43.0320202332947,7.55046375,0.27017625000000006
ATL,unaged,darko,team-rank,2.6137849008619534,2.9040000000000004,4.136869751266308,2.905470878649328,4.08202773515209,5.678958844185807,49.069311120627724,5.11357625,0.7449275
ATL,unaged,darko,pooled,1.0682578007218981,1.6736085080011958,1.9726162979266333,1.3498459365800615,1.8721460773133978,2.7429711303057767,44.935672236816096,5.498586250000001,0.69214375
ATL,aged,consensus,team-rank,0.6141878208861999,2.24699999999999,2.8259407123740976,2.2339195434483785,2.621434782405016,3.7086840233857283,43.871392127939195,6.050186249999999,0.5584637499999999
ATL,aged,consensus,pooled,-1.6967517039222184,0.7445405515213124,0.9827087800975244,0.535772980093947,0.9090214345101757,1.5208931646776456,38.87511520204404,6.1865137500000005,0.5250425
ATL,aged,rapm,team-rank,1.2806715478466595,3.04499999999999,3.389352389585292,2.9070203707595708,3.1448855607738793,4.235688247373462,44.87247969364188,5.5936425,0.651895
ATL,aged,rapm,pooled,-1.0882621542598738,1.1972975899201317,1.3856296954163418,0.899741505889401,1.3072898687794976,1.9764951213338648,40.080503872098966,5.690510000000001,0.6123675
ATL,aged,box,team-rank,-0.6120181306829704,1.361,1.7091121726415879,1.3448341255081153,1.6013791710575906,2.2413086055457008,40.88203518998658,7.0820775,0.38933375000000003
ATL,aged,box,pooled,-1.327853093024373,1.0470289448804013,1.197213613417436,0.8493170688702311,1.1349949742472567,1.6202142460398323,38.96641450949447,7.1807437499999995,0.36486499999999994
ATL,aged,darko,team-rank,0.6137640284949959,3.528,4.886097416451321,3.5306817267049384,4.814224700047768,6.5378485844287315,44.57301120192723,4.5684925000000005,0.8012125
ATL,aged,darko,pooled,-0.7467440551180753,2.2104566760606144,2.599311406391026,1.7975457195428328,2.4688493814226216,3.584664503438841,40.87006651301587,5.094471250000001,0.72849
BKN,unaged,consensus,team-rank,-2.553658606653978,0.001,0.0012038400225273696,0.0007431273774975485,0.0011079205107340114,0.0017729794943380686,35.068044833338284,11.68845375,0.00104875
BKN,unaged,consensus,pooled,-7.041232721923617,5.436490543330446e-05,9.864083176341071e-05,2.10412056764915e-05,7.11461297879992e-05,0.00020845853838428248,25.20225333928682,12.22515375,1.375e-05
BKN,unaged,rapm,team-rank,-1.1310528347943185,0.0030000000000000074,0.0035509553076054994,0.002171261658557359,0.0033218561727081063,0.0051911329340574635,38.35146837564274,10.94182,0.008713750000000001
BKN,unaged,rapm,pooled,-5.923617712413669,0.00021164008624204825,0.00034024449437577953,9.812220181655328e-05,0.00027131862505896714,0.000675397402250669,27.94569895130174,11.81769625,0.00023125
BKN,unaged,box,team-rank,-6.187471120515622,0.001,0.0012176208037183312,0.0008021500720871613,0.001106935029676787,0.001789258114401438,27.174906409327807,13.488393749999998,0.0
BKN,unaged,box,pooled,-8.61870436595266,0.0003009054073560027,0.00037632163550132137,0.00017389033288315263,0.00033632263097995785,0.0006255971472493484,21.603850454184315,14.06609,0.0
BKN,unaged,darko,team-rank,-6.058863247770196,0.001,0.001285250746692049,0.0008524559568339528,0.001125664521411755,0.001895510806885722,28.472747091392005,13.095477500000001,5.625e-05
BKN,unaged,darko,pooled,-8.098013178726918,0.0004670248806805991,0.0005628681305598175,0.00034603180429444003,0.0005182440448759166,0.0008343713373909583,23.750510056476188,13.2068875,1.25e-06
BKN,aged,consensus,team-rank,-3.8262500042311025,0.002,0.0023948717230780512,0.001490023298036873,0.0021806930936154718,0.00357591190101316,32.31830173947252,11.458495,0.006891250000000001
BKN,aged,consensus,pooled,-7.598678997442468,0.0002054907836017379,0.00032945476086817686,0.00013160086902470552,0.0002564299809173455,0.0006247931483376155,23.932531125219597,11.94111,0.00039
BKN,aged,rapm,team-rank,-2.403644232371442,0.031999999999990016,0.03790284361111006,0.02376716425427698,0.035228949119754605,0.055161671784180445,35.60172528177698,10.51305625,0.0351275
BKN,aged,rapm,pooled,-6.481063987932519,0.004069633963795946,0.005761672869312984,0.0021454352490308695,0.0049064298629560065,0.010392238140188545,26.67597673723452,11.578925000000002,0.00218625
BKN,aged,box,team-rank,-7.460062518092746,0.001,0.0011915630596898953,0.0008084426338668613,0.0010770528987979347,0.0017459674248629336,24.425163315462036,13.292611249999998,3.5000000000000004e-05
BKN,aged,box,pooled,-9.17615064147151,0.0005039116760600465,0.0005690256074674425,0.00034461965343982737,0.000525913796412732,0.0008460980604346551,20.334128240117092,13.621578750000001,0.0
BKN,aged,darko,team-rank,-7.33145464534732,0.0010000000000000018,0.0012731820446141818,0.0008647685385802036,0.0011173431407227902,0.001812640719143897,25.723003997526238,12.922651250000001,0.0007862500000000001
BKN,aged,darko,pooled,-8.655459454245769,0.0006269703817606719,0.0007382967344596414,0.0004864984513676635,0.000684890954861584,0.001054685269587152,22.480787842408965,12.703775,8.75e-05
BOS,unaged,consensus,team-rank,9.805945200233682,22.603999999999978,22.922642911072426,21.342131091181255,22.613124096242124,24.259641538982372,62.59365656788641,1.10814375,0.9989625
BOS,unaged,consensus,pooled,7.727203798909175,10.359528753536226,10.474830945037695,8.260375018262005,10.321779091426142,12.753941799091102,58.07894139461833,1.0787525,0.99977125
BOS,unaged,rapm,team-rank,10.00864165039508,22.853000000000065,23.341503649671253,21.48008823276543,23.094410215372783,25.101583209727707,63.52968010391333,1.0722949999999998,0.99910375
BOS,unaged,rapm,pooled,7.811515063752571,10.936520958760294,11.185568276609487,9.105116625577327,11.0036966555069,13.408813712308696,58.648942497518696,1.0635887499999999,0.99976
BOS,unaged,box,team-rank,6.724707370767411,13.024,13.347372635272432,12.558766024369795,12.949271542059492,13.411861054559672,55.6573768345587,1.7954562500000002,0.98603
BOS,unaged,box,pooled,5.592078593667781,8.493335265650686,8.542968465244302,6.976624825767793,8.40161525598678,10.280309213242063,52.98681676382164,1.9181662500000003,0.98235875
BOS,unaged,darko,team-rank,6.892804774717586,14.016000000000012,13.99187870809075,12.92742080757468,13.785685223995795,15.020332539941998,55.20702296875059,2.037135,0.98065
BOS,unaged,darko,pooled,5.270902027812261,8.268494773422402,8.25214265728874,6.846490944477432,8.098359655593697,9.784000418927189,51.888359369938414,2.00256875,0.98386875
BOS,aged,consensus,team-rank,6.436137433499051,17.82400000000001,18.274115574147984,16.114949587570834,18.119815778440348,20.49864316712301,55.5350553967945,1.2343600000000001,0.9976175
BOS,aged,consensus,pooled,4.921057096568059,10.137326627560117,10.385257848235048,8.007845508291453,10.291142774024717,12.873216863735852,52.18495382398055,1.1124825,0.9994275
BOS,aged,rapm,team-rank,6.638833883660444,17.988000000000024,18.436324940015563,17.427783523891353,18.20486739552389,19.336945066925804,56.47107893282141,1.16742875,0.9975037500000001
BOS,aged,rapm,pooled,5.0053683614114615,10.629881875177661,10.83088852954808,9.111997009613848,10.738485979220192,12.557234645770633,52.754954926880906,1.09064625,0.9992212500000001
BOS,aged,box,team-rank,3.3548996040327794,9.731000000000002,10.01576043640267,9.163075997164782,9.783313559894395,10.598803733669422,48.598775663466775,2.3479375,0.96965125
BOS,aged,box,pooled,2.7859318913266695,8.024656750437467,8.101815129356305,6.832821434296565,7.984961790171566,9.517797393607857,47.09282919318385,2.2143500000000005,0.97042375
BOS,aged,darko,team-rank,3.5229970079829553,10.705000000000005,10.739013150132006,9.788443114690903,10.605705211154378,11.727716554712286,48.149808559741345,2.53004,0.9529124999999999
BOS,aged,darko,pooled,2.509872290710894,7.770583766862847,7.806104765435357,6.558950242712622,7.694647028999206,9.137554574130464,46.04852178014518,2.23333875,0.96843875
CHA,unaged,consensus,team-rank,4.467093177208266,4.603,5.060944673161808,4.466977124043746,4.684835960243284,6.64939344046403,51.72153338759564,4.4786525,0.8164225
CHA,unaged,consensus,pooled,0.9994158881155584,0.7282350121454895,0.916398294331922,0.4150117126380945,0.8310408453533744,1.5179483894633092,44.97737889202705,5.407889999999999,0.6700325
CHA,unaged,rapm,team-rank,4.595573879739214,4.573000000000005,5.083230827879086,4.388807931777818,4.653599842033427,7.043826707474361,51.88963981991935,4.489071250000001,0.8002025
CHA,unaged,rapm,pooled,0.9813929858881321,0.8827805370026545,1.0758236486939436,0.5796163150994927,1.0037356529614394,1.6338455719473697,44.86545002980458,5.672046249999999,0.615565
CHA,unaged,box,team-rank,3.774020768543028,4.652999999999997,5.102948552569311,4.592615751466472,4.694814346101007,6.540640003218432,50.1096714640815,4.619733749999999,0.81298625
CHA,unaged,box,pooled,2.5304965962089954,2.793502031781843,3.0729881486602677,2.0823731653560764,2.908320121021154,4.2210101302512015,47.65562859012423,4.753535,0.79380375
CHA,unaged,darko,team-rank,0.6403664541995324,0.5840000000000002,0.668037830110435,0.5671470320071239,0.5877339960960419,0.9760856936476745,42.99767709964157,8.451061249999999,0.15966249999999998
CHA,unaged,darko,pooled,-0.35057007037740195,0.41182622233766375,0.4414569143894887,0.32051296913576305,0.4224703864729689,0.578827901371724,40.71553245784468,7.86757,0.2539025
CHA,aged,consensus,team-rank,3.0274393953093046,6.405999999999993,7.388799068175896,6.08844673432137,6.749073379874886,10.664749656239033,48.99467659241369,3.2955837499999996,0.9338512500000001
CHA,aged,consensus,pooled,-0.2920166415039951,1.043070504494877,1.50099004074673,0.7013604959446536,1.3580356205606667,2.442412336259322,42.35642844281689,4.20488875,0.8445900000000001
CHA,aged,rapm,team-rank,3.1559200978402533,6.289,7.153315711385188,6.154760227576901,6.3995413574308975,10.610970002977671,49.16278302473741,3.2915874999999994,0.925825
CHA,aged,rapm,pooled,-0.3100395437314245,1.3539252765863434,1.591959527110811,0.8273838159457906,1.4902153546452501,2.4456780501698216,42.244499580594415,4.421474999999999,0.8075587499999999
CHA,aged,box,team-rank,2.334366986644069,6.679999999999999,7.605183186876784,6.529389283988445,6.92259887053488,10.396746929065948,47.38281466889956,3.0546862499999996,0.9464462499999999
CHA,aged,box,pooled,1.2390640665894428,4.508742310463884,5.056463769040267,3.654970685544973,4.8461955678292865,6.711249955296031,45.03467814091407,3.3657425,0.9212575000000001
CHA,aged,darko,team-rank,-0.7992873276994286,1.2959999999999983,1.5247968571940158,1.2534533862574084,1.322228716464973,2.3747370769242844,40.27082030445963,7.23109,0.3782
CHA,aged,darko,pooled,-1.6420025999969536,0.9730865699883543,1.0507748423112189,0.7684908636559235,1.0076218512011645,1.3717571596389948,38.09458200863452,6.831172500000001,0.44470499999999996
CHI,unaged,consensus,team-rank,-1.7551701671766424,0.003000000000000002,0.0038350033545925368,0.002372624452014485,0.003425286875219296,0.005802067886830343,36.87562092565527,11.1546225,0.0027024999999999996
CHI,unaged,consensus,pooled,-3.89535658540786,0.0011457844463562254,0.001305365704925129,0.0005710292070237033,0.0011652331567277687,0.002202578671201446,32.105849875615434,10.710233749999999,0.00359875
CHI,unaged,rapm,team-rank,-1.7300562832609603,0.002,0.002653244207010468,0.0015439827126089139,0.002236578389284986,0.0043068533187897,36.52268496607177,11.481457500000001,0.0040275
CHI,unaged,rapm,pooled,-3.7642335698605143,0.0008917828942130736,0.0009800002232436423,0.0004979537722935016,0.0008868318792891719,0.0015786343301434811,31.836476146476762,10.925228749999999,0.0029975
CHI,unaged,box,team-rank,-3.391374602533204,0.001,0.0012363338641076338,0.0008423278150995851,0.0011365986065331678,0.0017497151094659287,33.781870572370224,11.593055,0.00027
CHI,unaged,box,pooled,-4.871687687024416,0.0005233917135403338,0.000588490971278089,0.00029731342798437706,0.0005379317004155559,0.0009440107534399967,30.357139066253886,11.5058125,8.625e-05
CHI,unaged,darko,team-rank,-1.2529193131656986,0.02300000000000001,0.028385310000009746,0.01913752085548591,0.025839789519620474,0.04130477428795331,37.943990160207456,10.43343125,0.0199725
CHI,unaged,darko,pooled,-2.669436861377873,0.013757595927161014,0.015259961804925943,0.008824269453120993,0.013928773004653033,0.02333036402177011,34.63854614307631,10.402299999999999,0.0213225
CHI,aged,consensus,team-rank,-2.9461224289337307,0.034999999999989984,0.044540833559539056,0.026856876490457017,0.039797461510003615,0.0675727914154351,34.562470522763235,10.667598750000002,0.019908750000000003
CHI,aged,consensus,pooled,-4.914390204395148,0.014137926679581756,0.016304504045645807,0.0068215930975519265,0.014517601161809675,0.028173005289932964,29.99851479654952,10.392693750000001,0.019158750000000002
CHI,aged,rapm,team-rank,-2.921008545018048,0.016999999999999998,0.02290863816065231,0.013415238389250702,0.019249844706656635,0.037797480117879804,34.209534563179744,11.018752499999998,0.02489375
CHI,aged,rapm,pooled,-4.783267188847802,0.00836601953883292,0.009102555722803825,0.004579867747396215,0.008338816640603545,0.014682469148372712,29.729141067410847,10.700557499999999,0.0148275
CHI,aged,box,team-rank,-4.582326864290294,0.0009999999999999983,0.001229628444104131,0.0008296250775473996,0.0011392034660401907,0.0017287267259247557,31.468720169478193,11.329705,0.00475375
CHI,aged,box,pooled,-5.890721306011704,0.0006044113074837045,0.0006724728111522917,0.00038334509992724546,0.0006275427165421386,0.0010142280038240867,28.249803987187974,11.307877499999998,0.00122375
CHI,aged,darko,team-rank,-2.2807620077951833,0.20500000000000002,0.24836425903651038,0.17036427269112325,0.22950310181864203,0.35136573615749483,35.99935021256514,9.58903125,0.1007275
CHI,aged,darko,pooled,-3.5024231606366523,0.1337270524373934,0.1470731763241807,0.0879105049489692,0.1353338696532092,0.22102331049959137,32.93639101384815,9.680963749999998,0.08586750000000001
CLE,unaged,consensus,team-rank,1.1628367783075702,0.3930000000000001,0.41358420609229163,0.3735111969514189,0.4031744954793175,0.461018219202233,44.130557045717914,8.54134375,0.12437999999999999
CLE,unaged,consensus,pooled,-1.176695042407487,0.13463505763526762,0.14952688620662186,0.11265971033842821,0.1428365577585271,0.1941895214139541,39.85558861783658,8.131215000000001,0.1828325
CLE,unaged,rapm,team-rank,1.036709611123771,0.23399999999998983,0.249049017175082,0.2191400910245913,0.24201464538699113,0.2876376647022407,43.83788567062074,8.883477500000001,0.10060124999999999
CLE,unaged,rapm,pooled,-0.9115981736286192,0.10885341163304665,0.11936548249738713,0.09478004216703469,0.1150440063763396,0.14886163666769506,40.263774461586095,8.168811250000001,0.1880225
CLE,unaged,box,team-rank,3.5162365049425106,4.241999999999998,4.320273847502132,4.127266145388778,4.267033761294359,4.471999843363482,49.01738204324704,5.21786,0.7185975000000001
CLE,unaged,box,pooled,2.1706937333594762,2.422593374621001,2.538693256820783,2.076817392724293,2.451732871245942,3.1019543073530453,46.5832441182061,5.36372375,0.68659625
CLE,unaged,darko,team-rank,1.1308385708673854,1.0149999999999992,1.1200742554358047,0.9669074945899253,1.0559666972519315,1.4037415338839052,44.58623481568096,7.568077499999999,0.31127875
CLE,unaged,darko,pooled,-0.6125637133337034,0.5378431372061212,0.5897815182928778,0.47603172377528097,0.5674146031312606,0.7302036164382374,41.18807408412199,7.64484,0.30927125
CLE,aged,consensus,team-rank,-1.3714347236859767,0.31899999999998935,0.34449182113158644,0.2882480976972829,0.33648995875256194,0.40881160980485076,38.54848200980031,8.91666625,0.11856749999999999
CLE,aged,consensus,pooled,-3.2742774895094007,0.13414037787523558,0.1548795412468824,0.1111433522966051,0.14852320373927724,0.20499560182147808,35.00871811186173,8.34677625,0.190265
CLE,aged,rapm,team-rank,-1.4975618908697736,0.18599999999998992,0.1973403610994475,0.17921149729372474,0.18995408354398066,0.22823948940683014,38.25581063470316,9.34842125,0.0958725
CLE,aged,rapm,pooled,-3.0091806207305325,0.10618658003031456,0.1122224927591109,0.09294137029308903,0.10860698460755272,0.1356459069969207,35.41690395561124,8.406806249999999,0.19254624999999997
CLE,aged,box,team-rank,0.9819650029489679,3.931999999999998,4.048659969540519,3.739077739273556,3.9964932438654177,4.359612632703934,43.435307007329435,5.30579125,0.7046775
CLE,aged,box,pooled,0.07311128625756158,2.8287771191341817,2.9686953364044886,2.4766928078089485,2.8951665067081773,3.543651957055945,41.73637361223124,5.329725000000001,0.69375375
CLE,aged,darko,team-rank,-1.4034329311261589,0.6599999999999997,0.7324710492668955,0.6258263951964136,0.6897402164457578,0.9350036093143992,39.004159779763356,8.003775,0.28479625000000003
CLE,aged,darko,pooled,-2.710146160435614,0.4175882941040248,0.4558132250966836,0.37170589809001725,0.44056715127625967,0.5585600392352493,36.341203578147145,7.9983975,0.2775225
DAL,unaged,consensus,team-rank,-2.794379683570148,0.014999999999999987,0.016750289783033452,0.011515341894465222,0.015716540492059394,0.02304766339057132,31.81379820124656,10.73875875,0.0028650000000000004
DAL,unaged,consensus,pooled,-5.307990789686387,0.004599753493741858,0.004753514918500235,0.0015887966524280165,0.00436739101031278,0.008393381967013645,26.834911461249316,10.71057375,0.003976250000000001
DAL,unaged,rapm,team-rank,-2.658834717893298,0.020999999999989992,0.022442680547796516,0.015929262411228943,0.021090078029972772,0.030479736476493276,31.35791295762065,10.9268175,0.00314
DAL,unaged,rapm,pooled,-5.209941161505999,0.007364151284110091,0.007194362051259296,0.0030084286273762708,0.00679655953284487,0.012005185089623924,26.41014967272017,10.87331375,0.00268
DAL,unaged,box,team-rank,-3.556232414031472,0.001,0.0011563615169770192,0.0008182441131901563,0.0010857019845989689,0.0015750941757529688,32.34607540810181,11.4172825,0.00015000000000000001
DAL,unaged,box,pooled,-5.083058066650109,0.0005118957984839936,0.0005432483136083114,0.00024103981499710232,0.0005082049371577618,0.0008804224247461616,29.14068814115662,11.516782500000001,0.00017375000000000002
DAL,unaged,darko,team-rank,-3.1474687059049,0.028999999999999995,0.03440357190058377,0.023950535960034228,0.03114305149558298,0.049362936435260234,33.36268432570253,10.99257375,0.00382875
DAL,unaged,darko,pooled,-3.344775642689795,0.02719481513082023,0.02815929730740042,0.01689863896219346,0.026512113076623593,0.04137854075481161,32.036566590219635,10.3364775,0.01634375
DAL,aged,consensus,team-rank,-3.033885965827777,0.26100000000000023,0.27303187218565034,0.1854950171087441,0.2548768009349509,0.38198296858394437,31.072872587607925,9.49707875,0.0341325
DAL,aged,consensus,pooled,-5.552942996611231,0.0745723754656414,0.0763308819633032,0.02513168689604032,0.06754534633294554,0.13986111476331264,26.20909898961859,9.547456250000002,0.03041375
DAL,aged,rapm,team-rank,-2.898341000150928,0.3130000000000003,0.34105116179664674,0.24622533841850475,0.3232327782114508,0.45510514348597203,30.61698734398201,9.62422625,0.0312675
DAL,aged,rapm,pooled,-5.454893368430843,0.10933651200133723,0.11043725398610442,0.04544406344665274,0.10427302268379188,0.1831148369508093,25.78433720108944,9.683896249999998,0.0218125
DAL,aged,box,team-rank,-3.795738696289103,0.07899999999999999,0.08693567880238143,0.06251801379649018,0.08203704106402646,0.11764350592210403,31.605149794463177,10.188497499999999,0.0048875
DAL,aged,box,pooled,-5.328010273574954,0.04321405203140782,0.0447230979175222,0.022622937310540624,0.042241242882760904,0.0696166291824307,28.51487566952589,10.54801125,0.003615
DAL,aged,darko,team-rank,-3.4723088755872284,0.33499999999999996,0.3866105058544448,0.2723208716671956,0.35366536261832315,0.5447055116754861,32.503278192932484,9.38545875,0.049048749999999995
DAL,aged,darko,pooled,-3.675061737039339,0.31355988398193635,0.319877212717173,0.19672439229200273,0.3044483694757011,0.4615253151472752,31.294102887439788,8.885943750000001,0.0980375
DEN,unaged,consensus,team-rank,4.903564323584947,5.9479999999999995,6.793794689262698,5.613086961782071,6.511152666243114,8.419280550034442,52.35695108578189,3.4662675,0.931865
DEN,unaged,consensus,pooled,2.22495929542266,1.7090135121937577,2.0100365459943546,1.3727422535103282,1.9108044510386009,2.794990468886502,47.32949138874224,3.3503937500000003,0.9431325
DEN,unaged,rapm,team-rank,4.293432635271923,4.557000000000008,5.283924547110848,4.2124214782829315,5.090558475205972,6.648160709950408,50.98493673153894,3.9989075,0.8968375
DEN,unaged,rapm,pooled,1.455272117232342,1.428956425559222,1.6725582995170643,1.1542454638444377,1.6151852019764088,2.2736005659405394,45.65562324673953,4.02660875,0.8882862499999998
DEN,unaged,box,team-rank,5.559454053838648,8.633999999999988,9.099829924091551,8.178829942954671,8.863854637542145,10.46202648814349,53.91038914292553,2.93835375,0.9608512499999999
DEN,unaged,box,pooled,4.194560453835022,4.983853549600075,5.38925398902403,4.4226957796706285,5.183755997219572,6.683755076886792,51.44783017609109,2.7925425,0.9725775000000001
DEN,unaged,darko,team-rank,3.852632429959447,5.304999999999998,6.296681672029746,5.001882956416164,6.034743569367594,7.9796698092162215,50.371322186119855,3.9119187500000003,0.8950337500000001
DEN,unaged,darko,pooled,2.37722587322585,3.167651596348801,3.5281815027858086,2.803270963788827,3.4352304981965913,4.403793076030844,47.420091912054,3.58032,0.920145
DEN,aged,consensus,team-rank,1.540802448405354,4.089999999999998,4.721649752211567,3.574739248745647,4.593787875115215,6.022301224591463,44.750851946346,4.2875875,0.8640599999999999
DEN,aged,consensus,pooled,-0.6864060082022054,1.4412430240998082,1.7667360091974433,1.112057060305542,1.6921775997776964,2.5092809680500254,40.46862407662983,4.183538749999999,0.8802425
DEN,aged,rapm,team-rank,0.930670760092327,3.063,3.5181307760567004,2.921808092738197,3.3410233159487737,4.373138655068585,43.378837592103054,4.91626,0.80934625
DEN,aged,rapm,pooled,-1.4560931863925233,1.1935815579677254,1.3307592359877962,0.992725265211312,1.2797014069294401,1.7577285289161375,38.79475593462711,4.9690924999999995,0.7825125
DEN,aged,box,team-rank,2.196692178659057,6.033999999999998,6.4068714212362465,5.402202504049137,6.319041606702764,7.463526387135534,46.30429000348965,3.96135875,0.88824375
DEN,aged,box,pooled,1.283195150210156,4.359982710486118,4.711950159564187,3.8037903943222773,4.630392987880061,5.7711064518027975,44.58696286397867,3.74207625,0.9204300000000001
DEN,aged,darko,team-rank,0.48987055477985786,3.5229999999999975,4.15490052832095,3.2830710352986183,3.996155256252976,5.239880972434398,42.755489922887634,4.918511250000001,0.80593875
DEN,aged,darko,pooled,-0.5867546295882327,2.448162700087656,2.6977900943233735,2.143075904959934,2.6261777963558623,3.3443447120010092,40.49420638505317,4.64619375,0.834005
DET,unaged,consensus,team-rank,4.588180535018907,4.637999999999995,5.116677939462059,4.4121294545335825,4.684329126431429,6.649915205373638,51.34818491235468,4.643755,0.78144875
DET,unaged,consensus,pooled,2.4297244122148913,1.8063307169297134,1.9432518946117991,1.2451285889904442,1.8732338732514866,2.7840492848466756,47.488800767352394,4.059699999999999,0.8701700000000001
DET,unaged,rapm,team-rank,4.776624739636675,4.828999999999991,5.434266563613655,4.5305419217521825,4.890800912842957,7.438024745361663,51.87871780376234,4.48475,0.78747625
DET,unaged,rapm,pooled,2.493427386017024,1.9842276768324028,2.1571599760788467,1.4801307317798864,2.0750812151211884,2.9941339205779287,47.795179070444604,4.06713625,0.8625849999999998
DET,unaged,box,team-rank,5.8881298329265155,10.042999999999981,10.600384699832041,9.77025640063368,10.063021638854568,12.557361153050456,54.102992333923076,2.4246325,0.9727
DET,unaged,box,pooled,4.932942667478763,6.959756680380499,7.214828439742294,5.321174286395601,6.971923356633716,9.545344639280595,52.28815701571747,2.2804325,0.9759037500000001
DET,unaged,darko,team-rank,6.220408027329034,11.525999999999998,12.088760275973184,11.02433627188865,11.695946991444297,13.874557936639656,55.02644224446463,2.19755375,0.9780275
DET,unaged,darko,pooled,4.4669650313023155,6.404345121668039,6.786636816504109,5.138808947517007,6.594130062137733,8.79260887293842,52.14639197800923,2.10256875,0.9848487500000002
DET,aged,consensus,team-rank,2.371975138120367,5.095999999999996,5.732216507018518,4.620415574876396,5.243578005688571,7.791519358111212,46.636509525050684,4.39291875,0.8334637500000001
DET,aged,consensus,pooled,0.21279828601335016,1.8841408931015375,2.1477358582485877,1.2472982645565964,2.047088369663312,3.195189107911717,42.60096719211483,4.02193875,0.86230375
DET,aged,rapm,team-rank,2.560419342738138,5.162999999999991,5.911960159002841,4.978500261976887,5.2180732603437745,8.238688446329553,47.16704241645834,4.247545,0.83607875
DET,aged,rapm,pooled,0.27650125981548523,2.145582722617195,2.2653519227447343,1.5044927408133997,2.2159962618544404,3.1827759512352203,42.90734549520703,4.0256375,0.85169375
DET,aged,box,team-rank,3.6719244360279766,10.706000000000003,11.404192464241358,10.090107364108052,10.816292598348245,13.842500004881753,49.39131694661906,2.0503487499999995,0.9776087500000001
DET,aged,box,pooled,2.716016541277225,7.71979230155799,7.967669793909333,5.946067287257094,7.804604419497291,10.341961130196289,47.4003234404799,2.1571825,0.97283
DET,aged,darko,team-rank,4.004202630430494,12.276000000000003,13.056052963970215,11.681451265115278,12.552075531247755,15.440223490228783,50.31476685716062,1.83044,0.9813824999999999
DET,aged,darko,pooled,2.2089169934717905,6.838869382882939,7.26377827372225,5.3934072730816105,7.108598495134222,9.446566622397917,47.19792691045846,1.98688125,0.9808787500000001
GSW,unaged,consensus,team-rank,-4.0227447902519575,0.0009999999999999983,0.00113434546678736,0.0009784954195936764,0.0010611949166338922,0.0014054509254910594,28.61917734727059,11.77702,0.00015875
GSW,unaged,consensus,pooled,-5.653739202743947,0.000498937465609364,0.0004970083856451543,0.0003180503875223224,0.0004685891001866172,0.0007086101814321579,24.781384890071983,11.28277125,0.00136125
GSW,unaged,rapm,team-rank,-4.251727278518086,0.001,0.0010695618358626759,0.0008817466126502282,0.000990739754555673,0.0013687272264071182,27.197113458934258,12.261539999999998,0.00013375
GSW,unaged,rapm,pooled,-6.162230566458644,0.0004728506463016119,0.0004586598673396641,0.00029820787727326465,0.0004301738331406485,0.0006538417932113935,23.04978946184442,11.839841250000001,0.0004
GSW,unaged,box,team-rank,-1.3966620534636804,0.08500000000000003,0.10528540110190258,0.08525149633100705,0.10475936322076627,0.12097492364210295,36.011992256852054,10.057005,0.004385000000000001
GSW,unaged,box,pooled,-1.6862602929342774,0.07608510539302021,0.07655136043566907,0.0544972888787516,0.0727944999973073,0.10310098929204259,34.25768912244409,9.67534,0.015601249999999999
GSW,unaged,darko,team-rank,-2.1314044067934814,0.15199999999999,0.1691390284108254,0.14091650266685027,0.1544245094501847,0.22102691635626964,35.225518121309264,10.013845000000002,0.010405000000000001
GSW,unaged,darko,pooled,-2.80507263183116,0.12068637097528284,0.12299596773632748,0.08789480389371097,0.11738507744205312,0.1667356924329881,33.338923562051015,9.69024625,0.031905
GSW,aged,consensus,team-rank,-7.274966561373397,0.0009999999999999983,0.0010675361530545833,0.0008482273992395722,0.000999393341451483,0.0013738902405947878,21.842140832830403,12.533928750000001,2.375e-05
GSW,aged,consensus,pooled,-8.45921527540544,0.0006126950136473438,0.0005797175758406381,0.0003604999233880231,0.0005439436236994901,0.0008456152083937589,18.88598633286249,11.89744125,0.00023875000000000003
GSW,aged,rapm,team-rank,-7.503949049639525,0.0009999999999999983,0.0010970920750409498,0.0009273966693095815,0.00100307652801079,0.0014117951607463771,20.420076944494074,13.00169,1.8750000000000002e-05
GSW,aged,rapm,pooled,-8.967706639120138,0.0005815140603509327,0.000581569791319073,0.0003973717157831887,0.0005535885699018538,0.0008076242585622607,17.15439090463493,12.397327500000001,8.874999999999999e-05
GSW,aged,box,team-rank,-4.648883824585117,0.017999999999989982,0.020765309236655136,0.017096115983130638,0.020166373355971504,0.024816356786989444,29.23495574241187,11.044375,0.0007199999999999999
GSW,aged,box,pooled,-4.491736365595771,0.01903215464765605,0.018284107716703076,0.01315837514779441,0.017452713525838548,0.024452598909472583,28.362290565234602,10.43619625,0.00325
GSW,aged,darko,team-rank,-4.815464976428958,0.05900000000000001,0.0647009691081396,0.053583939965364334,0.05962958247776447,0.08419302956299698,29.56935548091655,10.873353749999998,0.00807
GSW,aged,darko,pooled,-5.173194477757857,0.05233726236943444,0.05331819472855862,0.03883886530893815,0.05097685657324281,0.07147844504747833,28.327826419706586,10.37866375,0.020878750000000005
HOU,unaged,consensus,team-rank,4.298779267964907,4.9659999999999895,5.036553182649899,4.770990104472812,4.976564242931918,5.239438347807003,50.63520521397378,3.8901012500000003,0.95663
HOU,unaged,consensus,pooled,3.5253624145307483,3.6519877616779626,3.7631280219411902,3.1221353472635727,3.6990647303495696,4.461807670811416,49.236219635738905,2.5518899999999998,0.99313625
HOU,unaged,rapm,team-rank,4.744807647671618,5.394,5.352613116606464,4.978119279145908,5.265973510640663,5.718863503090941,50.59802244697248,3.9040375,0.9473262499999998
HOU,unaged,rapm,pooled,4.064454564937328,4.273823454356062,4.2732625754298565,3.596073504431024,4.213952798143758,4.9912505684739195,49.38477768298425,2.50393875,0.989985
HOU,unaged,box,team-rank,4.034885897405642,5.177999999999992,5.363614969857449,5.156509516909373,5.2914034229923885,5.47579474412553,51.163085665833854,4.06891625,0.92468125
HOU,unaged,box,pooled,3.439916809133508,4.129138727108705,4.337497024786966,3.595677113007761,4.257294254133797,5.136012072101225,50.0375797441669,3.32057375,0.9718287499999999
HOU,unaged,darko,team-rank,4.236814355632302,6.216000000000002,6.383070710828213,6.056752639234061,6.283707608869053,6.542319210657599,50.88242146194747,3.5590412500000004,0.970795
HOU,unaged,darko,pooled,2.955705940318423,4.01857127098948,4.255546826418454,3.557949920139443,4.176563908801086,4.981170816015806,49.018247408612396,2.8723112499999996,0.9890725
HOU,aged,consensus,team-rank,1.8756251731184057,4.657000000000001,4.974287163091446,4.467383340683482,4.895198671122859,5.489001051110133,46.29514458293993,3.6520799999999998,0.96041375
HOU,aged,consensus,pooled,1.3070996857274255,3.767361702821972,4.054353985475182,3.2931922990094185,4.012759897585468,4.874813471780763,45.08148989044309,2.5490299999999997,0.992325
HOU,aged,rapm,team-rank,2.3216535528251194,5.037999999999999,5.131501766846272,4.8736891168757674,5.044006710051271,5.308884457249686,46.25796181593864,3.7158287499999996,0.9615625
HOU,aged,rapm,pooled,1.8461918361340128,4.282201172130739,4.366453028418103,3.723829238362029,4.309840258791898,5.064255235648801,45.23004793768843,2.5493075000000003,0.9917675000000002
HOU,aged,box,team-rank,1.6117318025591407,4.954999999999997,5.557084799712403,4.990967504922899,5.442775547594957,6.110681629926601,46.82302503480001,3.8234575,0.9283887499999999
HOU,aged,box,pooled,1.2216540803301914,4.326647797873659,4.8781573580311814,4.0209965713561635,4.781032702322559,5.853338919776163,45.88284999887108,3.27466,0.9652112500000001
HOU,aged,darko,team-rank,1.780615625131515,5.734000000000001,6.086335346492882,5.662532047582523,5.966253264529376,6.355892860793223,46.43867439305231,3.441035,0.9797274999999999
HOU,aged,darko,pooled,0.6057977475378888,3.8781095609733565,4.263416129731233,3.5427661026042863,4.182502655318894,5.020026625176394,44.66413476638736,2.966175,0.9873774999999999
IND,unaged,consensus,team-rank,-5.90443638365692,0.001,0.0009568218066383339,0.0008757280023368887,0.0009494083337354798,0.0010477493521464842,23.53505683363909,14.001100000000001,0.0
IND,unaged,consensus,pooled,-9.273300571921986,0.00016541668237591252,0.00015623416343880326,0.00014598725297185888,0.0001512111797961132,0.00017372617745367932,17.038334155927153,13.955549999999999,0.0
IND,unaged,rapm,team-rank,-6.187042656978778,0.0010000000000000018,0.0009381057260579247,0.0008321971829598685,0.0009251788794149455,0.0010668836136520428,21.61924031508079,14.078533749999998,0.0
IND,unaged,rapm,pooled,-10.25942609235682,0.00013303669876528208,0.00012266076657813874,0.00011164525660819813,0.00011633364423147702,0.00014260346726212322,14.10675862536139,14.15725,0.0
IND,unaged,box,team-rank,-5.775849603103435,0.001,0.0009791357445104397,0.0009297694425544723,0.0009771394411916892,0.0010305507245815348,26.64370239838904,13.54642625,0.0
IND,unaged,box,pooled,-7.00735511123616,0.0005922363190460724,0.0005758159600380428,0.0005489586846506538,0.0005749188110990715,0.0006037667122929549,23.91363877913215,13.3047625,0.0
IND,unaged,darko,team-rank,-6.1888711976544375,0.001,0.0010050420929422846,0.0009221955554950097,0.0010079952984811903,0.0010826758681732364,26.84101527930907,13.50264125,0.0
IND,unaged,darko,pooled,-7.528036795792243,0.0006172785312594242,0.0006226696314583995,0.0005818110694069436,0.00062498372938761,0.0006581165655405461,24.251372567300713,12.9835375,0.0
IND,aged,consensus,team-rank,-9.135732643290474,0.001,0.0009146946038896536,0.0007686734222087477,0.0009067805654904313,0.0010830424919168748,16.645789841364582,14.48043,0.0
IND,aged,consensus,pooled,-12.20870193870723,0.00018850190767384024,0.00017243202109372725,0.00015811842597729825,0.00015811842597729825,0.00020416112206239566,10.530873921425734,14.641728750000002,0.0
IND,aged,rapm,team-rank,-9.418338916612331,0.0009999999999999983,0.0009623109275477463,0.0009029880651975655,0.0009568477534225475,0.0010357290158145543,14.729973322806284,14.4171825,0.0
IND,aged,rapm,pooled,-13.194827459142065,0.00016296143213585538,0.00015643615044315306,0.00015095276310533073,0.00015095276310533073,0.00016985709949340568,7.599298390859969,14.685270000000001,0.0
IND,aged,box,team-rank,-9.007145862736987,0.001,0.0009647213943312656,0.0008772292509862954,0.0009580447512849012,0.001059644584014964,19.754435406114528,14.449779999999999,0.0
IND,aged,box,pooled,-9.942756478021405,0.000703569387229603,0.0006660440577713586,0.0006104235625562024,0.0006622573240999744,0.0007273831068109281,17.406178544630734,14.422715,0.0
IND,aged,darko,team-rank,-9.505501344712691,0.0010000000000000018,0.0010136766489394513,0.0009267803743936885,0.001016653920010143,0.0010953808313360037,19.8609343682053,14.509390000000002,0.0
IND,aged,darko,pooled,-10.548772050002185,0.0006954116744235512,0.0007055549164732528,0.0006542710798403391,0.0007066268265196144,0.00075025636103447,17.659990074914923,14.12435125,0.0
LAC,unaged,consensus,team-rank,-3.2465803819161487,0.0050000000000000044,0.005674273142779183,0.003994408654768602,0.0053787421141339485,0.007821953638849693,33.97063705590688,10.19633625,0.0030625000000000006
LAC,unaged,consensus,pooled,-5.483628632243435,0.0018119009735421453,0.0020590204552764623,0.0011018790619658954,0.0018929859164501,0.0031632959330998942,29.450191010712203,9.99804625,0.0072875
LAC,unaged,rapm,team-rank,-2.9520737877237244,0.014999999999999987,0.017214885995171042,0.012724561888215608,0.016186268761015997,0.023370082479629472,34.875181367783235,9.910295,0.00740125
LAC,unaged,rapm,pooled,-5.322032860112903,0.005750075050041933,0.006579102225078405,0.003959620532091086,0.00610987888323076,0.009755497711278096,30.190395572245546,9.78296,0.00885875
LAC,unaged,box,team-rank,-1.8101746423796992,0.047000000000000014,0.053368177219630115,0.03680968357267681,0.05039412905801832,0.07496389538524728,36.926232266069526,9.886830000000002,0.0060012500000000005
LAC,unaged,box,pooled,-3.009415887750835,0.028263463139149257,0.03114828145286842,0.019098716380686904,0.028873117912162304,0.04559035388294972,34.35027171342503,9.893482499999998,0.00827
LAC,unaged,darko,team-rank,-3.1825575990302046,0.02399999999999,0.028392940348464398,0.019793645029437736,0.025694663913757874,0.0416308263496946,34.27957926746711,10.604372500000002,0.005366250000000001
LAC,unaged,darko,pooled,-4.952991042531365,0.012521286701305518,0.013724162287676698,0.008594788483578857,0.012719941853565755,0.02005621987568891,30.461465212375185,11.256322500000001,0.00440125
LAC,aged,consensus,team-rank,-6.107103318638907,0.002,0.0022224230977565354,0.001509200884423744,0.0021116643046816784,0.0031189677739861784,27.294073656075458,10.987385,0.000775
LAC,aged,consensus,pooled,-8.188998957426154,0.0007526645746816593,0.0008912943641124434,0.00045726315358301427,0.0008055467473008017,0.0014182115752475568,23.38467908425381,10.74888625,0.0017575000000000002
LAC,aged,rapm,team-rank,-5.812596724446483,0.0009999999999999983,0.0011246564761939926,0.000812410463498866,0.0010681391888567263,0.0015456939979992263,28.19861796795182,10.738105,0.0018874999999999999
LAC,aged,rapm,pooled,-8.02740318529562,0.00041651524688244944,0.0004699406065747493,0.0002792579700225533,0.0004392010437382783,0.0006922681166148239,24.124883645787158,10.549083750000001,0.002565
LAC,aged,box,team-rank,-4.670697579102458,0.013999999999999988,0.015304351002991573,0.01035613543573948,0.014470874476219319,0.02138854011813669,30.249668866238114,10.77734375,0.00169125
LAC,aged,box,pooled,-5.714786212933553,0.009421301178611584,0.010263982817541092,0.00667306610061376,0.009561535687603935,0.01456597129081612,28.284759786966635,10.70381875,0.00195125
LAC,aged,darko,team-rank,-6.0430805357529636,0.005999999999999998,0.0068910182233307355,0.004720904649195799,0.006324927733695601,0.00999382524661344,27.603015867635694,11.9618675,0.00249875
LAC,aged,darko,pooled,-7.6565078616703595,0.0033721309438445968,0.003715162618349307,0.002361365686908152,0.0034417088276603447,0.005401226821578175,24.398782670036343,12.425063750000001,0.00147125
LAL,unaged,consensus,team-rank,1.7241815854186073,1.7890000000000006,1.9983252102194884,1.6511064407946918,1.7937666015945999,2.708112851376651,44.045079186728,6.350771250000001,0.54409875
LAL,unaged,consensus,pooled,-1.2018233111423506,0.42187604352398866,0.4577754250372576,0.27456607653375464,0.42491048305295215,0.6955263819064843,38.31153205498322,6.592345000000001,0.4837925
LAL,unaged,rapm,team-rank,0.986101403393675,1.2679999999999998,1.457014352337334,1.15138576174463,1.287922906765686,2.059812274798118,42.8686378610304,6.95564875,0.35314375000000003
LAL,unaged,rapm,pooled,-1.8971817089160838,0.37914589436719187,0.4064429626818304,0.268763109913539,0.38542902907066245,0.5764333590399296,37.147863162604246,7.268131250000001,0.27145125000000003
LAL,unaged,box,team-rank,3.8521194083470753,4.9529999999999985,5.340897958544414,4.707502837350485,5.001346254084034,6.586565825736106,49.44774165918488,4.753759999999999,0.83715
LAL,unaged,box,pooled,2.1105828911150315,2.335653407594455,2.460634340185303,1.7719423394065188,2.3552539242082737,3.299943039550713,46.033861375576016,5.021033750000001,0.8235575
LAL,unaged,darko,team-rank,1.710777463304994,2.4369999999999994,2.814665634384912,2.293157816104457,2.5533380960218546,3.780241870991814,45.6944962120538,5.7680975,0.64315625
LAL,unaged,darko,pooled,-0.3597754642947877,1.1388940589401835,1.258975508496901,0.9426630261894048,1.2093578564789127,1.6471834862349568,41.745904825460926,6.03903375,0.5876837500000001
LAL,aged,consensus,team-rank,-0.7137172457740104,1.5949999999999995,1.7756548603182603,1.357509238545903,1.615448370326084,2.4773180531791867,38.853403477643745,6.59402375,0.4648825
LAL,aged,consensus,pooled,-3.3103478121953027,0.43551293594928886,0.48536031518176936,0.28080065900677575,0.4489506168415289,0.7490466883239004,33.69425482973777,6.857575,0.4011825
LAL,aged,rapm,team-rank,-1.451797427798939,1.041999999999999,1.2086402854737919,0.9886498338834496,1.0526946494430134,1.714131149498497,37.676962151946135,7.19005125,0.30628875000000005
LAL,aged,rapm,pooled,-4.005706209969038,0.3662773842847513,0.3909992114357511,0.26934075522634865,0.3720245387694989,0.5520477532391613,32.53058593735881,7.51019125,0.22705250000000002
LAL,aged,box,team-rank,1.4142205771544607,4.645999999999998,5.0179037205681825,4.199023879085058,4.766211412193316,6.2510652050890965,44.25606595010062,4.849900000000001,0.7964825
LAL,aged,box,pooled,0.0020583900620760875,2.737317652142976,2.8974363559419745,2.1574187947256425,2.803025191892569,3.7778604237247597,41.416584150330586,5.1445225,0.7716537499999999
LAL,aged,darko,team-rank,-0.7271213678876209,2.2599999999999993,2.6235073784906917,2.1147411167514845,2.395612993608865,3.5126016566367166,40.50282050296954,5.842915,0.6333875
LAL,aged,darko,pooled,-2.462229410188824,1.2263354849142125,1.3628886540264842,1.0320096838800303,1.3099750980237035,1.766704265953624,37.138072744304495,6.2089275,0.5477687499999999
MEM,unaged,consensus,team-rank,-7.52143700053122,0.001,0.0013628321614017102,0.000887531078511785,0.0012379139421498095,0.0020643701324213246,20.71807104603158,13.84459125,7.499999999999999e-06
MEM,unaged,consensus,pooled,-11.454400567203775,9.860314149024048e-05,0.0001319251642798164,4.3601731947459136e-05,0.00010646594328881202,0.0002510084282498061,12.14570280159005,14.0769725,0.0
MEM,unaged,rapm,team-rank,-7.422102901293931,0.001,0.001266434516515726,0.0008566814796949115,0.0011170386181682563,0.0018389346767721734,21.165195994329824,13.851275,1.375e-05
MEM,unaged,rapm,pooled,-11.647646690249804,0.00011835470560834698,0.00014496757246382143,5.569935829634313e-05,0.00012287821212212302,0.000261830522760947,11.976641012127343,14.07586,0.0
MEM,unaged,box,team-rank,-6.989865392140498,0.001,0.001280746628208221,0.0009143573056356198,0.0011239632072677463,0.0018466344451838143,23.129712797392273,13.6786525,0.0
MEM,unaged,box,pooled,-8.510688844559855,0.0005133788521131479,0.0005751449452707752,0.00035353262581071086,0.0005247110420829792,0.0008504680351529707,20.107345953357093,13.778990000000002,0.0
MEM,unaged,darko,team-rank,-5.58211241109427,0.001,0.0013832985719602015,0.0008982526817843488,0.0012287595197137142,0.002040877969735834,26.229842255019584,13.92230125,0.0007337499999999999
MEM,unaged,darko,pooled,-6.679679243817635,0.0006773576351281006,0.0007312053444085277,0.0004932174974320871,0.0006778472336874883,0.0010260227836564955,23.316098094691892,13.900360000000001,9e-05
MEM,aged,consensus,team-rank,-8.697363876575412,0.0010000000000000018,0.0012565260688897077,0.0007779756336784555,0.0011192655326159695,0.0018674601931177664,18.37683470073287,13.459248749999999,5.3750000000000005e-05
MEM,aged,consensus,pooled,-12.552108114309732,9.54112490283365e-05,0.00013251284496566807,6.579981979842783e-05,0.00010214550665463619,0.00024165989241512598,9.959037730497018,14.016552500000001,0.0
MEM,aged,rapm,team-rank,-8.598029777338123,0.0009999999999999983,0.0012778377763498856,0.0009139066499090819,0.0011290246765731215,0.0018182040304954798,18.82395964903112,13.452556249999999,9.5e-05
MEM,aged,rapm,pooled,-12.745354237355762,0.00011890105063080964,0.0001572442036977715,6.014609689010635e-05,0.00013302326196091467,0.00028400499782260734,9.78997594103431,14.024265,0.0
MEM,aged,box,team-rank,-8.16579226818469,0.001,0.0011749429874447954,0.0008201120199444173,0.0010357421638413548,0.0016889289988123238,20.788476452093565,13.3990275,1e-05
MEM,aged,box,pooled,-9.608396391665812,0.0005697684371383935,0.0005975801715712021,0.00037787570575836886,0.0005502929719224609,0.0008603055190075686,17.92068088226406,13.634455,0.0
MEM,aged,darko,team-rank,-6.7580392871384625,0.0010000000000000018,0.0013200783255187829,0.0008829689493178076,0.0011767112321766143,0.0019091952919826198,23.888605909720876,13.442563750000001,0.0025912500000000002
MEM,aged,darko,pooled,-7.777386790923593,0.0007012669631517533,0.0007487458906507687,0.0005063552401874026,0.0006951561455848467,0.001052185239049684,21.12943302359886,13.58991375,0.000365
MIA,unaged,consensus,team-rank,4.931414424203152,5.3950000000000005,5.673726650413408,4.742644101860425,5.467134691194748,7.061988154757838,49.790645905967715,5.414005,0.6214925000000001
MIA,unaged,consensus,pooled,2.610266259824471,1.931670202014358,1.9962429796714822,1.3954916449587513,1.8947749784903662,2.732577145134923,44.83199109984388,5.30802875,0.644885
MIA,unaged,rapm,team-rank,4.852401495183411,4.97,5.323288048936497,4.219620818266881,5.084337891783395,6.945975001959517,50.12777252033616,5.4112462500000005,0.6204200000000001
MIA,unaged,rapm,pooled,2.5932223945787105,2.0657228263586833,2.126792366805122,1.525967440566299,2.0427525718255675,2.847444292434583,45.215659073049146,5.3194300000000005,0.64659375
MIA,unaged,box,team-rank,3.4524861027188756,4.039999999999997,4.0539788166423945,3.7128283020304655,3.9982579247373087,4.418387437784265,47.1121948889673,6.20363625,0.5352100000000001
MIA,unaged,box,pooled,2.504380782505705,2.752756682695643,2.7526272358978847,2.253111965639628,2.6772804100529632,3.3542462280584133,45.10965056161962,6.070413749999999,0.5641025000000001
MIA,unaged,darko,team-rank,4.190119864088415,5.824999999999999,6.3450739874252085,5.245387560303803,5.99316494690099,8.477896848758947,49.8900516905365,4.584935,0.7747437500000001
MIA,unaged,darko,pooled,3.2496409104039934,4.2488224518887225,4.361254818399756,3.51963121218128,4.247816582992128,5.370745773346987,47.675136229091834,3.9688125,0.847225
MIA,aged,consensus,team-rank,1.4592477624207147,3.4919999999999902,3.7794852622492807,2.686125722532564,3.5852959043969452,5.267872646856833,42.21836800296317,6.6161312500000005,0.51266875
MIA,aged,consensus,pooled,-0.7022685916222802,1.275491122809112,1.3568923948970084,0.8489796088569751,1.2681505168471507,1.9810837641900767,37.374551162557296,6.61276875,0.48544125
MIA,aged,rapm,team-rank,1.3802348334009784,3.144999999999999,3.514267979374965,2.857479148708014,3.1831801618736364,5.081189034941139,42.55549461733161,6.680935,0.49379125
MIA,aged,rapm,pooled,-0.7193124568680407,1.409606218888229,1.4549390583724349,1.0870513692764945,1.3899289091180664,1.935033164216773,37.758219135762566,6.6975425,0.4673175
MIA,aged,box,team-rank,-0.019680559063561143,2.1919999999999997,2.208557502861045,1.8187482202648007,2.1433915534745163,2.7309965738579898,39.539916985962755,7.5856775,0.31862999999999997
MIA,aged,box,pooled,-0.808154068941044,1.6441927894373514,1.5903287675804803,1.254704140085631,1.547506999087103,1.9687492967768525,37.65221062433303,7.673617500000001,0.28822000000000003
MIA,aged,darko,team-rank,0.7179532023059783,3.6280000000000006,4.089788585444456,3.215556068812428,3.7538780204783766,5.975788991776863,42.46784224878722,5.7274725,0.6239025
MIA,aged,darko,pooled,0.24930440521375097,3.1086666684742825,3.196405557086504,2.564925601776024,3.112710987391842,3.943175374938761,41.042358867718576,4.9148175,0.7317587500000001
MIL,unaged,consensus,team-rank,-4.630375741528041,0.001,0.0011233825586507277,0.0005010529554025537,0.0011294999876221442,0.0016914470945519123,29.723291210251595,13.102962500000002,0.0
MIL,unaged,consensus,pooled,-9.510962413968908,3.3174169916672324e-05,6.003792453778756e-05,1.075166490408827e-05,3.648217481660228e-05,0.00014638522312912958,19.40958011824268,13.62538,0.0
MIL,unaged,rapm,team-rank,-4.402201390274587,0.001,0.0011179892111994987,0.0004562460324626244,0.0011414371228920534,0.0017009173201282212,30.71156790356899,13.0055775,1.25e-06
MIL,unaged,rapm,pooled,-9.632214887153213,4.441115071237135e-05,7.17126385248986e-05,1.3958534246659882e-05,4.929322507633351e-05,0.0001649849599482423,19.53960391672352,13.402178750000001,0.0
MIL,unaged,box,team-rank,-3.3460503279421228,0.001,0.001231783683406118,0.0008525535453453287,0.0011402989367193242,0.0017150454317012994,34.05029987697334,11.556267499999999,0.00029125
MIL,unaged,box,pooled,-5.619134222898017,0.0003357871127920568,0.00039507386638745854,0.00019464861390146757,0.0003574317745659556,0.0006613492815267674,28.764206591367117,11.966577500000001,0.0
MIL,unaged,darko,team-rank,-5.769442295898794,0.001,0.0011416081850877142,0.0005013293206701883,0.0011035641866266384,0.0017485929789782426,26.68643249301111,13.46133,1.25e-06
MIL,unaged,darko,pooled,-8.865503426793573,0.0002857779085831232,0.00032631586936281745,0.00015926680009892562,0.0002918610933479894,0.000548602362400004,20.31040162818452,14.135075,0.0
MIL,aged,consensus,team-rank,-5.6540298391677934,0.0010000000000000018,0.0010807092672896683,0.00039311998733595024,0.001116051132503128,0.001684605891023296,27.341122536682487,12.80517,8.874999999999999e-05
MIL,aged,consensus,pooled,-10.755881317301725,6.579981979842783e-05,7.9568824125785e-05,6.579981979842783e-05,6.579981979842783e-05,0.00011391621138261122,16.64436023606166,13.55627,0.0
MIL,aged,rapm,team-rank,-5.42585548791434,0.0009999999999999983,0.0010924737703546271,0.0004023422833748664,0.0011335773514200656,0.0016664329103295886,28.329399229999886,12.72440625,0.00023750000000000003
MIL,aged,rapm,pooled,-10.877133790486031,4.4710456294092595e-05,7.105811513949933e-05,4.4710456294092595e-05,4.508803934272186e-05,0.00013935600259001507,16.774384034542496,13.290439999999998,0.0
MIL,aged,box,team-rank,-4.369704425581876,0.002,0.002361081161751292,0.001503733924532625,0.002245821062500611,0.003353421122371786,31.66813120340424,11.26378125,0.0060175
MIL,aged,box,pooled,-6.864053126230836,0.0006732018980106524,0.0007825270167146005,0.0004113873410432255,0.0007112003543993748,0.0012694016314261651,25.998986709186095,11.933842499999999,4.625e-05
MIL,aged,darko,team-rank,-6.793096393538547,0.0010000000000000018,0.0011001424603462547,0.000443948489465364,0.0010941557906639946,0.00169009819607832,24.30601570642503,13.1514525,0.0001875
MIL,aged,darko,pooled,-10.022666560438928,0.0002797427060462209,0.0003155003619955098,0.0001514029448054425,0.0002837229601227459,0.0005331560996320387,17.76253386113382,13.969936249999998,0.0
MIN,unaged,consensus,team-rank,1.62754932227379,1.796680769943932,1.8448354281730472,1.6116749985552723,1.806242155962829,2.119628515325903,43.100343611999826,6.66905375,0.4844575
MIN,unaged,consensus,pooled,-1.3206918145440927,0.4168119735531444,0.4464233716336578,0.25477479865540276,0.43103187250511343,0.6617927258203988,38.04421464686987,6.6953575,0.4646725
MIN,unaged,rapm,team-rank,2.5850937043741076,2.4510199674218645,2.5050089769390333,2.127298674299016,2.4522970235213006,2.9283581592949,45.04376678650339,6.015445,0.64292875
MIN,unaged,rapm,pooled,-0.2629875523937546,0.7531469707440909,0.7808191583642945,0.49728700864254466,0.7642656887965956,1.0832745144970788,40.1468427870092,6.010696249999999,0.598825
MIN,unaged,box,team-rank,2.466293974186274,2.877588011106585,2.9757137629969255,2.7058770875765616,2.877096843931456,3.4099346003195694,45.53789202648706,6.47487875,0.47143875
MIN,unaged,box,pooled,1.0841126703021735,1.6041499484579007,1.6474529825166784,1.2163247122953282,1.6010917461941392,2.1641289876992094,43.038775084303595,6.3602275,0.5451024999999999
MIN,unaged,darko,team-rank,2.964116841410341,3.9047400240874044,4.1340780770851495,3.6189024846437667,4.030560690492516,4.777252404254618,47.508712151509904,4.94166375,0.81313
MIN,unaged,darko,pooled,0.9845793258364794,1.9056379238906143,2.026151723708365,1.5137202559112988,1.98810152159345,2.6009319778484277,43.9905663579158,4.977848749999999,0.82180625
MIN,aged,consensus,team-rank,0.18744156185861538,2.464737241277652,2.4254096171679285,1.9506434916688753,2.4017048349834855,2.878258081175164,39.55521549446855,6.177126250000001,0.5880175
MIN,aged,consensus,pooled,-2.4673434714567355,0.6487336787099461,0.6974394045654009,0.38594771327363364,0.6685539181954074,1.0456475155326657,35.03381057462576,6.22865875,0.56826875
MIN,aged,rapm,team-rank,1.1449859439589347,3.327703563802642,3.365554355439338,3.050439097510583,3.293333608809517,3.732307482284993,41.49863866897211,5.46489,0.7343375000000001
MIN,aged,rapm,pooled,-1.4096392093064014,1.1870437401988319,1.2141821889173898,0.8285711980288176,1.1917829749283002,1.6439205355694095,37.136438714765085,5.490480000000001,0.7045012500000001
MIN,aged,box,team-rank,1.0261862137711015,3.9982662647807365,3.9411113319463986,3.469943221535692,3.8731541801051677,4.478198544325468,41.992763908955766,5.83476,0.6102000000000001
MIN,aged,box,pooled,-0.06253898661047108,2.680439231382007,2.657105174814444,2.0381405544846496,2.6031375663617204,3.354544340185247,40.028371012059495,5.713035,0.6676675
MIN,aged,darko,team-rank,1.4682747028325285,5.195849909932907,5.428831105852692,4.7698503160137395,5.315967903260821,6.254513561707194,43.93779772480606,4.303615,0.8898987500000001
MIN,aged,darko,pooled,-0.22172182022928322,2.9066618905494495,3.0486657248225226,2.3437966064823565,2.994224598936859,3.8519934268778715,40.92414800785985,4.37385,0.8825274999999999
NOP,unaged,consensus,team-rank,-4.043771819669109,0.004000000000000001,0.003939854344422032,0.003713578961167946,0.0039432724708328495,0.0041548816772964845,30.863438670605188,11.246865000000001,0.00027874999999999997
NOP,unaged,consensus,pooled,-7.123381558175535,0.0008252847336290161,0.0008382728494465383,0.0007557652099033234,0.0008312661954890568,0.0009253300296039967,25.01370784704236,11.56217625,2.75e-05
NOP,unaged,rapm,team-rank,-4.219189917796404,0.004000000000000001,0.003967647066125634,0.0036771441894185644,0.003959848358194861,0.004253644624581058,30.841620145759954,11.354970000000002,8.375e-05
NOP,unaged,rapm,pooled,-6.96611294737653,0.001273438992985178,0.001285972203088614,0.0011591308576584265,0.0012824846028446195,0.0014098296020900432,25.39178482771864,11.505790000000001,4.125e-05
NOP,unaged,box,team-rank,-2.9713468190031627,0.004000000000000001,0.0039567667490395825,0.003827483698251892,0.003967273029229104,0.004068116994357427,33.684329432359384,11.03548375,7.375e-05
NOP,unaged,box,pooled,-4.742641958835565,0.0018064294292711473,0.0018098784437248646,0.0017352461816902672,0.0018120174370712958,0.0018770638056696642,30.379361121009893,11.2223825,2.75e-05
NOP,unaged,darko,team-rank,-3.665193676661365,0.010999999999999992,0.011157929847825753,0.010622079862794889,0.011135183303212167,0.011705476264564273,33.17036215387345,11.168387500000001,0.0003175
NOP,unaged,darko,pooled,-5.187368788025213,0.006314689570950568,0.006452145409373799,0.0061342368806806035,0.006447304833614222,0.006779230244138109,30.01494732573023,11.4991325,0.00025
NOP,aged,consensus,team-rank,-5.151435729095024,0.003000000000000002,0.0030291782347990925,0.00266056266136407,0.0030391346260807426,0.00336781620501809,29.385031866349916,10.313572499999998,0.00285375
NOP,aged,consensus,pooled,-8.140123309801417,0.0006070797733854432,0.0006684766496245536,0.0005274200450619923,0.0006588042412545572,0.0008111521226762574,23.454644909186644,10.73851375,0.001065
NOP,aged,rapm,team-rank,-5.326853827222319,0.0050000000000000044,0.0050511290336311245,0.004814390604063679,0.005049216560620269,0.005283540584673637,29.36321334150468,10.363507499999999,0.002575
NOP,aged,rapm,pooled,-7.982854699002413,0.0016466341815329637,0.0016883389423021852,0.0015820230516578554,0.001688007028331767,0.0017933003836456884,23.832721889862928,10.63282125,0.00047500000000000005
NOP,aged,box,team-rank,-4.079010728429076,0.043,0.04381084511004307,0.04075643286801729,0.04384813691995432,0.046728734609170396,32.205922628104105,10.0987075,0.0019275000000000002
NOP,aged,box,pooled,-5.759383710461446,0.02203070086020321,0.023018670431132943,0.02108765752064598,0.023064844610642364,0.02477719770237798,28.820298183154176,10.595540000000002,0.00036250000000000003
NOP,aged,darko,team-rank,-4.772857586087279,0.056000000000000036,0.05862758482996159,0.05496391869898128,0.05861915600517087,0.06226715987097143,31.69195534961818,9.974084999999999,0.01432375
NOP,aged,darko,pooled,-6.2041105396510945,0.03366082798125669,0.03537642338898728,0.03318869190923279,0.03535882820922915,0.03759421815267765,28.455884387874512,10.54762625,0.007312500000000001
NYK,unaged,consensus,team-rank,3.6356203406144982,3.1719999999999944,3.23119331614569,3.0543957170336893,3.2259525201968247,3.409160551264262,49.7552432232623,5.596901250000001,0.61891375
NYK,unaged,consensus,pooled,2.1991872004625574,1.7605033188194297,1.8382057638484226,1.7002658182841344,1.8333514597530636,1.9740097025820469,47.26807580091443,4.1718475,0.865765
NYK,unaged,rapm,team-rank,3.852312472446779,3.3060000000000005,3.3942574964830396,3.1302856829913246,3.3865332429189703,3.654807488673972,50.22395355538485,5.4621375,0.63839375
NYK,unaged,rapm,pooled,2.6450703375642526,2.1436759581783407,2.241490277440128,2.023195172393858,2.2414612088691612,2.4472184565312167,48.06273847239597,3.92109,0.880375
NYK,unaged,box,team-rank,4.369615185312716,5.91999999999999,5.945159297967853,5.8261383701218366,5.9478571457822085,6.0626841805584055,50.95921653424926,4.0255,0.8788687499999999
NYK,unaged,box,pooled,3.6451594223389234,4.4834973572656835,4.538589564535743,4.4308221396792895,4.537763360519866,4.644141626631566,49.68628165816978,3.47175375,0.9263875
NYK,unaged,darko,team-rank,3.02207988076136,3.687,3.7736580174027017,3.5076525164928376,3.762945450142512,4.036313654505363,48.340726581583944,5.41719125,0.71061875
NYK,unaged,darko,pooled,1.167353344665048,1.8925928234596183,1.994691850054286,1.787963306310282,1.9946649609084854,2.1813595691228524,44.98052792741497,5.479825000000001,0.69996375
NYK,aged,consensus,team-rank,0.4948422520865581,2.234999999999997,2.3165872797278393,2.047639519906838,2.311818513845246,2.579403896400433,42.677857534682175,6.66811,0.44053875
NYK,aged,consensus,pooled,-0.7759317089375166,1.3272560896338605,1.4425776334836073,1.2329357488398882,1.4387475013120563,1.646111565889552,40.60104120901006,5.0834025,0.721625
NYK,aged,rapm,team-rank,0.7115343839188384,2.2589999999999995,2.293362549992964,2.1756606783826493,2.290448144983541,2.408661066694623,43.14656786680473,6.58751375,0.45368499999999995
NYK,aged,rapm,pooled,-0.3300485718358228,1.5545146214349366,1.596881459704392,1.5052339101520316,1.5962917601077469,1.6864066677229121,41.3957038804916,4.81498125,0.75176125
NYK,aged,box,team-rank,1.228837096784774,4.400000000000001,4.431212400778958,4.211133827292884,4.436834035667952,4.634169913636259,43.88183084566913,4.9748675,0.76995125
NYK,aged,box,pooled,0.6700405129388485,3.6038715156156877,3.6965950622478854,3.520370977719214,3.693140786815089,3.8808143961302677,43.01924706626542,4.451165,0.8337025000000001
NYK,aged,darko,team-rank,-0.11869820776658191,2.2880000000000003,2.3455246338107036,2.1489677067591777,2.3392753870770018,2.5356797560714353,41.26363669861736,6.5074475000000005,0.5109625
NYK,aged,darko,pooled,-1.7238527777102775,1.3027804699149341,1.3782798627442931,1.2212897819142157,1.3768588692675658,1.5237843930899193,38.43120009064152,6.6432625,0.4880225
OKC,unaged,consensus,team-rank,7.3463837782132915,12.902000000000003,16.050537260600695,12.52136376459716,15.108437897477422,20.71796148045163,58.74898796968358,1.80004875,0.99142625
OKC,unaged,consensus,pooled,3.634420193544882,1.7694893627978863,2.6378780277349496,0.970300966338598,2.3618424193556926,4.726942817739083,51.744906924201786,2.1111375,0.988195
OKC,unaged,rapm,team-rank,7.225122186078927,11.903,14.57743274687386,10.842939011088362,13.99072198758218,19.124583390792417,58.24813070957801,1.9858600000000002,0.9894974999999999
OKC,unaged,rapm,pooled,3.5504672421954107,2.3597997553905725,3.1879582692393185,1.4474798578246526,2.9592838160695623,5.270174769155152,51.42359876908021,2.2804112500000002,0.9824787500000001
OKC,unaged,box,team-rank,7.61915263828958,16.554,20.370854254163884,16.773973947182796,18.98483385951033,25.532917671294044,59.455732648043615,1.33990375,0.99761625
OKC,unaged,box,pooled,5.910450039678935,8.479078699398297,9.52772382498701,5.673625983948099,9.20134666649386,13.814609500555626,55.68683159259326,1.502605,0.9961912500000001
OKC,unaged,darko,team-rank,7.540880878817286,17.53899999999999,21.59044737847305,17.231085582047704,20.342102678272624,27.63397823849408,59.69547916680912,1.2990974999999998,0.9987699999999999
OKC,unaged,darko,pooled,4.82150135096456,6.850892420039188,8.000711218053661,4.871479629169685,7.753970209103362,11.433648831785924,54.37290224750436,1.4863874999999998,0.99729875
OKC,aged,consensus,team-rank,5.655048910694219,15.362999999999987,18.779871007951986,13.730050049369982,18.26762393778941,24.707023468501447,55.070950613628526,1.66464125,0.99483625
OKC,aged,consensus,pooled,2.031651790874311,2.0954764519358275,3.753678617012025,1.378579734930331,3.333519539796286,6.773292821137783,48.2711237365469,1.9492212500000001,0.9911300000000001
OKC,aged,rapm,team-rank,5.533787318559856,14.067999999999989,16.602346516995684,11.981880152615418,16.161687658193934,21.40986618748791,54.57009335352296,1.85094,0.99404625
OKC,aged,rapm,pooled,1.9476988395248345,2.9727289899769134,3.7211249237226474,1.7077514569265593,3.4694682454183914,6.100603092651899,47.94981558142531,2.13251375,0.987735
OKC,aged,box,team-rank,5.927817770770508,19.273000000000003,22.995744722022717,18.471968640809422,22.022836999754254,28.7594805911708,55.777695291988564,1.215275,0.9989425000000001
OKC,aged,box,pooled,4.307681637008367,11.162254960926683,12.69066561279173,8.167172012016602,12.397169767217939,17.566815441394528,52.21304840493837,1.38060375,0.99735625
OKC,aged,darko,team-rank,5.8495460112982105,20.002999999999982,23.86853667302481,18.79461670866235,22.92879252630525,30.222651468197903,56.019824578112285,1.24640375,0.99947875
OKC,aged,darko,pooled,3.347890035639952,8.911356457745594,10.356719477871033,6.635719395622711,10.055163881833545,14.40772369636467,51.06650613386059,1.38893625,0.9984937500000001
ORL,unaged,consensus,team-rank,-0.08975116672319172,0.05000000000000001,0.048967427792364834,0.04605663857177696,0.04912710179682739,0.05138091132682256,39.43191188455208,10.23652,0.0030425000000000005
ORL,unaged,consensus,pooled,-2.1916860119461243,0.01952424280659566,0.019650363442493143,0.017872833918939453,0.019708390062813094,0.02112210721611614,35.96345909351601,9.62756125,0.017955000000000002
ORL,unaged,rapm,team-rank,0.12889490810533966,0.04699999999999,0.045949836426881746,0.042020191945247996,0.04617000141705792,0.049005600650587476,39.94550006747211,10.33211875,0.0041325
ORL,unaged,rapm,pooled,-1.8224671490831348,0.02181052053761424,0.021952685450586137,0.01951378941832693,0.022083459262792142,0.02388619403787228,36.706953087352204,9.57468,0.0285325
ORL,unaged,box,team-rank,0.7055551555270521,0.5079999999999899,0.501181663296614,0.4878477765252088,0.5008478937589473,0.5143723844281892,41.79923977445,9.102692500000002,0.04955375
ORL,unaged,box,pooled,0.2155234002891519,0.4186847137695506,0.41496550342271066,0.4041580045457854,0.4148892316368199,0.4257241065039334,41.002935441413555,8.512622499999999,0.11348375000000001
ORL,unaged,darko,team-rank,0.5932037889127678,0.5910000000000001,0.5840816593378192,0.5605504716344295,0.5850917839952182,0.6050704291308558,41.66801233431077,9.0577875,0.0758775
ORL,unaged,darko,pooled,-0.9760968521893666,0.33423051096155504,0.33665824200338024,0.32148364161102444,0.33684939269156583,0.3518307925711608,38.96024554487851,8.8177925,0.11627875000000001
ORL,aged,consensus,team-rank,-1.6762821900469889,0.21200000000000002,0.2035206084628538,0.17858193135178352,0.2053051740981997,0.22447940227242083,35.88480436808251,10.032695,0.019978749999999997
ORL,aged,consensus,pooled,-3.635820571914687,0.08617478637996927,0.0882730887863463,0.07249179593049185,0.08842454724628898,0.1026569280425932,32.859137985031516,9.332321250000001,0.06422375
ORL,aged,rapm,team-rank,-1.4576361152184578,0.219,0.21601713483061036,0.2052572878434223,0.2167319491049694,0.22479023232705306,36.398392551002544,10.101555000000001,0.026963750000000005
ORL,aged,rapm,pooled,-3.2666017090516988,0.11043606413892185,0.11094343570744218,0.10366811876600161,0.11142605650040954,0.11654256859356303,33.602631978867706,9.26160125,0.0806675
ORL,aged,box,team-rank,-0.8809758677967451,1.0929999999999902,1.0610452494517,1.006176617348132,1.0609618602667115,1.114094803727443,38.25213225798043,8.519748750000002,0.1501825
ORL,aged,box,pooled,-1.2286111596794118,0.9649879328989361,0.9520391171112637,0.9066421610229843,0.9502480663764878,0.9972831685788891,37.898614332929064,7.765381250000001,0.25142125
ORL,aged,darko,team-rank,-0.9933272344110297,1.08799999999999,1.0730459653094921,1.0185407507320587,1.0744276134610402,1.1230338638369624,38.12090481784121,8.50825125,0.19058625
ORL,aged,darko,pooled,-2.4202314121579294,0.6578304191838366,0.6663665510549527,0.6307618557678867,0.6665603546012991,0.7017009429551305,35.85592443639402,8.29867625,0.21211000000000002
PHI,unaged,consensus,team-rank,4.293013020074417,4.139999999999993,4.5805071275455225,3.75759295033834,4.124416730661919,5.881682379724462,48.42016851039372,6.13807625,0.5306525
PHI,unaged,consensus,pooled,1.7994034092034217,1.3238584387683165,1.3681227607508404,0.8535634336714116,1.2855084978702496,1.9609478820957964,43.27211554525961,6.119868749999999,0.5449612500000001
PHI,unaged,rapm,team-rank,4.150696876450935,3.7149999999999976,4.2432801440182155,3.3451384611366817,3.7221105194388286,5.646280678036189,48.89244685486888,6.099291249999999,0.5267475
PHI,unaged,rapm,pooled,1.8248533672537985,1.4871957742342499,1.5264254908965262,1.0644475240899207,1.4602126971720306,2.052997811335336,43.872850050830166,6.05192875,0.5569825
PHI,unaged,box,team-rank,0.9682103032340167,0.6549999999999994,0.7059244863605113,0.6165852796674616,0.6568984829969925,0.8586781923578187,42.168593976388166,8.8592825,0.08456125
PHI,unaged,box,pooled,-0.28873822134923643,0.3843091027930624,0.3953563393899535,0.28842562141470696,0.380504142839396,0.5222635474518664,39.52401805318735,9.027252500000001,0.06979499999999998
PHI,unaged,darko,team-rank,2.900952990399875,3.2799999999999994,3.6526271245805315,3.008551407888223,3.3255548185070842,4.650872128167631,46.45570976687818,6.384695,0.53330125
PHI,unaged,darko,pooled,1.2951954267255397,1.8518657275949455,1.891307283354924,1.4364711675515252,1.8254867986833951,2.4142692844749285,42.875564620398414,6.510735,0.521375
PHI,aged,consensus,team-rank,2.219346659585827,4.754999999999998,5.300172775742293,4.030347489622526,4.852571930778527,7.038923218027805,45.002637069345944,5.215873750000001,0.7007975
PHI,aged,consensus,pooled,-0.002076452692658482,1.6886650489296453,1.7861195675670611,1.084843586996523,1.6866100458621203,2.587750818648647,40.193104404312386,5.2124250000000005,0.697885
PHI,aged,rapm,team-rank,2.0770305159623454,4.200999999999999,5.000243705486389,4.005421385204138,4.266946443493308,6.663779797284761,45.4749154138211,5.1636875,0.6955837500000001
PHI,aged,rapm,pooled,0.023373505357718316,1.9364790942675458,2.031806115481814,1.4414443551028595,1.943046825676868,2.678945019175064,40.79383890988295,5.10777,0.70269
PHI,aged,box,team-rank,-1.105456057254574,0.7979999999999999,0.8822394693258496,0.7332782433936853,0.8346745386517525,1.087074352906833,38.75106253534039,8.245197500000002,0.20106
PHI,aged,box,pooled,-2.090218083245316,0.551551781482078,0.5776983186727991,0.432458326209318,0.5641976512445599,0.7367333136031068,36.44500691224012,8.5205575,0.15507375
PHI,aged,darko,team-rank,0.8272866299112849,3.7729999999999992,4.3170789296929835,3.501668066130164,3.9262445375473316,5.535778088295097,43.03817832583041,5.3740375,0.6895375
PHI,aged,darko,pooled,-0.5062844351705423,2.3906405329072866,2.493516331120185,1.9141707860084325,2.418318107923772,3.1505789235788257,39.79655347945119,5.67763875,0.6469137500000001
PHX,unaged,consensus,team-rank,0.3530034383632238,1.0790000000000002,1.1041909353742398,1.0320001202262006,1.0796576898175885,1.1399438950416074,41.668925168149336,7.341567499999999,0.2394925
PHX,unaged,consensus,pooled,-0.5996846372530877,0.7296413941051384,0.7556643155587683,0.6341569632710148,0.735822958585787,0.8913975089449973,39.86922719174429,5.99069,0.6550125
PHX,unaged,rapm,team-rank,0.2691654546395378,0.91399999999999,0.940440160583012,0.8635858591201699,0.9262201864698576,1.0104539203490663,41.748771035486946,7.40551125,0.21411375
PHX,unaged,rapm,pooled,-0.36594853085826395,0.7284465297783345,0.7593799478912567,0.6501730161406424,0.7428800212774969,0.8782746421662804,40.63679427699215,5.88338375,0.6516724999999999
PHX,unaged,box,team-rank,0.6086829087535347,1.1930000000000003,1.2211609653591522,1.144123721638278,1.1846526632169287,1.240017478637911,41.951965091224224,8.00392,0.10863
PHX,unaged,box,pooled,-0.2713183401442609,0.8318488005681487,0.8594571456320904,0.7147706792972891,0.8338503965303222,1.0420844443774528,40.370069791874,7.600848750000001,0.22231625
PHX,unaged,darko,team-rank,1.7583125410036706,2.547,2.647544173817502,2.472233469079641,2.582873899735781,2.7296412128868286,45.42950984547654,5.8476775,0.64477125
PHX,unaged,darko,pooled,0.5936022748157508,1.6972954728608607,1.7905485682475804,1.5164290155631712,1.7416934357841094,2.1353716479123848,43.24605795548653,5.314033749999999,0.80257125
PHX,aged,consensus,team-rank,-1.9208100829365933,0.836,0.8572106521269578,0.7663664518734932,0.8391188794910476,0.9441772976537588,36.66854551942756,7.605943750000001,0.2115
PHX,aged,consensus,pooled,-2.563773085084594,0.6507553152601658,0.6821549257991837,0.564404356104201,0.6670945324661568,0.8127995018431945,35.613629840371324,6.0424412499999995,0.6223187499999999
PHX,aged,rapm,team-rank,-2.0046480666602786,0.7349999999999998,0.7532280656652728,0.7113510361463999,0.740534687818289,0.7827345489706404,36.74839138676517,7.60335625,0.19898875000000002
PHX,aged,rapm,pooled,-2.33003697868977,0.6550171857890572,0.6817220906140679,0.5896819769482646,0.6661104909854645,0.7799865910483698,36.381196925619186,5.88961625,0.6250837499999999
PHX,aged,box,team-rank,-1.665130612546282,1.1260000000000003,1.1414481268208296,1.0332550376015655,1.113806996529458,1.2256566142900316,36.95158544250244,8.073068750000001,0.091675
PHX,aged,box,pooled,-2.2354067879757658,0.9128644257824263,0.9471893871398273,0.795473825032994,0.9239050895808291,1.1202819613992658,36.11447244050104,7.580979999999999,0.1954275
PHX,aged,darko,team-rank,-0.5155009802961463,2.442999999999998,2.541339775707741,2.3648826650915318,2.4857118681422876,2.648212581426932,40.42913019675478,5.784092500000001,0.6674975
PHX,aged,darko,pooled,-1.3704861730157545,1.831449140361668,1.9494488027732915,1.6675041066410783,1.8990221508987655,2.297840754952655,38.990460604113565,5.2311125,0.79866375
POR,unaged,consensus,team-rank,1.885311279770439,1.910000000000001,1.822602399972106,1.692080367307879,1.816304859857119,1.9543820974937491,41.85275697288718,7.02378625,0.39019500000000007
POR,unaged,consensus,pooled,-0.9739308733622813,0.4728729291741611,0.4621974026455589,0.4206229755980117,0.4526814775185801,0.5174006618441399,37.49475631640071,6.8092425,0.423225
POR,unaged,rapm,team-rank,2.4403669955785534,2.2829999999999986,2.152268168187905,1.9567600917762602,2.1447976391567845,2.3484834104234475,43.13413078436987,6.62554875,0.49283375
POR,unaged,rapm,pooled,-0.22671692693942824,0.767964188278293,0.7418756251266446,0.6651814902359852,0.7331555125811934,0.8268510524732247,39.08120047923426,6.352844999999999,0.52587625
POR,unaged,box,team-rank,2.472939574896629,2.8160000000000003,2.6893021101429184,2.5466132478696304,2.686663832110667,2.8251741320399497,43.4513221830909,7.17898125,0.31616125000000006
POR,unaged,box,pooled,0.6184989674115782,1.233852159134723,1.1853459256556362,1.120075176254121,1.1781035827201696,1.2587570120280782,40.54728332720658,7.35996875,0.28779125
POR,unaged,darko,team-rank,-1.2473762190959943,0.4469999999999999,0.44449655715882136,0.42344882046095134,0.4445686460788309,0.46508012087225964,37.76245994173686,8.8393625,0.026972500000000003
POR,unaged,darko,pooled,-2.5906679804331456,0.275938233946516,0.2807979805068236,0.2674352642886072,0.2804955267486908,0.29462797063619206,35.70911062101207,8.66346375,0.06261
POR,aged,consensus,team-rank,-0.17070188027015523,2.050999999999991,1.8845090645450513,1.5987888589894583,1.8729377373765272,2.1657937099267275,37.6444133057079,6.92706375,0.41740999999999995
POR,aged,consensus,pooled,-2.669561653349031,0.6018715167174027,0.5809313310086839,0.4869062781499027,0.558619081806315,0.7051763297995247,33.83412105902619,6.681532499999999,0.45355375
POR,aged,rapm,team-rank,0.3843538355379594,2.437999999999997,2.3635129275790185,2.2371513312186426,2.357488896478608,2.4854238980487042,38.925787117190595,6.44360375,0.54828
POR,aged,rapm,pooled,-1.9223477069261772,0.9853208805512425,0.9675327523959115,0.9106739465214897,0.9622645157991758,1.0301761239029297,35.420565221859746,6.14866375,0.56665625
POR,aged,box,team-rank,0.41692641485603416,3.0889999999999995,2.829630826201112,2.4940992186770687,2.810759765100947,3.17708068330118,39.242978515911624,6.94247625,0.33410749999999995
POR,aged,box,pooled,-1.0771318125751699,1.7429372574259385,1.6210816140354953,1.427254592968319,1.6045982907245888,1.8203430434723116,36.886648069832056,7.0766125,0.3117312499999999
POR,aged,darko,team-rank,-3.388723266561289,0.36999999999998995,0.37205886999247606,0.3512294309939501,0.37122112926311823,0.3937546820415847,33.44707994143541,8.93922,0.052337499999999995
POR,aged,darko,pooled,-4.3139838628832585,0.26875249468129153,0.2758607776088923,0.26133252145607094,0.2754054271191054,0.29159373721207643,32.06269343615032,8.65992625,0.0971475
SAC,unaged,consensus,team-rank,-7.575419176792199,0.0009999999999999983,0.0012325408287670065,0.0005655325819531165,0.001125437604177908,0.0021691887552072343,22.401547505739355,13.62166125,5e-06
SAC,unaged,consensus,pooled,-8.8763083286827,0.0005806431982795176,0.0006711594877065481,0.0003368344998098734,0.0006154526359373191,0.0010628673265752023,20.028408501888794,12.83910125,6.500000000000001e-05
SAC,unaged,rapm,team-rank,-6.693417847843129,0.001,0.0011789543867217027,0.0005603140475711955,0.0011181842264143898,0.00192923543470048,24.80966047036964,13.20136625,5e-06
SAC,unaged,rapm,pooled,-8.171298250141998,0.0005713714972219806,0.0006472686273640256,0.0003536546592693635,0.0006035416291895402,0.0009903535646754408,22.084584145439702,12.46828625,7.125000000000001e-05
SAC,unaged,box,team-rank,-7.764120925355861,0.001,0.0012446971340555177,0.0008612713354795768,0.0011354515004269473,0.0017919772405459984,23.307859777627478,13.80160125,0.0
SAC,unaged,box,pooled,-8.345585497771562,0.0007931816547937908,0.0009052315690730622,0.0005067501877606766,0.0008455276629323346,0.0013654246540399171,21.795639256453587,13.49171875,1.25e-06
SAC,unaged,darko,team-rank,-5.355872431276172,0.001,0.0012126139110481646,0.0007229291252285232,0.0011266600011202357,0.0018472849942749803,29.234612017694815,13.050715,0.00029125
SAC,unaged,darko,pooled,-5.7690980361897735,0.0008699444335601771,0.0010122284131726747,0.0006044152005593498,0.0009324463563015757,0.0015146935513496093,28.28382681453296,12.251042499999999,0.0020125
SAC,aged,consensus,team-rank,-9.93975071737304,0.001,0.001220723547510798,0.0005470259790560647,0.0010998548560666739,0.00215610788253716,17.75904119973161,13.78734375,1.25e-06
SAC,aged,consensus,pooled,-10.921258589340628,0.0006736232312692133,0.0007665493903454845,0.0003727068474369394,0.0007019090308973555,0.0012165526301196284,15.933287485297909,12.94782375,3e-05
SAC,aged,rapm,team-rank,-9.05774938842397,0.0009999999999999983,0.0012050725606477881,0.0006016697590248858,0.0011279390435320151,0.001998911645721581,20.167154164361886,13.33869,5e-06
SAC,aged,rapm,pooled,-10.216248510799923,0.0006523274463551051,0.0007516798568720838,0.0004274483860251375,0.0007021349111229315,0.0011317729471328137,17.989463128848822,12.502810000000002,6.250000000000001e-05
SAC,aged,box,team-rank,-10.128452465936704,0.001,0.0012309159763486059,0.0008673905913135793,0.0011046326735329377,0.0017623620573907213,18.665353471619724,14.0732375,0.0
SAC,aged,box,pooled,-10.39053575842949,0.0009105850614710948,0.0010265045914392013,0.000613892616092154,0.0009597340699282772,0.0015102130935174057,17.700518239862703,13.8132325,0.0
SAC,aged,darko,team-rank,-7.720203971857011,0.0010000000000000018,0.001223308223174368,0.0007483577714086708,0.0011278595240120416,0.0018338834901000037,24.592105711687058,13.44968125,0.0007224999999999999
SAC,aged,darko,pooled,-7.8140482968477,0.0009702311589304385,0.001134253218040687,0.0006925439782716964,0.0010513540585711536,0.00167280611635466,24.18870579794208,12.5591675,0.00279625
SAS,unaged,consensus,team-rank,8.038454357870181,15.797000000000008,15.400668586504128,14.095994022998115,15.406076446846342,16.585302682741542,56.82703001283719,1.9831112499999999,0.9778600000000002
SAS,unaged,consensus,pooled,5.103579197581027,4.154757075999534,4.3099909013632205,2.8843350254721294,4.129542235391401,6.024049798518735,51.168388545956624,1.9303525,0.9874087500000001
SAS,unaged,rapm,team-rank,8.660104431777706,17.947,17.35009051345614,15.532208038405178,17.38422343830088,19.04088398955483,58.10404219544084,1.775635,0.9829275
SAS,unaged,rapm,pooled,5.443911678716477,5.070981688690404,5.141788351881323,3.5956551110120167,4.952186177951931,6.899798942537226,51.90746799573678,1.83401875,0.9878575
SAS,unaged,box,team-rank,5.850747957389256,9.702000000000002,9.702118852256794,9.148838752815061,9.651746439706908,10.15590531096172,53.22984927725224,2.9965274999999996,0.96233375
SAS,unaged,box,pooled,4.698244247485433,6.191524934419919,6.294263131958698,4.933582727058986,6.1783513911020425,7.827632447368234,50.971140644170205,2.7515650000000003,0.97592375
SAS,unaged,darko,team-rank,6.202662856077596,11.773999999999996,12.146375043513196,11.107435479497898,11.891691734082059,13.052838402780461,54.80459681317383,2.1900287499999997,0.99009125
SAS,unaged,darko,pooled,4.290964391176778,6.16079589604759,6.423460771303555,5.133539416021408,6.294912607207147,7.893060229504954,50.82965317012042,2.123035,0.99241625
SAS,aged,consensus,team-rank,6.405297006144238,18.845999999999997,18.1373879505137,15.03058412715781,18.19549283645207,20.974586078099584,53.34361691612967,1.78362125,0.9817887500000001
SAS,aged,consensus,pooled,3.71884709686503,5.531651924046977,5.817736340654703,3.764377563988749,5.4706571114722,8.31184020034244,48.17785587879262,1.6741537499999999,0.9897112499999999
SAS,aged,rapm,team-rank,7.026947080051759,21.142999999999997,20.843836064125917,19.451135088222777,20.830079141991305,22.096457620091815,54.6206290987333,1.63896625,0.9867675
SAS,aged,rapm,pooled,4.059179578000473,6.967915188311205,7.136959554198057,5.254983802984861,6.900807348570135,9.322955627742214,48.916935328572784,1.6256750000000002,0.9909049999999999
SAS,aged,box,team-rank,4.217590605663312,11.910000000000002,11.87145085449548,10.413765458298018,11.843638334473383,13.255005569811466,49.74643618054471,2.49248,0.9726999999999999
SAS,aged,box,pooled,3.3135121467694346,8.788199495131375,8.840475083124595,7.071339544883496,8.71928288300958,10.77064955127479,47.98060797700621,2.29040875,0.9828612499999999
SAS,aged,darko,team-rank,4.56950550435165,14.154999999999978,14.689594100649286,13.159689303997796,14.353269280065662,16.292918143888368,51.321183716466315,1.97019,0.9946337500000001
SAS,aged,darko,pooled,2.906232290460781,8.33890995007449,8.69808871038015,7.022265395622392,8.534833568951228,10.578552441284408,47.83912050295643,1.85267875,0.99481125
TOR,unaged,consensus,team-rank,5.631193218159872,6.9550000000000125,7.171316655666866,6.195166841067459,6.919995060955048,8.492505103177214,51.90320633055813,4.35210125,0.7706824999999999
TOR,unaged,consensus,pooled,3.65021766113668,3.031312037612736,3.1347178616700875,2.0548226452014555,3.045188170908146,4.315017208741837,48.77346013898212,3.520575,0.8771612500000001
TOR,unaged,rapm,team-rank,5.437074120512348,6.172999999999991,6.72321155612645,5.464059818442368,6.410478299230281,8.357128677329412,51.915409635235854,4.5041400000000005,0.74004125
TOR,unaged,rapm,pooled,3.5753336136687555,3.0828704642726787,3.249563926911102,2.245151956803184,3.132990648418331,4.38114978082168,48.78328949535827,3.6918875000000004,0.85056625
TOR,unaged,box,team-rank,3.3052729505340794,3.8730000000000033,3.82160424921285,3.293983112232741,3.797109562472505,4.273386821534858,47.53734815626877,6.020887500000001,0.5684437499999999
TOR,unaged,box,pooled,2.355481172429801,2.6353892676672355,2.6971712415447917,1.9319095947293032,2.6115387214733845,3.5742862396281785,46.13495677225692,5.553811250000001,0.6547799999999999
TOR,unaged,darko,team-rank,4.408786765011499,6.180000000000003,7.097580390243421,5.696277671781111,6.651679508219505,9.119202672905143,50.468578631980996,4.24732375,0.829025
TOR,unaged,darko,pooled,2.8768651406367898,3.630851183468979,3.8218833255809814,2.8042661962030637,3.7059142798692344,4.971794614416478,47.64180418319944,4.0004775,0.86224625
TOR,aged,consensus,team-rank,3.322115094883248,7.193000000000009,7.46427549843175,5.952183069306139,7.280863550259175,9.100738003977401,47.47517336599311,3.9290912500000004,0.8399762500000001
TOR,aged,consensus,pooled,1.6169749269562321,3.4984700752893776,3.729182618852233,2.3398199870359915,3.588299644541884,5.238113860521069,44.65054212404365,3.11475,0.9151825000000001
TOR,aged,rapm,team-rank,3.127995997235722,6.273,6.99312253597724,5.930095789816726,6.546171293544921,8.803655924909352,47.48737667067084,4.114672499999999,0.8055924999999999
TOR,aged,rapm,pooled,1.5420908794883068,3.570729378717494,3.727570157965206,2.6856424565294787,3.6097699677725883,4.927928916673583,44.66037148041981,3.28931,0.8878737500000001
TOR,aged,box,team-rank,0.9961948272574549,3.9739999999999998,4.012665039880426,3.5001706163123907,3.940140299046355,4.564245258772177,43.10931519170374,5.44633625,0.67417625
TOR,aged,box,pooled,0.32223843824935394,3.1230447336799623,3.2343419412168677,2.4416337737648965,3.147264777260798,4.154950966812983,42.01203875731846,5.0810725,0.7214437499999999
TOR,aged,darko,team-rank,2.0997086417348743,6.475000000000003,7.510279493622997,6.03285632133072,7.070627153981774,9.603269769642017,46.03978598293387,3.6692825,0.87333625
TOR,aged,darko,pooled,0.7973182562431269,4.193486843945849,4.46055104330416,3.3052875799193124,4.33304015281075,5.748774513060772,43.458669005787335,3.58897,0.88199
UTA,unaged,consensus,team-rank,-10.930408872076391,0.0009999999999999983,0.0011082263073490207,0.0008558782865629524,0.0009773308668148198,0.0015241836343492428,13.120020242672275,14.934100000000003,0.0
UTA,unaged,consensus,pooled,-15.655925487396798,4.044499728690848e-05,5.4922368275131365e-05,1.7932936024301552e-05,4.04958300628818e-05,0.00011031203871158348,4.393818301566325,14.979325000000001,0.0
UTA,unaged,rapm,team-rank,-10.952518243109424,0.001,0.0011073631184846118,0.0008819436917781599,0.0010119216634946245,0.0014588253833400615,12.551286450120521,14.958056250000002,0.0
UTA,unaged,rapm,pooled,-16.157781743625208,4.550372858712768e-05,5.722936010292147e-05,2.1908864298399588e-05,4.427829603359209e-05,0.00010777283654718409,2.8579277566634538,14.98484,0.0
UTA,unaged,box,team-rank,-9.912640652861624,0.001,0.001089590811109879,0.0007872622328718803,0.0009770351565393006,0.001589768981629482,17.6971020026855,14.823242500000001,0.0
UTA,unaged,box,pooled,-11.453654854860952,0.0005083905309801112,0.0005403788238630392,0.00036651680363409417,0.0004998882464034929,0.0007813335603721528,14.822803587398178,14.8824725,0.0
UTA,unaged,darko,team-rank,-6.053389033658799,0.001,0.0011029778210046143,0.0008632146985869414,0.0009752991474732177,0.001529795710817228,25.97625149798981,14.169762500000001,1.1249999999999999e-05
UTA,unaged,darko,pooled,-8.697445347339485,0.0003583600168626657,0.00037896447480255515,0.0002590607078849323,0.00035465230930708516,0.0005360669100146865,21.255583757526257,14.67854125,0.0
UTA,aged,consensus,team-rank,-12.275711519002245,0.001,0.001059295929357205,0.000767702295357827,0.0009533938106972763,0.0014841777527284383,10.845755005184957,14.88364875,0.0
UTA,aged,consensus,pooled,-16.329089822108013,7.772668339918987e-05,0.00010614062268143732,6.579981979842783e-05,8.197549452097091e-05,0.00018050102751279061,3.237760153381532,14.9654025,0.0
UTA,aged,rapm,team-rank,-12.297820890035275,0.0009999999999999983,0.0011364778609410688,0.0009417155616270035,0.0010273977374939988,0.0014900901212056355,10.277021212633205,14.93398125,0.0
UTA,aged,rapm,pooled,-16.830946078336424,8.425180048443299e-05,0.00010283991113976857,4.84177516734074e-05,8.52859103617702e-05,0.00017906517907580232,1.7018696084786604,14.97698375,0.0
UTA,aged,box,team-rank,-11.257943299787478,0.001,0.0010751377886900953,0.0007745300607040718,0.0009743842976601959,0.0015424440699063962,15.422836765198182,14.664815,0.0
UTA,aged,box,pooled,-12.12681918957217,0.000722756174466324,0.000756125217142194,0.0005552568295090417,0.0007128308358288595,0.0010321200183280419,13.666745439213384,14.702561249999999,0.0
UTA,aged,darko,team-rank,-7.230335023624033,0.0010000000000000018,0.0010981651928360263,0.0008676709568475689,0.000980753930575405,0.001508518880042182,24.101898026271353,13.6004625,0.00022499999999999997
UTA,aged,darko,pooled,-9.24897436615372,0.0004797463526363231,0.0005104121306484633,0.0003687232148546733,0.0004810328782914328,0.0007007818362334767,20.408961159594835,14.14460625,2.375e-05
WAS,unaged,consensus,team-rank,-10.47881884599262,0.001,0.001053210785964502,0.000759537487044286,0.0009316006550980341,0.0015184224285858963,12.491598728112699,14.990487499999999,0.0
WAS,unaged,consensus,pooled,-11.587425022202801,0.0006291043713196694,0.0006346268155312688,0.00035012113644338356,0.0005855396467609971,0.0010007741500633824,10.39538906618998,14.8717425,0.0
WAS,unaged,rapm,team-rank,-11.867366184884297,0.001,0.001016235796031231,0.0007064409497162278,0.0009084771562992123,0.0014687270686491003,9.405413640290256,14.9979425,0.0
WAS,unaged,rapm,pooled,-12.919826892123961,0.000681021845757723,0.0006608004754201925,0.00038947698422620963,0.0006155982620229773,0.0010060001360353823,7.619346750435666,14.933262500000001,0.0
WAS,unaged,box,team-rank,-8.646998094623607,0.001,0.0011349001038489877,0.0008431362013200143,0.0010574117761183587,0.0015100940175546806,18.59325754354048,14.89437875,0.0
WAS,unaged,box,pooled,-9.172132735837872,0.000811819873400066,0.0008298641977017267,0.0005394088746475365,0.0007738239835581952,0.0012120086363855947,17.28502187543296,14.69927,0.0
WAS,unaged,darko,team-rank,-6.936713849833028,0.001,0.0010759942627629458,0.0008010974822192471,0.0009589103298395789,0.0015063662402513636,22.660000530593795,14.40101375,0.0
WAS,unaged,darko,pooled,-8.236481763353096,0.0006270561903502418,0.0006405004308169658,0.0004021252818609246,0.0005939013718301155,0.0009428551209722786,19.895347047713496,14.04567,0.0
WAS,aged,consensus,team-rank,-10.682626949510736,0.001,0.0009983685962939516,0.0006848171057797918,0.0008856454054758908,0.001460466479061697,13.084798778865148,14.881712499999999,0.0
WAS,aged,consensus,pooled,-11.839281710740611,0.0006209767784115158,0.0005843848777825448,0.00030231314237678356,0.0005336473195954033,0.000938247447725904,10.7979763144829,14.513692500000001,0.0
WAS,aged,rapm,team-rank,-12.07117428840241,0.0009999999999999983,0.0010572482062642683,0.0007707452820673984,0.0009600090165969513,0.0014870307025318654,9.998613691042703,14.950833750000001,0.0
WAS,aged,rapm,pooled,-13.171683580661773,0.0006674000000836816,0.0006795356626208979,0.00040597827662436906,0.0006396832965677442,0.0010179362382365634,8.021933998728592,14.643495000000001,0.0
WAS,aged,box,team-rank,-8.850806198141719,0.001,0.001075348466595321,0.0008144909004937959,0.0010125800723240841,0.0014222658907080646,19.18645759429292,14.4284975,0.0
WAS,aged,box,pooled,-9.423989424375684,0.0008081298543137508,0.0007927834634834974,0.0005256146764661064,0.000739346609655579,0.0011330130724469803,17.68760912372589,14.1856225,0.0
WAS,aged,darko,team-rank,-7.719310343169753,0.0010000000000000018,0.0010664842575031832,0.0008072377196740722,0.0009594756579908247,0.0014682144079349283,21.7497838952296,13.81503375,0.0
WAS,aged,darko,pooled,-8.978379060479917,0.0006427574124648645,0.0006574183662080312,0.00041610984017461576,0.000614831050151952,0.0009564410304003783,19.02538078251064,13.50909375,0.0
