basis,view,games,s,title_pred,title_direct,drop_pred,drop_direct,gap,drop_gap
unaged,consensus,50,0.12562265030353836,1.7327685517412206,1.6746666666666667,0.063912218202712,0.0613333333333333,0.05810188507455383,0.0025788848693787045
unaged,consensus,60,0.12562265030353836,1.7430647275970952,1.6953333333333334,0.053616042346837436,0.0406666666666666,0.04773139426376183,0.012949375680170835
unaged,consensus,70,0.12562265030353836,1.7675423638268155,1.6913333333333331,0.02913840611711723,0.0446666666666668,0.07620903049348238,0.015528260549549568
unaged,rapm,50,0.16887839966758902,2.335619284720007,2.3386666666666667,0.11540068270185577,0.1073333333333332,0.0030473819466596552,0.008067349368522575
unaged,rapm,60,0.16887839966758902,2.3555231998909796,2.344,0.09549676753088292,0.102,0.011523199890979718,0.006503232469117076
unaged,rapm,70,0.16887839966758902,2.3985840843212682,2.392,0.05243588310059426,0.0539999999999998,0.006584084321268335,0.0015641168994055404
unaged,box,50,0.11665569830409761,2.829286315392253,2.783333333333333,0.04830169571433184,0.058,0.045952982058919734,0.00969830428566816
unaged,box,60,0.11665569830409761,2.8409569298495185,2.809333333333333,0.03663108125706605,0.032,0.031623596516185515,0.004631081257066051
unaged,box,70,0.11665569830409761,2.85718745474465,2.8260000000000005,0.0204005563619349,0.0153333333333328,0.031187454744649568,0.005067223028602099
unaged,darko,50,0.1552788018033525,3.7628552080039146,3.811333333333333,0.14188481608348952,0.1540000000000006,0.0484781253294182,0.01211518391651109
unaged,darko,60,0.1552788018033525,3.7922077835233727,3.856,0.11253224056403141,0.1093333333333342,0.06379221647662714,0.003198907230697212
unaged,darko,70,0.1552788018033525,3.8431570807349225,3.9126666666666665,0.06158294335248138,0.0526666666666675,0.06950958593174406,0.008916276685813879
aged,consensus,50,0.24761992418085296,2.305893933816318,2.281333333333333,0.15884330746133535,0.1693333333333331,0.024560600482984807,0.010490025871997766
aged,consensus,60,0.24761992418085296,2.33483309664082,2.324,0.12990414463683278,0.1266666666666666,0.010833096640820106,0.003237477970166186
aged,consensus,70,0.24761992418085296,2.393484693375821,2.3866666666666663,0.07125254790183168,0.0640000000000001,0.0068180267091548785,0.00725254790183158
aged,rapm,50,0.1015523884267476,3.23703324829406,3.2106666666666666,0.09067031550858132,0.1080000000000004,0.02636658162739325,0.017329684491419084
aged,rapm,60,0.1015523884267476,3.252355362316753,3.238,0.07534820148588776,0.080666666666667,0.014355362316753162,0.005318465180779233
aged,rapm,70,0.1015523884267476,3.287055414130443,3.300666666666667,0.040648149672198194,0.0179999999999999,0.013611252536223972,0.022648149672198293
aged,box,50,0.26789921341776607,3.8683316372564955,3.8893333333333335,0.12993462752423982,0.1119999999999996,0.021001696076837995,0.017934627524240215
aged,box,60,0.26789921341776607,3.900493160903872,3.8979999999999992,0.09777310387686342,0.1033333333333337,0.0024931609038727487,0.005560229456470278
aged,box,70,0.26789921341776607,3.943973996181839,3.9346666666666663,0.05429226859889621,0.0666666666666662,0.009307329515172658,0.012374398067769986
aged,darko,50,0.18630390546498832,4.9841960027886145,5.000666666666667,0.21165390714429383,0.1913333333333336,0.016470663878052072,0.020320573810960224
aged,darko,60,0.18630390546498832,5.027683114757586,5.029333333333334,0.16816679517532251,0.1626666666666665,0.0016502185757474308,0.005500128508656027
aged,darko,70,0.18630390546498832,5.104337278919191,5.074666666666666,0.09151263101371752,0.1173333333333338,0.029670612252524542,0.02582070231961628
