team_abbr,n_standard,n_two_way,n_dead,n_pending,ours_active,ours_dead,ours_unlikely,header_standard,blk_active,blk_dead,blk_apron,implied_from_ap1,implied_from_ap2,sp_unlikely,d_active,d_dead,d_unlikely,parse_faithful,gate_a,b1,b2,b3,unlikely_complete,apron,apron_vs_spotrac,tier,tier_if_column_only
ATL,17,0.0,0.0,0.0,196261991.0,0.0,1196262.0,17,196261991.0,0.0,197458253.0,197458253.0,197458253.0,1196262.0,0.0,0.0,0.0,True,True,True,True,True,True,197458253.0,0.0,under_tax,under_tax
BKN,15,0.0,0.0,0.0,160056358.0,0.0,0.0,15,160056358.0,0.0,160056358.0,160056358.0,160056358.0,0.0,0.0,0.0,0.0,True,True,True,True,True,True,160056358.0,0.0,under_tax,under_tax
BOS,14,0.0,0.0,0.0,198722406.0,0.0,0.0,14,198722406.0,0.0,198722406.0,198722406.0,198722406.0,0.0,0.0,0.0,0.0,True,True,True,True,True,True,198722406.0,0.0,under_tax,under_tax
CHA,17,0.0,0.0,0.0,179704708.0,0.0,500000.0,17,179704708.0,0.0,180204708.0,180204708.0,180204708.0,500000.0,0.0,0.0,0.0,True,True,True,True,True,True,180204708.0,0.0,under_tax,under_tax
CHI,14,0.0,1.0,0.0,161925408.0,1075459.0,2315117.0,14,161925408.0,1075459.0,165315984.0,165315984.0,165315984.0,2315117.0,0.0,0.0,0.0,True,True,True,True,True,True,165315984.0,0.0,under_tax,under_tax
CLE,13,0.0,2.0,1.0,176078227.0,2244109.0,0.0,13,176078227.0,2244109.0,178322336.0,178322336.0,178322336.0,0.0,0.0,0.0,0.0,True,True,True,True,True,True,178322336.0,0.0,under_tax,under_tax
DAL,15,0.0,3.0,0.0,177194562.0,10871533.0,1344585.0,15,177194562.0,10871533.0,189674985.0,189674985.0,189674985.0,1608890.0,0.0,0.0,-264305.0,True,True,True,True,True,False,189674985.0,0.0,under_tax,under_tax
DEN,13,0.0,1.0,2.0,215011091.0,666667.0,5617500.0,13,215011091.0,666667.0,222386916.0,222386916.0,222386916.0,6709158.0,0.0,0.0,-1091658.0,True,True,True,True,True,False,222386916.0,0.0,second_apron,first_apron
DET,15,0.0,0.0,0.0,154337535.0,0.0,0.0,15,154337535.0,0.0,154337535.0,154337535.0,154337535.0,0.0,0.0,0.0,0.0,True,True,True,True,True,True,154337535.0,0.0,under_tax,under_tax
GSW,15,0.0,0.0,0.0,220838432.0,0.0,500000.0,15,220838432.0,0.0,221338432.0,221338432.0,221338432.0,500000.0,0.0,0.0,0.0,True,True,True,True,True,True,221338432.0,0.0,first_apron,first_apron
HOU,14,0.0,0.0,0.0,200413923.0,0.0,0.0,14,200413923.0,0.0,200413923.0,200413923.0,200413923.0,0.0,0.0,0.0,0.0,True,True,True,True,True,True,200413923.0,0.0,under_tax,under_tax
IND,14,0.0,0.0,0.0,206299934.0,0.0,480000.0,14,206299934.0,0.0,206779934.0,206779934.0,206779934.0,480000.0,0.0,0.0,0.0,True,True,True,True,True,True,206779934.0,0.0,taxpayer,taxpayer
LAC,16,0.0,0.0,2.0,188531313.0,0.0,0.0,16,188531313.0,0.0,188531313.0,188531313.0,188531313.0,0.0,0.0,0.0,0.0,True,True,True,True,True,True,188531313.0,0.0,under_tax,under_tax
LAL,16,0.0,0.0,0.0,200897322.0,0.0,0.0,16,200897322.0,0.0,200897322.0,200897322.0,200897322.0,0.0,0.0,0.0,0.0,True,True,True,True,True,True,200897322.0,0.0,taxpayer,taxpayer
MEM,19,0.0,3.0,0.0,137763803.0,21909021.0,2350000.0,19,137763803.0,21909021.0,162022824.0,162022824.0,162022824.0,2350000.0,0.0,0.0,0.0,True,True,True,True,True,True,162022824.0,0.0,under_tax,under_tax
MIA,14,0.0,0.0,0.0,206622878.0,0.0,0.0,14,206622878.0,0.0,206622878.0,206622878.0,206622878.0,0.0,0.0,0.0,0.0,True,True,True,True,True,True,206622878.0,0.0,taxpayer,taxpayer
MIL,17,0.0,2.0,0.0,168320596.0,21977720.0,4775000.0,17,168320596.0,21977720.0,195073316.0,195073316.0,195073316.0,4775000.0,0.0,0.0,0.0,True,True,True,True,True,True,195073316.0,0.0,under_tax,under_tax
MIN,13,0.0,1.0,1.0,207208416.0,2055000.0,1750000.0,13,207208416.0,2055000.0,211013416.0,211013416.0,211013416.0,1750000.0,0.0,0.0,0.0,True,True,True,True,True,True,211013416.0,0.0,first_apron,first_apron
NOP,15,0.0,0.0,1.0,194656741.0,0.0,6418801.0,15,194656741.0,0.0,201075542.0,201075542.0,201075542.0,6418801.0,0.0,0.0,0.0,True,True,True,True,True,True,201075542.0,0.0,taxpayer,taxpayer
NYK,13,0.0,0.0,0.0,218412232.0,0.0,0.0,13,218412232.0,0.0,218412232.0,218412232.0,218412232.0,0.0,0.0,0.0,0.0,True,True,True,True,True,True,218412232.0,0.0,first_apron,first_apron
OKC,14,0.0,0.0,0.0,214279492.0,0.0,500000.0,14,214279492.0,0.0,214779492.0,214779492.0,214779492.0,500000.0,0.0,0.0,0.0,True,True,True,True,True,True,214779492.0,0.0,first_apron,first_apron
ORL,14,0.0,1.0,0.0,209865321.0,8000000.0,1324430.0,14,209865321.0,8000000.0,219189751.0,219189751.0,219189751.0,1324430.0,0.0,0.0,0.0,True,True,True,True,True,True,219189751.0,0.0,first_apron,first_apron
PHI,14,0.0,0.0,0.0,207186472.0,0.0,0.0,14,207186472.0,0.0,207186472.0,207186472.0,207186472.0,0.0,0.0,0.0,0.0,True,True,True,True,True,True,207186472.0,0.0,taxpayer,taxpayer
PHX,15,0.0,3.0,0.0,193028455.0,23197051.0,0.0,15,193028455.0,23197051.0,216225506.0,216225506.0,216225506.0,0.0,0.0,0.0,0.0,True,True,True,True,True,True,216225506.0,0.0,first_apron,first_apron
POR,14,0.0,1.0,0.0,191824641.0,268032.0,0.0,14,191824641.0,268032.0,192092673.0,192092673.0,192092673.0,0.0,0.0,0.0,0.0,True,True,True,True,True,True,192092673.0,0.0,under_tax,under_tax
SAC,13,0.0,1.0,0.0,191497404.0,3333333.0,3850000.0,13,191497404.0,3333333.0,198680737.0,198680737.0,198680737.0,3850000.0,0.0,0.0,0.0,True,True,True,True,True,True,198680737.0,0.0,under_tax,under_tax
SAS,14,0.0,0.0,0.0,198279967.0,0.0,2700000.0,14,198279967.0,0.0,200979967.0,200979967.0,200979967.0,2700000.0,0.0,0.0,0.0,True,True,True,True,True,True,200979967.0,0.0,taxpayer,taxpayer
TOR,14,0.0,0.0,1.0,196662636.0,0.0,6598209.0,14,196662636.0,0.0,203525150.0,203525150.0,203525150.0,6862514.0,0.0,0.0,-264305.0,True,True,True,True,True,False,203525150.0,0.0,taxpayer,taxpayer
UTA,14,0.0,0.0,0.0,180515680.0,0.0,0.0,14,180515680.0,0.0,180515680.0,180515680.0,180515680.0,0.0,0.0,0.0,0.0,True,True,True,True,True,True,180515680.0,0.0,under_tax,under_tax
WAS,14,0.0,0.0,0.0,192013104.0,0.0,0.0,14,192013104.0,0.0,197471414.0,197471414.0,197471414.0,5458310.0,0.0,0.0,-5458310.0,True,True,True,True,True,False,197471414.0,0.0,under_tax,under_tax
