player,position,order_rank,rank_score,pct_mpg,pct_net,prior_mpg,moved,consensus,rapm,box,darko,mpg_team_rank,mpg_pooled
Rudy Gobert,Center,1,0.9189189189189187,0.8761261261261262,0.9617117117117115,31.31736842105263,False,4.88,5.01,0.7799999999999999,2.0,34.317368421052635,34.317368421052635
Anthony Edwards,Guard,2,0.8963963963963963,0.981981981981982,0.8108108108108109,35.02704918032787,False,2.6599999999999997,2.1300000000000003,1.58,4.0,34.76515664744178,30.305078949125868
LaMelo Ball,Guard,3,0.8254504504504505,0.740990990990991,0.90990990990991,28.02055555555556,True,3.7799999999999994,3.8599999999999994,1.98,3.0,30.6219040499578,26.69337087180408
Jaden McDaniels,Forward,4,0.7342342342342343,0.8896396396396397,0.5788288288288288,31.73123287671233,False,0.98,0.99,-0.32,0.0,30.408325571614125,26.507192718957594
Jonathan Kuminga,Forward,5,0.6199324324324325,0.5518018018018018,0.6880630630630631,23.06972222222222,True,1.6500000000000001,1.8199999999999998,0.21000000000000002,-1.0,25.231904733361336,21.9948632113414
Ayo Dosunmu,Guard,6,0.4864864864864865,0.713963963963964,0.259009009009009,27.262028985507246,False,-0.78,-1.59,0.51,-1.0,25.44576050547902,22.18128308349893
Joan Beringer,Center,7,0.4504504504504504,0.0585585585585585,0.8423423423423423,7.85375,False,2.84,3.5500000000000003,3.56,1.0,10.85375,10.85375
Nah'Shon Hyland,Guard,8,0.4149774774774775,0.2905405405405405,0.5394144144144144,16.57605633802817,False,0.78,0.13,1.07,,17.46468006965625,15.224108255847723
Jaylen Clark,Guard,9,0.3333333333333333,0.1756756756756756,0.4909909909909909,13.055,False,0.45999999999999996,0.9299999999999999,0.06,0.0,14.80830027300766,12.908519683281282
Cody Williams,Forward,10,0.304054054054054,0.5968468468468469,0.0112612612612612,24.33686567164179,True,-4.390000000000001,-4.42,-2.1799999999999997,-3.0,16.082849728429405,14.019555145103762
Trey Lyles,Forward,11,0.2286036036036036,0.027027027027027,0.4301801801801801,6.0,False,0.23999999999999994,0.25,-0.020000000000000018,,0.0,7.697462431226845
Isaiah Evans,Guard,12,0.1768018018018018,0.1058558558558558,0.2477477477477477,10.63270790972228,False,-0.8164990488701765,-0.8164990488701765,-0.8164990488701765,-0.8164990488701765,0.0,8.74338911763369
Terrence Shannon Jr.,Guard-Forward,13,0.1103603603603603,0.1599099099099099,0.0608108108108108,12.504883720930234,False,-2.4,-2.44,-0.89,-2.0,0.0,8.554058111126196
